"Model_Name","Theta_ATLAS","Theta_WLE","SE","Num_Items","Time_Taken_Sec"
"cloudyu/google-gemma-7b-it-dpo-v1",-0.75089630626644,-0.765110088911924,0.0762610742388633,30,0.312586545944214
"Mihaiii/Metis-0.4",0.22552911518131,0.226874884471076,0.0880485195731439,30,0.309475898742676
"juhwanlee/gemma-7B-alpaca-case-1-3",-1.55548461913034,-1.21416009060488,0.0995075287152486,123,5.61002039909363
"MaziyarPanahi/UNA-34Beagles-32K-bf16-v1-GPTQ",-1.56160126416164,-1.1403482806273,0.0994942157973536,133,3.72914505004883
"YouKnwMe/Mistral-7b-instruct-v0.2-private-edw2",0.650598582871666,0.695701609209693,0.0847779499556564,30,0.6566002368927
"RatanRohith/NeuralMathChat-7B-V0.2",0.449792696683606,0.437537958790099,0.0834131677782449,30,1.80338549613953
"222gate/Blurdus-7b-v0.1",1.36607697525475,1.49397350675302,0.0879001237161648,30,1.695880651474
"teilomillet/MiniMerlin-3B",-0.751180058982441,-0.85291906294325,0.0769660179312944,30,0.662454128265381
"mlabonne/Gemmalpaca-2B",-0.989808105677159,-0.978145048579371,0.0703272892886704,30,0.463865280151367
"wang7776/Llama-2-7b-chat-hf-30-attention-sparsity",-0.488796768657587,-0.594481944784709,0.0814428548550035,30,0.313809394836426
"JCX-kcuf/Llama-2-7b-chat-hf-gpt-3.5-80k-base_lora",-0.357194152951894,-0.488032782976294,0.085049211177952,30,0.528846263885498
"johnsnowlabs/PhigRange-2.7B-slerp",-1.52175860344392,-1.11637063593789,0.0999376277079087,94,2.88826060295105
"macadeliccc/laser-dolphin-mixtral-2x7b-dpo",0.388246662024616,0.403186613865759,0.0847899859816528,30,0.959076166152954
"MaziyarPanahi/TheTop-5x7B-Instruct-S5-v0.1",1.25611282356975,1.279931164209,0.0800095123900804,30,0.986650466918945
"yeontaek/llama-2-13B-ensemble-v1",-0.239752988428296,-0.201734971311902,0.0858737360629861,30,0.650621652603149
"jeiku/Eros_Prodigadigm_7B",0.793826636330276,0.833055738125145,0.0835731154923509,30,1.68959069252014
"occultml/CatMarcoro14-7B-slerp",0.661053043274026,0.694056105682359,0.0857258576168191,30,1.01969766616821
"pharaouk/fusedyi",-0.572218879063507,-0.529437731152905,0.0829025207754149,30,1.20425295829773
"berkeley-nest/Starling-LM-7B-alpha",-0.48364707977706,-0.500071190623825,0.0806555383361188,30,1.89521980285645
"Kukedlc/NeuralLLaMa-3-8b-ORPO-v0.3",0.108732131009768,0.245769392608659,0.083695233832633,30,2.0110490322113
"ammarali32/multi_verse_model",2.7643598751311,2.84095154994372,0.137614555197492,500,14.2534992694855
"KnutJaegersberg/Deacon-20B",0.000280807552155276,0.0515184893121842,0.0832884491734469,30,0.948597431182861
"perlthoughts/openchat-3.5-1210-32k",-0.540069096898531,-0.466877036481897,0.0790902916887199,30,0.483588933944702
"vicgalle/Configurable-Hermes-2-Pro-Llama-3-8B",0.267606653000742,0.301243032614169,0.0861355991467551,30,0.638681173324585
"uukuguy/speechless-code-mistral-7b-v2.0",-0.296067931345589,-0.401867066744843,0.0856605918257887,30,0.520220994949341
"jeiku/Elly_7B",-0.0117602248369988,0.00714248391874611,0.0830996063456885,30,1.87505006790161
"Charlie911/MultiLoRA-llama2-mmlu",-0.993846333390454,-1.09336179916044,0.0704689561564672,30,1.93125033378601
"allknowingroger/Llama3merge5",-0.50069372758354,-0.542566411351527,0.0810972968431321,30,1.61050295829773
"hyunjae/polyglot-ko-3.8b-total",-1.2815655558276,-1.21108817072707,0.0989987422742983,30,0.633468627929688
"mobiuslabsgmbh/aanaphi2-v0.1",-0.31103780427962,-0.356730894521723,0.0858406670250288,30,0.486971139907837
"stabilityai/stablelm-zephyr-3b",-0.490044044436815,-0.543547872410324,0.0804075947596572,30,0.628045558929443
"Josephgflowers/tinyllama-730M-test",-1.2178199986308,-1.14829560874052,0.0902091589379666,30,1.60676717758179
"msy127/mnsim-dpo-peftmerged-2-eos",-0.707196918449011,-0.624332649303294,0.0766215721378626,30,1.70680212974548
"SLAM-group/NewHope",-0.287135792668227,-0.325655956597168,0.085178143683399,30,0.984223127365112
"cloudyu/Mixtral_7Bx4_MOE_24B",0.484785649890103,0.412671489473144,0.0834209965329436,30,0.650073766708374
"allknowingroger/FrankenLimmy-10B-passthrough",1.70178647721597,1.57238127067332,0.099594415197459,47,2.18137502670288
"ChaoticNeutrals/This_is_fine_7B",0.930090051144535,0.902873334451767,0.0783591488608252,30,1.99465799331665
"gmonsoon/Delta-4B-notso-base",-0.234991646920903,-0.293566094047993,0.0848275874040625,30,0.445403575897217
"Devio/test-9k-fn",-1.10692867659849,-1.20656683517944,0.0748604368368211,30,1.3906569480896
"FINGU-AI/Qwen-Orpo-v1",-1.24435708356916,-1.21312319337574,0.0903729994733461,30,0.488918781280518
"Jayant9928/orpo_med_v3",-0.512778777270636,-0.550520981649774,0.0806927980229866,30,0.915042638778687
"Walmart-the-bag/Influxient-4x13B",-0.253433536266156,-0.229484048209539,0.0853276722452482,30,0.985853910446167
"jambroz/sixtyoneeighty-7b-dpo",0.907191952630826,0.958364824548975,0.079412348601321,30,2.07475233078003
"sovitrath/phi-openllm-lb-test",-0.753122574133722,-0.865269267405959,0.0754402479214511,30,0.636842727661133
"Undi95/Llama-3-LewdPlay-8B-evo",-0.282145332365325,-0.360618493789292,0.0859504642869523,30,0.45830774307251
"HenryJJ/dolphin-2.6-mistral-7b-dpo-orca-v2",0.496752266341545,0.488860570691277,0.0888503287621186,30,1.6900463104248
"perlthoughts/openchat-3.5-1210-32k-8x7b-MoE",-0.503886190194124,-0.466877036481897,0.0811925485642159,30,1.37680435180664
"cstr/Spaetzle-v44-7b",0.232417730948895,0.126067143851948,0.0851895230193735,30,1.71702456474304
"hexinran09/xr_dat_test_part2",-0.580647131996834,-0.628507160856719,0.0793029757199557,30,0.522294998168945
"ajibawa-2023/Code-290k-6.7B-Instruct",-1.07854912014876,-1.02519300287882,0.0737845773423747,30,1.89261221885681
"deepnight-research/lil-c3po",0.754040642796208,0.852993854363148,0.0828378729903267,30,1.9106137752533
"Deathsquad10/TinyLlama-1.1B-Remix-V.2",-1.11728838072736,-1.2296285837447,0.0756211188901056,30,0.897560596466064
"h2oai/h2o-danube2-1.8b-base",-1.00962505198278,-1.05250375293242,0.0700336359644489,30,0.6520676612854
"axxd/wizardllama-7b",-0.983406774165658,-1.0135698893438,0.0696025376297428,30,1.98632407188416
"uukuguy/Orca-2-7b-f16",-1.55455974857901,-1.1494349496518,0.0989104317053607,129,4.41600298881531
"ajibawa-2023/Scarlett-Llama-3-8B-v1.0",0.0298059081354372,0.00827721043663803,0.08396335600684,30,1.5989990234375
"MaziyarPanahi/M7Yamshadowexperiment28_Strangemerges_30Experiment26",2.73080512670251,2.79447782241248,0.135987642711432,500,14.9899435043335
"yunconglong/DARE_TIES_13B",2.26550208835818,2.28610342980617,0.10330708769734,500,14.7006125450134
"Orenguteng/Lexi-Llama-3-8B-Uncensored",-0.509477142692762,-0.581256766735931,0.0806418243004005,30,1.88529419898987
"maywell/PiVoT-10.7B-Mistral-v0.2",0.158829147717722,0.114173634726612,0.084243687277397,30,1.90116119384766
"Suprit/Zhongjing-LLaMA-base",-0.249696282725361,-0.261010629318503,0.08787385042473,30,1.78331971168518
"wandb/mistral-7b-zephyr-dpo",0.249041664764659,0.207670070145591,0.0853166812328752,30,0.504198789596558
"Ppoyaa/LuminRP-7B",0.737447467636944,0.81410007251259,0.0843563832578732,30,1.56929063796997
"01-ai/Yi-1.5-34B-32K",-0.365979813731864,-0.419925116241667,0.0859560389701192,30,0.375984907150269
"Ba2han/HermesStar-OrcaWind-Synth-11B",-0.493850571237105,-0.467575877343954,0.082340346249889,30,0.370198488235474
"abhinand/gemma-2b-it-tamil-v0.1-alpha",-0.759448334362471,-0.853552107334914,0.075802575788937,30,0.365915536880493
"ABX-AI/Infinite-Laymons-9B",0.259990056903426,0.108861082559117,0.0859945415157317,30,0.352317094802856
"Nexusflow/Starling-LM-7B-beta",0.0176204185732495,0.0577353679748645,0.0841280406012866,30,0.355863809585571
"DreadPoor/Harpy-7B-Model_Stock",1.50591583433182,1.61827722710679,0.0982276124464621,30,0.386347055435181
"NovoCode/Tiger-DPO",-0.734878400236959,-0.625434309642164,0.0776835581038894,30,0.366981744766235
"vanillaOVO/merge_7B_state_1",1.41631231739645,1.50373946825731,0.0901393325455145,30,0.397312641143799
"davzoku/frankencria-llama2-12.5b-v1.3-m.2",-0.364062134961798,-0.462495008732937,0.0868985548287648,30,0.378682374954224
"cloudyu/Qwen-72Bx2-MoE-120B",-1.56502886599553,-1.18066775471224,0.0969353429406991,168,3.65607070922852
"JaeyeonKang/CCK_Asura_v1.1.0",0.501618062347286,0.651512929045345,0.0845939907551039,30,0.371912479400635
"codellama/CodeLlama-34b-hf",-1.04527333261276,-1.06863323217553,0.0715050991973924,30,0.388688564300537
"AbacusResearch/haLLAwa2",-0.600053223373981,-0.452948906540516,0.0792332382591883,30,0.396026134490967
"icefog72/IceCappuccinoRP-7b",-0.497618063727505,-0.467589132771027,0.0810311165546383,30,0.442307710647583
"Mihaiii/Pallas-0.5-LASER-exp2-0.1",-0.177114950772165,-0.121857983918487,0.085941907372318,30,0.437133073806763
"TeeZee/Buttocks-7B-v1.0",-0.757001722044973,-0.779769574914555,0.0770786613164635,30,0.535344839096069
"freecs/ThetaWave-7B",0.983985007428118,0.891056990237123,0.077434754159307,30,0.387003898620605
"LeroyDyer/Mixtral_AI_SwahiliTron_7b",0.245149087918216,0.194727913307756,0.0866394629788162,30,0.451934576034546
"maywell/PiVoT-SUS-RP",-0.273319118827317,-0.210665377236476,0.0856911563869303,30,0.445025205612183
"Gille/StrangeMerges_36-7B-slerp",2.2577113224706,2.27282345122303,0.102826025950005,500,12.9947783946991
"openagi-project/OpenAGI-7B-v0.2",1.08393412154343,1.18228991907839,0.0762396580089605,30,0.427971839904785
"lodrick-the-lafted/Winged-Lagomorph-2x13B",-0.737852203670494,-0.79264417066543,0.0765186420186706,30,0.444845676422119
"BarryFutureman/NeuralTurdusVariant1-7B",1.51532729919982,1.5684872417092,0.0990242862417406,30,0.315630674362183
"xaviviro/FLOR-1.3B-xat",-1.00770334050419,-0.992300980672777,0.0721827911407198,30,0.317733526229858
"vaiv/gem-14b-instruct",-0.744154365191473,-0.723204425877543,0.0757677299002276,30,0.333653450012207
"llmixer/BigWeave-v15-103b",0.492646424222078,0.507643129807078,0.084518548971226,30,0.36970067024231
"Locutusque/Hercules-4.0-Yi-34B",-0.256068695087167,-0.310870191909226,0.0850689897411285,30,0.479244947433472
"nxn1231/yi6",-1.06767229059174,-1.24646470388634,0.0731289117760801,30,0.463430404663086
"itsliupeng/openllama-7b-base",-1.03614371074543,-1.19210239829954,0.070326994865274,30,0.449911832809448
"kodonho/Solar-M-SakuraSolar-Mixed",-0.529907839887379,-0.392778471041686,0.0806233455128649,30,0.535785436630249
"tcapelle/gemma-7b-zephyr-sft",-0.74337291099581,-0.690812946825988,0.0763098318989547,30,0.499071359634399
"AwanLLM/Meta-Llama-3-8B-Instruct-Dolfin-v0.1",-0.281903795987766,-0.279934117865676,0.0865011763950742,30,0.503206491470337
"wang7776/Mistral-7B-Instruct-v0.2-sparsity-30-v0.1",0.753122013250837,0.735826169697708,0.085018170187648,30,0.692801475524902
"ChavyvAkvar/llama-3-lumimaid-habib-v7",-0.255989070742076,-0.310954992240878,0.0855447154401854,30,0.458946466445923
"uukuguy/speechless-code-mistral-7b-v1.0",-0.350484968754219,-0.390489836707234,0.0844604937845712,30,0.763767957687378
"cloudyu/Mixtral_13Bx2_MOE_22B",-0.235936525142634,-0.115445172657828,0.0856804220442879,30,0.644131660461426
"NoIdeaLand/test-3k-mx",-1.23306504608836,-1.28014434563655,0.0896546700960423,30,0.741264343261719
"abideen/NexoNimbus-MoE-2x7B",-0.158711465604672,-0.189238800234819,0.0860172280193623,30,0.807690620422363
"MaziyarPanahi/Llama-3-8B-Instruct-v0.3",-0.230729720124062,-0.176328243150198,0.0857273635426411,30,0.817565202713013
"uukuguy/speechless-mistral-7B-v0.2-mixed-1",-0.505636051613476,-0.541491593614326,0.0813758418598713,30,0.732978105545044
"RatanRohith/NeuralPizza-7B-V0.2",0.63328928218308,0.610641799350761,0.085851153768013,30,0.712161540985107
"Expert68/llama2_13b_instructed_version2",-0.381393535434958,-0.445594034896955,0.0850674476608189,30,0.49468731880188
"SherlockAssistant/Mistral-7B-Instruct-Ukrainian",0.762092409395915,0.682383848829323,0.0832242943009801,30,0.485899448394775
"allknowingroger/PrometheusLaser-7B-slerp",2.75514071706669,2.82490230701675,0.13719509772731,500,13.1706862449646
"nbeerbower/llama-3-stella-8B",0.0346477992821485,0.12479301740115,0.083821879720453,30,0.797987222671509
"kimwooglae/AISquare-Instruct-SOLAR-10.7b-v0.5.31",-0.43194627060631,-0.42639319251184,0.0835873052609336,30,0.582457780838013
"nathan0/mpt_delta_tuned_model_v2",-0.988019680953273,-1.01120065375171,0.0696019669536035,30,0.71025538444519
"mlabonne/NeuralHermes-2.5-Mistral-7B-laser",0.00164962781615402,-0.0173211044812789,0.08320020200868,30,0.724632501602173
"vistagi/Mixtral-8x7b-v0.1-sft",-0.742097984932399,-0.683923179540827,0.076211603392239,30,0.629885911941528
"grimjim/cuckoo-starling-7B",0.291777451690974,0.237732674377891,0.0851853939170706,30,0.677466630935669
"shadowml/Beyonder-4x7B-v2",0.455695452935751,0.508631519492237,0.0834415633574095,30,0.612336158752441
"Inv/Konstanta-Gamma-10.9B",0.762791933676858,0.807432627698405,0.082714403288933,30,0.683117389678955
"s3nh/Mistral_Sonyichi-7B-slerp",0.509339316442368,0.618222683058231,0.0837421718072461,30,0.602617740631104
"FairMind/Phi-3-mini-4k-instruct-bnb-4bit-Ita",-0.253427167929739,-0.253944603232581,0.0854980181460846,30,0.629427671432495
"Kukedlc/NeuralKukedlc-7B-Labonned",0.751869248901546,0.76200801127663,0.0833576497132627,30,0.773480176925659
"LeroyDyer/Mixtral_AI_Cyber_MegaMind_3_0",0.260008231521599,0.198623116514365,0.0848033861521178,30,0.525990009307861
"MaziyarPanahi/Llama-3-11B-Instruct-v0.1",-0.261582579971707,-0.222512089537507,0.0920308540559793,30,0.497646570205688
"MaziyarPanahi/Experiment26Yam_Ognoexperiment27Multi_verse_model",2.74851076910819,2.81856359093333,0.136880619192447,500,13.2572412490845
"stabilityai/stablelm-2-zephyr-1_6b",-0.642524153212533,-0.657661794190672,0.0783931108952353,30,0.512646198272705
"jsfs11/MixtureofMerges-MoE-2x7b-SLERPv0.9",1.95589536664568,1.98655567224161,0.0996332660984877,86,2.09871077537537
"cognitivecomputations/Llama-3-8B-Instruct-abliterated-v2",-0.711155032205427,-0.689683859769428,0.0763949385106694,30,0.532018184661865
"Zangs3011/falcon_7b_DolphinCoder",-1.00090900822492,-1.12920393695501,0.069843644150043,30,0.789720773696899
"tourist800/Marcoro14-7B-slerp",-0.235438344251924,-0.264709216666665,0.0866462904565892,30,0.585364818572998
"aloobun/Reyna-CoT-4B-v0.2",-1.01357267557859,-1.1379599872022,0.0700329174679782,30,0.56071400642395
"Locutusque/TinyMistral-248M-v2",-1.51142942528596,-1.04566455399375,0.0997691160840935,88,1.89652514457703
"Replete-AI/Llama-3-13B",-0.900512719685269,-0.910789340428735,0.0711637620340852,30,0.496790885925293
"luffycodes/vicuna-class-shishya-ac-hal-13b-ep3",-0.834553662812735,-0.903565979258093,0.0729167770479754,30,0.529885053634644
"DrNicefellow/Mistral-1-from-Mixtral-8x7B-v0.1",-1.53280669711942,-1.11735852961703,0.096971976606598,126,3.41124558448792
"JaeyeonKang/CCK_Gony_v3.2",0.02175202213387,0.121732340616415,0.0839618444838175,30,0.705087900161743
"wannaphong/han-llm-7b-v1",-0.859790091979937,-0.916092545933751,0.0728461704556073,30,0.704371690750122
"Xenon1/Eclipse-13B-dpo",-0.131185257476086,-0.133021310464132,0.0846572358117905,30,0.783323764801025
"mncai/mistral-7b-dpo-merge-v1.1",1.29222904965108,1.36518352279304,0.0816707843709631,30,0.730778217315674
"prithivida/Asimov-7B-v1",-0.294942709798313,-0.388031364986017,0.0860453792380141,30,0.521740436553955
"TIGER-Lab/MAmmoTH2-7B-Plus",-0.0399765623415259,-0.168135888122052,0.0831086097237188,30,1.13678979873657
"brucethemoose/Yi-34B-200K-DARE-merge-v7",-0.0330487151359399,0.0859874728310691,0.0848862365142289,30,0.599485158920288
"shadowml/WestBeagle-7B",1.49593186530288,1.57184902458196,0.0963101233391426,30,1.09381914138794
"Noodlz/DolphinLake-7B",0.517214173498623,0.517316710060437,0.083630120554128,30,0.612046718597412
"APMIC/caigun-lora-model-34B-v3",-0.162702346519295,-0.0992045408441882,0.0855981139957695,30,1.27876091003418
"Weyaxi/Einstein-openchat-7B",-0.0278690674646249,-0.0711072111171611,0.0835828261076399,30,0.78643798828125
"eldogbbhed/Peagle-9b",1.25621647767399,1.27792196557588,0.0819124251520723,30,0.796949148178101
"Evaloric/Evaloric-1.1B-test",-0.976774218901924,-0.945160980945764,0.0699201627134881,30,0.563314914703369
"YeungNLP/firefly-llama2-7b-chat-temp",-0.50120620928839,-0.596099058338895,0.0814853897541691,30,0.554394245147705
"aqweteddy/Tulpar-tv_marcoroni-7b",-0.542306965581705,-0.520749018961553,0.0813834064730932,30,0.680344820022583
"Josephgflowers/TinyLlama-Cinder-1.3B-Test.2",-1.24235623260399,-1.25397451328544,0.0897713102521636,30,0.808821439743042
"NExtNewChattingAI/Mutliverse_model_official",2.6221403941473,2.66839708528126,0.129190966783168,500,12.5824816226959
"dominguesm/canarim-7b",-0.93831977184497,-1.05747043783498,0.0708658735710131,30,0.516263484954834
"Mihaiii/Pallas-0.2",-0.1957378961039,-0.102255308036611,0.085271317812956,30,0.714383840560913
"SCE/Mistral-7B-summ-lora-tuned",0.983257319978936,1.00414200791322,0.0768087990237996,30,0.589612483978271
"YeungNLP/firefly-zephyr-6x7b-lora",-0.404600172803491,-0.388626805717339,0.0839405419350002,30,0.499544620513916
"abhishek/autotrain-llama3-70b-orpo-v2",-0.0567964214468968,0.0632347406122102,0.085419605000829,30,1.0112144947052
"DUAL-GPO/zephyr-7b-lgpo-v1-i1",-0.0351560363857733,-0.0752697294891836,0.0836988235069924,30,0.818179845809937
"AA051615/A0306",-0.354237160033099,-0.33275490584537,0.0863255304921928,30,0.677193641662598
"Mihaiii/Bucharest-0.1",-0.527327469647177,-0.582620186720281,0.0798471323547181,30,0.698103904724121
"ShenaoZ/0.0005_withdpo_4iters_bs256_5551lr_iter_4",0.378835595494613,0.264555823065955,0.0839948054731057,30,0.487413167953491
"NLUHOPOE/experiment2-cause-non-qLoRa",-0.548067395463772,-0.619013682689858,0.0796386926027136,30,0.591121673583984
"abacaj/phi-2-super",-0.476857851142942,-0.527357486209818,0.0839944602827703,30,0.602959156036377
"BramVanroy/GEITje-7B-ultra",-0.37793693852554,-0.345326423261199,0.0865211467615071,30,0.508866310119629
"indischepartij/OpenMia-Indo-Mistral-7b-v3-refined",-0.0408190708825525,-0.063299544133023,0.0843026401091546,30,0.820276498794556
"G-reen/EXPERIMENT-ORPO-m7b2-2-merged",-0.763286999737792,-0.902736372676972,0.0756775368463756,30,0.509741067886353
"l3utterfly/mistral-7b-v0.1-layla-v4",-0.744888267721194,-0.735851904245186,0.0761483918592517,30,0.81549072265625
"tourist800/mistral_2X7b",-0.23453382373355,-0.264709216666665,0.085251481453031,30,0.818487644195557
"Intel/neural-chat-7b-v3-1",0.676288304472736,0.52477107643443,0.0850198337072826,30,0.820380210876465
"abhinand/telugu-llama-7b-instruct-v0.1",-0.748430945877197,-0.777995895455008,0.0752304035904044,30,0.804420709609985
"Isaak-Carter/JOSIE_Beta-3-7B-slerp",-0.257111634994117,-0.338362289407636,0.0858742210772102,30,0.855514049530029
"rombodawg/Everyone-LLM-7b-Base",0.281161531692136,0.21460632956596,0.0856552135547968,30,0.441033601760864
"ResplendentAI/Persephone_7B",0.579398742120863,0.782483017745401,0.0835438778210659,30,0.82947850227356
"Kukedlc/NeuralKrishna-7B-V2-DPO",2.30288965114151,2.33685243002263,0.105701424715795,500,12.5610630512238
"Locutusque/lr-experiment1-7B",-0.732544473892417,-0.752742144184751,0.0756200995460627,30,0.543892621994019
"shenzhi-wang/Llama3-8B-Chinese-Chat-v2-nightly-v2",-0.315400564028348,-0.356040536983902,0.0853506762849124,30,0.617272138595581
"ShenaoZ/0.0_withdpo_4iters_bs256_5551lr_iter_4",0.498451688111057,0.337774574842288,0.0835875521523671,30,0.52172064781189
"xxyyy123/test_qkvo_adptor",-0.0595820563709879,-0.139141522566113,0.0837045549971716,30,0.697684526443481
"ajibawa-2023/WikiHow-Mistral-Instruct-7B",0.494807241178478,0.372276278353622,0.0831671763661713,30,0.879719495773315
"ZhangShenao/0.001_llama-3_nodpo_3iters_bs128_531lr_iter_2",0.147263171218245,0.216029722078399,0.0852586595445966,30,0.88360857963562
"FINGU-AI/FinguAI-Chat-v1",-1.08602974987021,-1.12270149631816,0.0736542913973596,30,0.920166254043579
"lole25/phi-2-sft-lora-ultrachat",-0.73131742801755,-0.736619283571355,0.0756038023875168,30,0.577913761138916
"saurav1199/adisesha-phi1.5-7-3-20000",-1.0277826895522,-1.12423864299863,0.0704716099594001,30,0.797627687454224
"uukuguy/speechless-mistral-moloras-7b",-0.852005903148515,-0.877045623376236,0.0728926622984452,30,0.598524570465088
"Undi95/Borealis-10.7B-DPO",-0.501655305966807,-0.541639552832986,0.0814601376551717,30,0.500931978225708
"Azazelle/smol_bruin-7b",0.198396135469341,0.0670121369810353,0.0866396501163614,30,0.526315450668335
"Azazelle/Dumb-Maidlet",-0.244045876519689,-0.292710052082234,0.0857382566159224,30,0.523011207580566
"NTQAI/Nxcode-CQ-7B-orpo",-0.882257760794925,-0.940770546698607,0.0717560447521235,30,0.527600765228271
"frankenmerger/MiniLlama-1.8b-Chat-v0.1",-0.998523292041407,-1.00049548134077,0.0714814591613003,30,0.582699537277222
"BioMistral/BioMistral-7B",-0.502904658308239,-0.530995050575458,0.0802377069096851,30,0.590681791305542
"Sharathhebbar24/ssh_1.8B",-0.824341179387455,-0.873616436541327,0.0732962944508624,30,0.716040372848511
"Test157t/Eris-Floramix-7b",1.48395784354386,1.45631667889107,0.095320697623879,30,0.485580921173096
"KingNish/CodeMaster-v1-9b",-1.24227968066516,-1.08702454171839,0.0898823884693036,30,0.591922521591187
"leonarad/hope_for",-0.792342028876045,-0.968822535444778,0.0751420380933437,30,0.599121809005737
"NExtNewChattingAI/shark_tank_ai_7b_v2",0.995175762262778,0.692034512093503,0.0766039744188139,30,0.527848243713379
"core-3/kuno-royale-7b",1.28001401637164,1.44975121141105,0.0807717798457637,30,0.729544162750244
"freecs/Zero-7B-test-2",0.396328911529571,0.260325985918241,0.0848742484931773,30,0.699765682220459
"OpenBuddy/openbuddy-falcon-40b-v16.1-4k",-0.292933125851881,-0.3205334159433,0.0849443923823573,30,0.687339305877686
"ibivibiv/llama-3-8b-instruct-alpaca-gpt-4",-0.244205179346726,-0.251419797620736,0.0856620948512632,30,0.591863393783569
"Sao10K/Franziska-Mixtral-v1",0.641899332737244,0.754620579655291,0.0846920255964998,30,0.511908292770386
"ZhangShenao/0.0005_llama_4iters_bs128_5551lr_iter_3",0.221008302071167,0.218988690443032,0.086794822974852,30,0.614528656005859
"saishf/West-Maid-7B",-0.162257918722706,-0.201866192445856,0.0858510732953013,30,0.68881893157959
"abhishekchohan/SOLAR-10.7B-Instruct-Forest-DPO-v1",1.50062483972628,1.43149043827082,0.0981369078436087,30,0.668489933013916
"MoxoffSpA/Azzurro",-0.753842353547147,-0.872977608368333,0.0750649486035753,30,0.524199247360229
"meta-math/MetaMath-Llemma-7B",-0.983744788106763,-1.00852887558847,0.0702772069199363,30,0.526078462600708
"Korabbit/Llama-2-7b-chat-hf-afr-200step-flan",-0.505793275614675,-0.615988134367188,0.0807790101446632,30,0.616966009140015
"jan-hq/stealth-v1.3",0.244591045306709,0.088139091314351,0.0869423783551665,30,0.488582849502563
"kevin009/lamatama",-1.2209729700094,-1.21623169474808,0.0870295114887723,30,0.685764312744141
"MRAIRR/mini_7B_dare_v1",-0.145887319422694,-0.143696103019814,0.0868486797477209,30,0.600659847259521
"aloobun/CosmicBun-8B",-0.251416851925457,-0.195131663846047,0.0852497672667679,30,0.503512859344482
"h2oai/h2o-danube-1.8b-chat",-0.817648324434763,-0.903506053740935,0.073733541419777,30,0.600247144699097
"Kquant03/Azathoth-16x7B-bf16",1.49660205087977,1.58978585467761,0.0983494221601068,30,0.517321109771729
"Inv/Elbrus-7B",-0.686202667171907,-0.705092255283651,0.0774835783741535,30,0.558523416519165
"vicgalleorg/OpenHermes-Yi-9B",-0.902936600152217,-0.935043646382205,0.0710466356341659,30,0.813078165054321
"SanjiWatsuki/Loyal-Macaroni-Maid-7B",0.495710546567665,0.566079270398288,0.0826283427106933,30,0.479206562042236
"soketlabs/pragna-1b",-1.24937268481475,-1.25437271428104,0.0899282578280157,30,0.601336002349854
"mncai/mistral-7b-dpo-v6",1.33403052198352,1.32798900774629,0.0842121547486658,30,0.692161560058594
"migtissera/Synthia-v3.0-11B",-0.506638053170677,-0.554286809187318,0.0810069930609604,30,0.672415256500244
"jondurbin/bagel-8b-v1.0",-0.201180999897727,-0.118233440724435,0.0855767419826947,30,0.568372011184692
"TheBloke/robin-13B-v2-fp16",-0.257455572940412,-0.376731330298898,0.0855712201904666,30,0.502427101135254
"invalid-coder/dolphin-2.1-mistral-7b-snr-math-laser",-0.00666999585818607,-0.0485653917971344,0.0835523409365143,30,0.541799783706665
"macadeliccc/SOLAR-10.7b-Instruct-truthy-dpo",1.50895631627306,1.48214188288008,0.0991135983162108,30,0.513005018234253
"sail/Sailor-4B",-1.06586082733044,-1.16926967338847,0.0720234900336113,30,0.588184595108032
"Inv/MoeMoE-2x7b",0.504963783701899,0.521562587224495,0.0843816399376359,30,0.483068943023682
"FelixChao/Capricorn-7B",1.56512446329852,1.6838134141281,0.0986170599665207,36,0.596614837646484
"perlthoughts/Chupacabra-7B-v2",0.181120966815378,0.15072934630847,0.0845935169994356,30,0.679462194442749
"Kukedlc/NeuralContamination-7B-ties",2.3552420945899,2.38166758819782,0.10927634496595,500,12.2294001579285
"maldv/badger-l3-instruct-32k",-0.25213298502289,-0.223076740572466,0.086009940611692,30,0.489128828048706
"DreadPoor/FettuccineLake-DPO-7B-slerp",0.78058862561687,0.894403913022259,0.0824529706293357,30,0.500005722045898
"saltlux/luxia-21.4b-alignment-v0.1",1.65420455373381,1.45493147313962,0.0991553884851077,44,0.95778751373291
"Gille/StrangeMerges_37-7B-dare_ties",1.67374146666517,1.70398200760553,0.099807400474551,45,0.743700981140137
"vikash06/doctorLLM10k",-0.575673518061339,-0.649089286893776,0.083032040524729,30,0.714295148849487
"Walmart-the-bag/Misted-v2-7B",0.541960552558962,0.579343003486548,0.0833236208675103,30,0.534218311309814
"perlthoughts/Chupacabra-7B-v2.01",0.748457069071179,0.771452969671249,0.0843138362501031,30,0.631012678146362
"DrNicefellow/GPT-2-Large-40k-steps",-1.29323953392602,-1.18360521359202,0.0998163793976282,31,0.498695611953735
"ZoidBB/unraveled-7b-a1",-0.742791388976963,-0.802295799918002,0.0751924771700939,30,0.496334791183472
"lodrick-the-lafted/Grafted-Wind-Elementals-2x70B",0.246256226659506,0.388258461551549,0.0848099753165691,30,0.519924402236938
"vicgalle/Worldsim-Hermes-7B",-0.218655574621189,-0.211351565995564,0.085339339828706,30,0.769743680953979
"arlineka/Brunhilde-13b-v3",-0.204451548771107,-0.0490162161177482,0.0870752149685141,30,0.495233535766602
"Kukedlc/NeuralMaxime-7B-slerp",2.36077370251473,2.38578221197192,0.109668110000586,500,12.1118988990784
"RaduGabriel/SirUkrainian2.0DPO",0.458768715797703,0.523410769735493,0.0852023926450544,30,0.512628316879272
"yleo/EmertonBeagle-7B-dpo",1.93642469973268,1.96206798176588,0.099931371107827,79,1.81703591346741
"Sharathhebbar24/Med_GPT2",-1.32377086732416,-1.2483265966881,0.0914753064747167,45,0.900053739547729
"Radu1999/Mistral-Instruct-Ukrainian-slerp",0.492275787698235,0.490267164581986,0.0834557515616687,30,0.512643575668335
"Sayan01/Llama-Flan-XL2base",-1.54711846198117,-1.16320698588171,0.0994039266006235,118,2.6856050491333
"allknowingroger/LimmyAutomerge-7B-slerp",2.51375681148053,2.54156323697101,0.12113546528474,500,11.8361415863037
"Locutusque/Orca-2-13B-no_robots",-0.272720178238755,-0.300585965222158,0.0872590013820558,30,0.579145669937134
"Gille/StrangeMerges_24-7B-slerp",2.23884727445044,2.23837284672862,0.10168659793552,500,12.1836714744568
"pabloce/Dolphin-2.8-slerp",0.894629487373075,0.821265525065293,0.0791602085476329,30,0.47682523727417
"antiven0m/reverie-7b",0.478444849627648,0.362335312450059,0.0836683646903317,30,0.524052381515503
"invalid-coder/SOLAR-10.7B-Instruct-SOLARC-M-10.7B-slerp",1.25016097022366,1.26383772227509,0.0797475943172898,30,0.696393966674805
"Felladrin/Pythia-31M-Chat-v1",-1.4754904606271,-1.15991832342126,0.0985569555517596,75,1.80909156799316
"ai-forever/mGPT",-1.43728105773619,-1.28157836594855,0.0977902732603539,62,1.42272567749023
"alignment-handbook/zephyr-7b-sft-full",-0.751661898702588,-0.786202150929325,0.0754106765863999,30,0.499897956848145
"fhai50032/RPLakeCoder-TxC",0.686032265700342,0.783651929460477,0.0839776390668441,30,0.507633686065674
"L-R/LLmRa-2.7B",-1.10481730598599,-1.21138563082274,0.0747848031698945,30,0.686123609542847
"bunnycore/Maverick-8B",-0.291218303970308,-0.225208334619566,0.0860609564484297,30,0.590858459472656
"Stefan171/TestingLLM",-1.51483227531194,-1.13956985607593,0.0984656091897816,104,2.30225110054016
"SF-Foundation/TextBase-v0.2",2.65023000211928,2.69819661139111,0.131122978581897,500,12.4277923107147
"pandego/my-first-blend",1.56895145041142,1.45358909109367,0.0988481107303423,36,0.621726036071777
"DatPySci/pythia-1b-kto-iter0",-1.37095371590447,-1.34479780669328,0.0982342850258634,43,0.699641704559326
"l3utterfly/phi-2-layla-v1-chatml",-0.604500517456103,-0.687911012335411,0.0789779780718299,30,0.707156896591187
"BFauber/lora_llama2-13b_10e5_r32_a256",-0.77286938031838,-0.862891019335419,0.0747718804894895,30,0.446715831756592
"maldv/dragonwar-7b-alpha",-0.754618966159015,-0.841667944823769,0.0756334657660531,30,0.438646793365479
"MaziyarPanahi/Goku-8x22B-v0.1",-0.425585907414408,-0.366570110529027,0.0840446333950372,30,0.493294715881348
"uukuguy/speechless-thoughts-mistral-7b",-0.399685963194332,-0.444762592675164,0.0859092281173294,30,0.592215061187744
"grimjim/kuno-kunoichi-v1-DPO-v2-SLERP-7B",0.744171007060511,0.842004955491909,0.0865536717996284,30,0.579539060592651
"NeuralNovel/Senzu-7B-v0.1-DPO",-0.216942350631128,-0.352828069384491,0.0885968575611583,30,0.50115442276001
"Eurdem/megatron_2.1_MoE_2x7B",2.71411118057585,2.77266597548927,0.135080391292353,500,11.755316734314
"Tensoic/Qwixtral-4x1.8B-SFT",-1.50289011658461,-1.06795963505993,0.0993632858687577,89,2.18642687797546
"namirocks/student-model-13b-ep3",-0.910748886041024,-0.944747059548764,0.0709553802046898,30,0.532041311264038
"TeeZee/GALAXY-XB-v.02",-0.752197945105473,-0.833654486600264,0.075453098006954,30,0.520205020904541
"MaziyarPanahi/Experiment26Yamshadow_Ognoexperiment27Multi_verse_model",2.72293474542441,2.78411031281917,0.13556731542299,500,11.8419983386993
"jpquiroga/Mistral_7B_ties_merge_instruct_open_orca_codeninja",0.000526909499790517,0.0731655800750517,0.0834935051776225,30,0.6950364112854
"v1olet/v1olet_merged_dpo_7B_v4",0.999197880213491,0.638405700370622,0.077644659632966,30,0.586713314056396
"leveldevai/TurdusDareBeagle-7B",1.25982628288171,1.36980065182309,0.0799471781382789,30,0.501209497451782
"fblgit/una-cybertron-7b-v3-OMA",1.73734772437286,1.68837612329857,0.099986155298099,50,1.00864338874817
"kevin009/llamaRAGdrama",1.56308102457866,1.55780361435147,0.0998158083151824,34,0.607077360153198
"MaziyarPanahi/Mistral-7B-Instruct-Aya-101",-0.210441504189682,-0.263917548592111,0.0866701149791167,30,0.504558324813843
"lole25/phi-2-sft-ultrachat-full",-0.514652271099081,-0.655880429461666,0.0815864894221187,30,0.746923685073853
"tushar310/Hippy-AAI-7B",1.49697969552783,1.60955044702276,0.0975031723892058,30,0.599172115325928
"allknowingroger/NeuralWestSeverus-7B-slerp",1.24165881634514,1.19674804024004,0.0788759338638027,30,0.58787727355957
"TheBloke/orca_mini_v3_7B-GPTQ",-0.188074975966619,-0.272681956264511,0.0855904328901647,30,0.500227689743042
"CultriX/MistralTrix-SLERP",0.768953744549196,0.899332966518391,0.083582189499749,30,0.603875875473022
"TencentARC/Mistral_Pro_8B_v0.1",-0.452737741496102,-0.411899878601628,0.0835458525403982,30,0.566096067428589
"Yuma42/KangalKhan-ShinyEmerald-7B",0.253103267481113,0.0853609060546247,0.0857901089618466,30,0.804425477981567
"kuotient/Seagull-Llama-3-8B-orpo-v0.3",-0.207986063682302,-0.237426130318621,0.084735442913922,30,0.496388912200928
"Kiddyz/testlm2",-0.499650154904205,-0.514113613055642,0.0814688195080278,30,0.630714654922485
"abhinand/mistral7b-test001",-1.47994408253125,-1.0179885793665,0.099917026726315,82,1.69112944602966
"FinancialSupport/saiga-7b",0.0999211677232608,0.0529277545108488,0.0849525363775296,30,0.776100158691406
"xzuyn/GPT-2-SlimOrcaDeduped-airoboros-3.1-MetaMathQA-SFT-124M",-1.28135345485727,-1.18437864978562,0.0981079068423988,31,0.497805118560791
"flammenai/flammen21X-mistral-7B",1.26903438378339,1.29732801130252,0.0801355672597163,30,0.494040489196777
"mayacinka/yam-jom-7B",2.66203404853693,2.71097524853368,0.131904019009191,500,11.7989590167999
"shyamieee/Maverick-v1.0",1.50615082807475,1.41964035565216,0.0969810428191257,32,0.636628866195679
"xaviviro/FLAMA-0.5-3B",-0.932900935546431,-0.865370940347179,0.070338770864376,30,0.707883358001709
"shanchen/llama3-8B-slerp-med-262k",-0.902185033767717,-0.925128608479239,0.0708907968517154,30,0.592230796813965
"Azazelle/Yuna-7b-Merge",0.485147664589938,0.500475521641121,0.083497743259338,30,0.484505414962769
"TeeZee/NEBULA-XB-v1.0_SFT_2_epoch",-0.242011914956723,-0.302596448961909,0.0858450808016533,30,0.81786322593689
"Lvxy1117/amber_fine_tune_sg_part1",-0.712467009342403,-0.782879412866996,0.0785042126359826,30,0.726752042770386
"one-man-army/una-neural-chat-v3-3-P1-OMA",0.71771828007608,0.768577074314597,0.0840981926260474,30,0.513770580291748
"Sharathhebbar24/math_gpt2",-1.36045335704884,-1.21377754630233,0.0985525079078351,40,0.787552833557129
"Changgil/K2S3-Mistral-7b-v1.2",-0.684181211741623,-0.671127219232673,0.0769843044662372,30,0.581217765808105
"ChuckMcSneed/WinterGoddess-1.4x-70b-32k",-0.00330286689205905,0.16386531763216,0.0833329881091919,30,0.676651477813721
"mahiatlinux/MasherAI-v6.1-7B-checkpoint6-pro",0.285117084787462,0.268795123312325,0.085547381092091,30,0.494440317153931
"kyujinpy/SOLAR-Platypus-10.7B-v1",-0.340547137650014,-0.417068329830506,0.084777014703025,30,0.517310857772827
"Sao10K/Fimbulvetr-11B-v2",0.78156303336287,0.793290641540506,0.0837587028185978,30,0.594592332839966
"twodgirl/Nimue-7B",-0.492875057736943,-0.427584069496005,0.081274054858087,30,0.621230602264404
"ZhangShenao/0.001_idpo_declr_iter_2",0.272144738891833,0.2140459394843,0.0852061092293576,30,0.704782485961914
"avinash31d/phi-2-slerp",-0.285441421286028,-0.485580994146012,0.0852966172602197,30,0.504677057266235
"bardsai/jaskier-7b-dpo-v7.1",2.73793363288986,2.80423455731558,0.136355654980999,500,11.4523088932037
"LeroyDyer/Mixtral_Chat_X_128k",0.25848216888787,0.158517254465664,0.0859004934100416,30,0.498276710510254
"FelixChao/Cygnus-7B",1.30023920406778,1.36912102415391,0.0821585281686234,30,0.589013338088989
"allknowingroger/LadybirdPercival-7B-slerp",1.73023471736636,1.79481460068815,0.0999254364834044,49,0.941036939620972
"SilverCoder66/Mistral-7B-Instruct-adapt-v0.22",1.48896093281674,1.57728106943336,0.0965447593638053,30,0.495198249816895
"PetroGPT/Llama-3-Petro-Instruct-v1",-0.521785187482721,-0.62098056317959,0.0798679226777833,30,0.499646186828613
"cloudyu/Truthful_DPO_cloudyu_Mixtral_34Bx2_MoE_60B",0.230294187743897,0.398164716405151,0.0848320601681255,30,0.577564239501953
"jondurbin/bagel-dpo-7b-v0.4",0.751670659359115,0.723582943051912,0.0853960147753143,30,0.64870810508728
"dball/zephyr-7b-dpo-qlora",-0.749700429220402,-0.744905270719316,0.0755551564195916,30,0.828529357910156
"chujiezheng/tulu-2-dpo-70b-ExPO",0.649277004332654,0.676986485675119,0.0848663847694002,30,0.621634006500244
"Kukedlc/NeuralSynthesis-7B-v0.3",2.74216769000053,2.81000561541679,0.136569133424953,500,11.6237144470215
"cstr/llama3-8b-spaetzle-v20",0.176837010683832,0.235273076346953,0.0853627336280052,30,0.79226541519165
"TheSkullery/llama-3-cat-8b-instruct",-0.375484051714347,-0.45408344942192,0.0858805902251771,30,0.497347593307495
"Sharathhebbar24/math_gpt2_sft",-1.49022779609228,-1.33798518999906,0.0994531474298686,79,1.67733836174011
"jeiku/Zephyr_beta_32k_7B",0.849245262293067,0.934306408224866,0.080905817385503,30,0.859391212463379
"Riiid/sheep-duck-llama-2",-0.00263952619818028,0.209560656241561,0.0842662891660241,30,0.835904359817505
"Cartinoe5930/TIES-Merging",-0.749816227477882,-0.765156185256279,0.0755664766728438,30,0.58997106552124
"XuanXuanXuanXuan/Mistral-7B-Instruct-v0.1-gpt-4-80k",-3.11393353745916e-05,-0.02930365677155,0.0830991098609026,30,0.516915798187256
"ChaoticNeutrals/Prima-LelantaclesV4-7b-16k-bf16",0.0842696056829102,0.0118786214203828,0.0835550962062756,30,0.536410093307495
"jisukim8873/mistral-7B-alpaca-1-epoch",-0.605952705721683,-0.653536362933218,0.0789303761607179,30,0.675214767456055
"CorticalStack/pastiche-crown-clown-7b-dare",2.19784254426173,2.18371890434167,0.0999914570399249,323,6.85175204277039
"LHC88/LaseredHermes-7B-v1",0.373601077265116,0.239247096468952,0.0841251205956342,30,0.482335805892944
"abhinand/tamil-llama-7b-base-v0.1",-1.16688867813962,-1.20981577785833,0.0810786623342186,30,0.493847131729126
"0ai/0ai-7B-v3",1.39902278100157,1.25439352687193,0.0921641335351693,30,0.589486837387085
"louisbrulenaudet/Pearl-7B-0211-ties",1.43213900498846,1.52489487481037,0.0921945735025562,30,0.51488184928894
"h2oai/h2o-danube2-1.8b-chat",-0.977087555406847,-0.981852194274886,0.0700855297413434,30,0.836488008499146
"netcat420/MFANNv0.2",0.808076954909687,0.843474946499028,0.083150331561137,30,0.602170705795288
"Mihaiii/Llama-3-pruned-45B-Drobeta-Turnu-Severin",-0.774648509124461,-0.612261717435482,0.0868184792712858,30,0.619407176971436
"Steelskull/Aurora_base_test",1.00518722825472,0.96599988318853,0.0765094237768163,30,0.508927583694458
"mncai/mistral-7b-dpo-v5",1.2370570319376,1.21285393995399,0.0790171839548333,30,0.517016410827637
"voidful/phi-1_5_chat_32k",-0.751750679777837,-0.815792944148916,0.0767689126941638,30,0.691886901855469
"airesearch/typhoon-7b-WangchanX-sft-Demo",-0.746090497341457,-0.717350648401038,0.0751877837965391,30,0.742526769638062
"allknowingroger/Neurallaymons-7B-slerp",0.650917892047612,0.691472911484737,0.0842081490639279,30,0.538036108016968
"TeeZee/Bielik-SOLAR-LIKE-10.7B-Instruct-v0.1",-0.762049555863833,-0.796805678335499,0.0748854838157969,30,0.805016040802002
"adamo1139/Yi-34B-200K-rawrr1-LORA-DPO-experimental-r3",-0.706660511560313,-0.712502603359717,0.076651746079752,30,0.513440608978271
"macadeliccc/gemma-orchid-7b-dpo",-0.2502843034976,-0.25453847771685,0.0845134008581422,30,0.885569334030151
"meraGPT/mera-mix-4x7B",2.25306004221796,2.26410340366761,0.102541414044253,500,11.2814204692841
"mayacinka/Open-StaMis-stock",-0.517221404239364,-0.548767312186242,0.0804146360078431,30,0.511817216873169
"statking/Meta-Llama-3-8B-Instruct-ORPO-QLoRA",-0.525674946307792,-0.629361062727298,0.079901624100894,30,0.591466903686523
"AA051610/A13",-0.318859100461393,-0.27088480720957,0.0855556197128549,30,0.582966089248657
"xriminact/TarsMeta",-0.334605488781081,-0.484011925827463,0.088975783461023,30,0.537732124328613
"naivecat/cherry_5_7B",-0.737447189052225,-0.68552767334107,0.0766844717870883,30,0.581544876098633
"Undi95/PsyMedRP-v1-20B",0.0737971293467459,0.0574802879271899,0.0846433124608029,30,0.500158786773682
"perlthoughts/Chupacabra-7B-v2.03",-0.258536082453033,-0.360693864375736,0.0857965759240565,30,0.583516836166382
"allknowingroger/RogerWizard-12B-MoE",1.69748222635132,1.62329534258882,0.098932565521213,51,1.01411366462708
"AGI-inc/lora_moe_7b_baseline",-1.01302364659322,-1.13288568531848,0.0699167650903177,30,0.503793954849243
"beowolx/CodeNinja-1.0-OpenChat-7B",-0.491299808279418,-0.509906266556256,0.0818097329712491,30,0.50070858001709
"allknowingroger/mergekit-slerp-zplzqvn",2.79132359658651,2.87918683475867,0.138709425220535,500,11.1128122806549
"Josephgflowers/Cinder-1.3B-Test",-1.00563951400433,-1.00980898301148,0.0699722033498555,30,0.483123302459717
"ToastyPigeon/smolphin-test-bottomheavy",-1.29797081234936,-1.3172482785308,0.0976446228159557,30,0.51239013671875
"allknowingroger/PercivalMelodias-7B-slerp",2.79566393472856,2.88536334051659,0.138866709824147,500,11.1046330928802
"allknowingroger/WestlakeMaziyar-7B-slerp",1.38434768534218,1.40394628026697,0.0871496785809234,30,0.572175025939941
"MaziyarPanahi/Calme-7B-Instruct-v0.1",0.366466628109926,0.386189461163506,0.0850566034382905,30,0.58307933807373
"SilverCoder66/Mistral-7B-Instruct-adapt-v0.2",1.52585417391093,1.57357020074104,0.099950498674586,30,0.533034563064575
"Charlie911/vicuna-7b-v1.5-lora-temporal-without-mctaco-1",-1.00107943885789,-1.03777670652134,0.0700658403290031,30,0.505092859268188
"KnutJaegersberg/Walter-Falcon-1B",-1.12892810572877,-1.11093399586927,0.078428709432921,30,0.513695955276489
"Gille/StrangeMerges_42-7B-dare_ties",2.09829607349633,2.13490807397475,0.099912481189986,146,3.31199598312378
"DopeorNope/SOLARC-MOE-10.7Bx6",1.254518914589,1.25606744871744,0.0810555915638993,30,0.584381818771362
"ppopiolek/tinyllama_merged_test",-1.00237161641013,-1.12514377010823,0.0714356607911295,30,0.488611459732056
"DUAL-GPO/phi-2-gpo-renew2-b0.001-0.5ultrafeedback-lowLr-i1",-0.70751854255516,-0.726056565159417,0.0767473721846103,30,0.564280271530151
"AwanLLM/Llama-3-8B-Cumulus-v0.1",-0.47249869074249,-0.446911128328627,0.0821273088080779,30,0.511718988418579
"mediocredev/open-llama-3b-v2-chat",-0.999746527734471,-1.09147966182513,0.0699780137831703,30,0.535053968429565
"maldv/hyperdrive-7b-alpha",-0.772672161251588,-0.701973693207188,0.0771892991270385,30,0.518834829330444
"rhysjones/Phi-3-mini-mango-1",0.027774503546592,0.127261206821912,0.0832492691741955,30,0.691367387771606
"TeeZee/Kyllene-34B-v1.1",0.290534203405287,0.374227801044526,0.0853713150408848,30,0.508418321609497
"nbeerbower/flammen11-mistral-7B",1.25255518098932,1.33423048170437,0.0793776117211822,30,0.588221549987793
"CultriX/AlphaCeption-7B-v1",2.51575421791086,2.54412558833583,0.121288667773498,500,10.7469172477722
"allknowingroger/Multimerge-12B-MoE",2.78295829993769,2.86724833795261,0.138391166306642,500,10.9342081546783
"ResplendentAI/Asherah_7B",0.235638594472068,0.17936779487178,0.0860875839825624,30,0.522014617919922
"abideen/MonarchCoder-7B",0.49836799567556,0.580516305726419,0.0825501753110779,30,0.534526824951172
"Eric111/Mayoroya",0.770202374906974,0.795945304457255,0.083356764440911,30,0.494565963745117
"ShenaoZ/0.0_withdpo_4iters_bs256_531lr_iter_3",0.310473495948729,0.195876803833769,0.0863063704194842,30,0.687196254730225
"MaziyarPanahi/Llama-3-8B-Instruct-v0.8",0.498421016847952,0.524974043968768,0.0843248014606098,30,0.701158761978149
"kidyu/Moza-7B-v1.0",0.999804556750314,0.884435340839233,0.0804425240066042,30,0.561151266098022
"ewqr2130/llama_ppo_1e6_new_tokenizerstep_8000",-0.733168215991429,-0.808185376208612,0.0764034877206953,30,0.578460454940796
"splm/zephyr-7b-sft-full-spin-peft-iter1",-0.748513993301702,-0.765664043127366,0.075204908112246,30,0.521192312240601
"vicgalle/SOLAR-13B-Instruct-v1.0",0.742709662727666,0.516758469683983,0.088296988949845,30,0.628487586975098
"instructkr/ko-wand-136M",-1.52058121254182,-1.18206210769379,0.0999846168274247,100,2.06892108917236
"jondurbin/bagel-7b-v0.5",0.00167375543176328,-0.0118972478130699,0.0840750494359421,30,0.655378580093384
"vicgalleorg/TruthfulQwen1.5-1.8B",-0.987031302388598,-0.912595973300829,0.0704302476723798,30,0.514092922210693
"abhishek/autotrain-llama3-orpo-v2",-0.247169719276853,-0.308385102261356,0.0852094108151317,30,0.447340965270996
"NExtNewChattingAI/shark_tank_ai_7_b",0.282660829101695,0.320643235157761,0.0874558506152595,30,0.595599412918091
"azarafrooz/gemma-nlaf-v1",-0.758027975928825,-0.834962120024607,0.0761322195219832,30,0.584758043289185
"Gille/MoE-StrangeMerges-2x7B",0.970803470645982,1.00401026349595,0.078065880612034,30,0.625796556472778
"Josephgflowers/Tinyllama-Cinder-1.3B-Reason-Test.2",-1.13399507193092,-1.12354831096003,0.0769346269353954,30,0.5854811668396
"BFauber/lora_llama2-13b_10e4",-0.744603796133629,-0.783592117023352,0.0754633084038337,30,0.533765316009521
"davidkim205/Rhea-72b-v0.5",1.53809108799162,1.5516635630057,0.0998692654735232,34,0.613008975982666
"adamo1139/Yi-34B-200K-AEZAKMI-RAW-2301-LoRA",-0.000644078665814304,0.0506488688436502,0.0830951484321729,30,0.601855516433716
"wassemgtk/16b-experiment-llama",-0.345667301318244,-0.409526419795482,0.0857405835050753,30,0.573263645172119
"Hastagaras/Halu-OAS-8B-Llama3",-0.00679762877830146,-0.0864475038804506,0.0840077910120895,30,0.514575719833374
"Yuma42/KangalKhan-PrimordialSapphire-7B",0.267180023961524,0.153648997430487,0.0859911914596884,30,0.492634057998657
"yeontaek/llama-2-13B-ensemble-v6",-0.0457187495762113,-0.105100230561406,0.0837070703946974,30,0.522109031677246
"TheBloke/llama-30b-supercot-SuperHOT-8K-fp16",-1.48529987642581,-1.10837081299229,0.0983171600469486,81,1.5377881526947
"huangyt/Mistral-7B-v0.1-Open-Platypus_2.5w-r16-gate_up_down",-0.56943094614189,-0.654193590213608,0.0789717545992326,30,0.521455526351929
"openagi-project/OpenAGI-7B-v0.1",0.839998272897912,0.92290316921688,0.0818532653877062,30,0.601474761962891
"YeungNLP/firefly-qwen1.5-en-7b-unsloth",-0.500035497701676,-0.510972960905661,0.0805177100392242,30,0.531670570373535
"SC56/Mistral-7B-orca-dpo-2h",1.50491974807915,1.56371011025286,0.0978231274952322,30,0.523584127426147
"Jingyu6/MergeTest-7B-slerp",0.386924072417251,0.388326787994043,0.0842427641322097,30,0.592650413513184
"Azazelle/Half-NSFW_Noromaid-7b",-0.579664330662163,-0.627049706855338,0.0792517367436074,30,0.481204986572266
"AlanRobotics/nanit_v2",-0.493291606737741,-0.58337117062262,0.0817102740193032,30,0.516068935394287
"mncai/agiin-13.6B-v0.1",1.39856069323546,1.22739905235106,0.0884667427431109,30,0.506896257400513
"pansophic/rocket-3B",-0.14067117419216,-0.060415670586809,0.0846657289520328,30,0.583126068115234
"OEvortex/vortex-3b",-1.31290552311839,-1.36731698442416,0.0992623544812536,30,0.519001007080078
"TwT-6/open_llm_leaderboard_demo",-0.0152955754483193,0.00614287161155234,0.0830098846263705,30,0.889888525009155
"hon9kon9ize/CantoneseLLMChat-preview20240326",-0.754803838625504,-0.849493642030433,0.0750972697921214,30,0.585018396377563
"vitruv/vitruv_1",-0.98996641924921,-1.00509166166586,0.0698491148445824,30,0.540551424026489
"Technoculture/mtor",-1.57956753799975,-1.13019124691086,0.0992377707000361,159,3.14246892929077
"Gille/StrangeMerges_41-7B-dare_ties",0.262902537259654,0.199116173404024,0.0863111409132838,30,0.50982666015625
"argilla/notux-8x7b-v1-epoch-2",0.671225330148772,0.62551728168639,0.0844893185314581,30,0.483628511428833
"JaeyeonKang/CCK_gony",-0.114487533184692,-0.039316880942006,0.0847653123507218,30,0.590728759765625
"Clausss/QwenSailorMerge",-1.21835517746218,-1.16146734134674,0.0862451059763722,30,0.570601463317871
"chatty123/mistral_rank16_dpo",0.783795696782411,0.832728036888217,0.082884478013481,30,0.506994724273682
"NeuralNovel/Gecko-7B-v0.1-DPO",0.0209243846454541,-0.0188226877247391,0.0839628245874115,30,0.69664478302002
"YeungNLP/firefly-qwen1.5-en-7b-dpo-v0.1-unsloth",0.00841461897300529,0.00290880743639852,0.0838538453615009,30,0.528033256530762
"SF-Foundation/Ein-72B-v0.11",1.83270063009487,1.872627627985,0.0997867171096026,61,1.12949800491333
"maywell/TinyLlama-MoE-Chat-0.1",-0.996473436118919,-1.11121914618711,0.0697869776098973,30,0.56450366973877
"1TuanPham/T-Llama",-0.653728960852122,-0.622500422239588,0.0787888600949438,30,0.598985433578491
"GreenNode/GreenNodeLM-7B-v1olet",1.68972956111303,1.55786278350824,0.0999221777468111,45,0.808399677276611
"zhengr/NeuralPipe-7B-slerp",0.442575808228805,0.389711088240142,0.0846193479753096,30,0.445511817932129
"ShenaoZhang/0.001_idpo_iter_3",0.28106525082082,0.311297039286727,0.0854841336216081,30,0.497026443481445
"automerger/Experiment28Yam-7B",2.50824496523325,2.53397890565278,0.120713421779424,500,10.3920829296112
"BFauber/lora_opt125m_10e5",-1.4496330243223,-1.31563885941059,0.0999451974576457,61,1.18787169456482
"wang7776/Llama-2-7b-chat-hf-20-sparsity",-0.486145374028798,-0.55897298337516,0.0810982238727086,30,0.570213079452515
"HIT-SCIR/huozi3",-0.501711616638311,-0.45937916357355,0.0806271656070298,30,0.579462051391602
"nnethercott/llava-v1.5-7b_vicuna",-0.703010583789202,-0.671496877849052,0.0772907820256336,30,0.565343379974365
"AA051610/VA",-0.758682066759584,-0.901248079710727,0.0753094840418417,30,0.615736722946167
"GreenNode/GreenNodeLM-7B-v4leo",1.25720959337768,1.34973709055137,0.0802419856401731,30,0.525856256484985
"yhyu13/LMCocktail-10.7B-v1",1.25247306981708,1.24618154700822,0.0804895031534786,30,0.523857116699219
"NeverSleep/Noromaid-13b-v0.3",-0.2358731487186,-0.194784793067328,0.0858814609004608,30,0.711397409439087
"Vasanth/Beast-Soul-new",1.23569816490546,1.27121193489906,0.0787562488138601,30,0.587122678756714
"xxyyy123/Mistral-dpo-v1",-0.166402880247944,-0.255403310883016,0.0845874411843176,30,0.670592308044434
"RESMPDEV/Qwen1.5-Wukong-1.8B",-0.9898423376448,-0.949022172006269,0.0697937587000463,30,0.696507453918457
"Abhaykoul/OEvortex",-1.02870715213413,-1.13671326597166,0.0712446481762174,30,0.528566598892212
"cognitivecomputations/Dolphin-2.9.1-Phi-3-Kensho-4.5B",-0.381063986646944,-0.455797355106313,0.0851970791269411,30,0.545532703399658
"OpenBuddy/openbuddy-mistral-22b-v21.1-32k",-0.243887730807946,-0.170959460485296,0.0858150005900329,30,0.637534856796265
"birgermoell/llama-3-merge-disco-neural-pace",-0.479983241366877,-0.479325963373753,0.0816103605782249,30,0.574697017669678
"grimjim/kunoichi-lemon-royale-v2-32K-7B",0.381726724448851,0.269525769458602,0.0844154768653979,30,0.5230872631073
"EmbeddedLLM/Mistral-7B-Merge-14-v0.3-ft-step-15936",-0.141884031835523,-0.141986158218976,0.0842762537585644,30,0.570847511291504
"yam-peleg/Experiment24-7B",2.60774020128367,2.65313930953301,0.128167088986251,500,10.3430640697479
"KnutJaegersberg/Deita-500m",-1.2185322013123,-0.983100761664477,0.0887841574522215,30,0.543798208236694
"NeverSleep/Llama-3-Lumimaid-8B-v0.1-OAS",-0.437803475018657,-0.435064577215411,0.0834174671728223,30,0.578197717666626
"maldv/badger-zeta-l3-4x8b",-0.227554710672336,-0.164815254902136,0.085841509054449,30,0.581406593322754
"hywu/Camelidae-8x7B",-0.732532348382444,-0.715022955840949,0.0769855967198324,30,0.60431170463562
"openthaigpt/openthaigpt-1.0.0-70b-chat",-0.325463706000907,-0.35365293037695,0.0853641203060506,30,0.538204193115234
"bababababooey/mergekit-slerp-bxtecvo",0.270018811093001,0.334750180025632,0.0855970248284093,30,0.515866041183472
"l3utterfly/tinyllama-1.1b-layla-v1",-1.21032357540324,-1.18043341379373,0.0869428716982125,30,0.603611946105957
"martyn/mixtral-megamerge-dare-8x7b-v2",-0.0404621606796442,-0.0844225042084227,0.0837203831349686,30,0.589234352111816
"icefog72/IceCoffeeTest11",1.25360958855366,1.24027680695103,0.080083596894739,30,0.433652877807617
"rizla/rizla55b",-0.217501560720406,-0.152289264466857,0.0860737536449169,30,0.536633968353271
"AA051615/A0221",-0.271645418923282,-0.262286675904247,0.0862073583389622,30,0.455880880355835
"macadeliccc/polyglot-math-4x7b",-0.00667933484360349,-0.0761954426973438,0.0830000342316499,30,0.567364692687988
"OpenBuddy/openbuddy-llama3-8b-v21.1-8k",-0.128136716098516,-0.104211360673871,0.0852896292482104,30,0.537628889083862
"BFauber/opt125m_10e5_lr2e-5",-1.52265135469771,-1.35471722444743,0.0995403572621113,97,1.94607090950012
"vicgalleorg/test1",1.84825413296889,1.88313026584672,0.0997224839358411,64,1.43624448776245
"saarvajanik/facebook-opt-6.7b-gqa-ub-16-best-for-KV-cache",-1.55203596887074,-1.1750229836655,0.0988604103778424,125,2.18205547332764
"openaccess-ai-collective/dpopenhermes-alpha-v0",-0.515789613953938,-0.376555197151577,0.0802779657644728,30,0.5208740234375
"TommyZQ/llama3",-0.770427765493515,-0.924722399320601,0.074664135660806,30,0.488738298416138
"TwT-6/cr-model",-0.00449922241284728,0.0117651690252326,0.0829403867670047,30,0.538576602935791
"gemmathon/gemma-2b-ko-dev-pbmt192",-1.01771814786049,-1.08027213112848,0.0711815332298486,30,0.598557949066162
"Cesco2004/TW3CESCO.V4",2.02802194990499,2.07180252483438,0.0998585510919886,108,1.93342113494873
"ZhangShenao/0.0_ablation_sample1_4iters_bs256_iter_2",0.247169226182351,0.135141381099515,0.0852350610556602,30,0.608552694320679
"juhwanlee/llmdo-Mistral-7B-case-6",-0.496297538565431,-0.54573532779721,0.0805304400647108,30,0.754467725753784
"ramachaitanya22/mistral-7B-finetune-health-fitness",-0.757189853794184,-0.887488577389061,0.0758152307326322,30,0.765612840652466
"NLUHOPOE/test-case-1",-0.166018992111998,-0.145281735261533,0.0858345967384605,30,0.59993314743042
"flemmingmiguel/Mistrality-7B",0.253947416035239,0.115153678548749,0.0867901193092517,30,0.521116018295288
"Corianas/DPO-miniguanaco-1.5T",-1.24586441566851,-1.20716455366233,0.0904480178910148,30,0.535969495773315
"YeungNLP/firefly-zephyr-6x7b",-0.398386354562628,-0.388626805717339,0.0839393417799392,30,0.585371255874634
"openlynn/Llama-3-Soliloquy-8B-v2",-0.456767513705043,-0.433268922501509,0.0832618747504844,30,0.503793478012085
"Sao10K/Typhon-Mixtral-v1",0.666202548116545,0.726377349388507,0.0836601506062364,30,0.556316375732422
"instructkr/lynn-7b-alpha",-0.744906736094423,-0.683724384616345,0.0753193966139452,30,0.718935489654541
"Community-LM/llava-v1.5-13b-hf",-0.676833468060611,-0.681591363230751,0.0768622327286337,30,0.502277851104736
"Muhammad2003/TriMistral-7B-DARETIES",0.237942671795683,0.13821545422669,0.086806144952143,30,0.497458457946777
"Heng666/EastAsia-4x7B-Moe-experiment",-0.751417228452896,-0.495236952331878,0.0749133476083453,30,0.526224851608276
"allknowingroger/Experimentmultiverse-7B-slerp",2.79579123207519,2.88536334051659,0.138871251897681,500,10.0638530254364
"BFauber/santa1.1b_10e6",-1.53228732402684,-1.11722703570606,0.0975602881094611,121,2.01557207107544
"BarryFutureman/NeuralLake-Variant1-7B",1.3505906250589,1.38307301045181,0.0854097927768013,30,0.580468416213989
"DUAL-GPO/zephyr-7b-gpo-update4-i0",-0.520750406526735,-0.560720167739869,0.0794684580365222,30,0.547147035598755
"mlabonne/GML-Mistral-merged-v1",-1.50231472754702,-1.01311000715282,0.0998819675094201,84,1.43298768997192
"Yhyu13/LMCocktail-Mistral-7B-v1",0.500415569265125,0.451447236482708,0.0828232909030495,30,0.581639528274536
"airesearch/LLaMa3-8b-WangchanX-sft-Demo",-0.771063829699287,-0.889418708034476,0.0748155941329859,30,0.699670314788818
"Gille/StrangeMerges_15-7B-slerp",0.320975530894688,0.294760937980024,0.0862640004075672,30,0.581842422485352
"ehartford/CodeLlama-34b-Instruct-hf",-0.727056368463752,-0.726063331512093,0.0768617238422645,30,0.502880334854126
"bn999/mistral-4.2B",-1.001149369506,-1.04748692371,0.0697075095837281,30,0.529738903045654
"leveldevai/BeagleMist-7B",0.74773935263866,0.814255455160002,0.0841350880081339,30,0.499794006347656
"jukofyork/Dark-Miqu-70B",0.243647060926485,0.410392382509231,0.0859111346569809,30,0.569963693618774
"nvidia/OpenMath-Mistral-7B-v0.1-hf",-0.737818430421661,-0.704422781170134,0.0756704235839354,30,0.502753496170044
"abacusai/Liberated-Qwen1.5-14B",-0.483974766228244,-0.42731619005948,0.081358747270251,30,0.556781768798828
"uukuguy/speechless-instruct-mistral-7b-v0.2",-0.398488185278634,-0.446873928380085,0.0839537462228526,30,0.512271404266357
"Cartinoe5930/DARE-Merging",-1.55459181943826,-1.19261895563279,0.0987309883899254,131,2.07161903381348
"hydra-project/OpenHyperion-2.5-Mistral-7B",-0.322009144960667,-0.360642991425895,0.0855885992265211,30,0.525771141052246
"bardsai/jaskier-7b-dpo-v4.1",2.34658722481107,2.37483107396745,0.108668889030235,500,10.2262134552002
"Eric111/openchat-3.5-0106-128k-DPO_dpo-binarized-NeuralTrix-7B",0.955223372212009,0.893862622275709,0.0808551823513488,30,0.510912656784058
"INSAIT-Institute/BgGPT-7B-Instruct-v0.2",-0.0132506142468952,-0.0877562432546319,0.082931543628259,30,0.502034902572632
"BFauber/opt125m_10e5_20ep",-1.49623032953298,-1.30196456271414,0.0992458957904502,83,1.31751608848572
"Azazelle/Mocha-SR-7b-ex",-0.00735997000578511,-0.105792104519344,0.0840632308467732,30,0.502927780151367
"BEE-spoke-data/TinyLlama-3T-1.1bee",-1.36213393533722,-1.35578826554306,0.0981575716621439,42,0.657336473464966
"allknowingroger/MultiverseMath-12B-MoE",1.49248478727581,1.50883075379694,0.0977890657966138,30,0.532238960266113
"jsfs11/MixtureofMerges-MoE-4x7b-v5",1.82717467026837,1.9536821672598,0.0995873909055243,61,1.05280756950378
"kimdeokgi/merge_model_test1",0.994505184686817,1.18760349433096,0.0787136168757172,30,0.507436275482178
"DreadPoor/Siren-7B-slerp",0.75489535513268,0.795842619537859,0.0841220639795884,30,0.508522748947144
"nisten/BigCodeLlama-92b",-0.439082619612873,-0.391693357312704,0.0827095918937778,30,0.520019769668579
"TitleOS/ExperimentOne",-0.76008471469617,-0.821415975243151,0.0750385032406367,30,0.445163011550903
"adamo1139/Mistral-7B-AEZAKMI-v1",-0.0920204751132613,-0.17927486787185,0.0843833074500862,30,0.506819486618042
"Aryanne/Open-StarLake-Swap-7B",0.38915472838354,0.25505410944137,0.0852840543517314,30,0.506340742111206
"yleo/ParrotOgno-7B",2.37794858375795,2.39954312470061,0.110898418962109,500,10.3658709526062
"liuchanghf/bloomz3b-winogrande-pretrain",-1.52819311586369,-1.49312235302819,0.099369482887769,102,1.37909889221191
"Nitral-AI/Nyanade_Stunna-Maid-7B",0.3514920884193,0.278357495718646,0.0848034604243232,30,0.49630069732666
"vihangd/SmartQwen1.5-1.8B-orpo-v1",-0.768923368907662,-0.917620018192789,0.0772453891308142,30,0.524636745452881
"FallenMerick/Chunky-Lemon-Cookie-11B",0.598556704323698,0.573200394201115,0.0832931670568338,30,0.476418495178223
"TeeZee/GALAXY-XB-v.01",-0.751001109223923,-0.841686431316053,0.0755745238017045,30,0.471836090087891
"Hemanth-thunder/Tamil-Mistral-7B-v0.1",-1.55855903071209,-1.23037330130971,0.0997387350035581,128,1.80795860290527
