"model","pirt_accuracy","theta","n_subset_items","n_all_items","avg_observed","avg_predicted"
"cloudyu/google-gemma-7b-it-dpo-v1",0.200380113072027,-0.747024049380721,30,627,0.533333333333333,0.183648795470956
"Mihaiii/Metis-0.4",0.362561522373498,0.24338826793923,30,627,0.566666666666667,0.352304982459269
"juhwanlee/gemma-7B-alpaca-case-1-3",0.0988099806436945,-1.61386647202175,30,627,0.0666666666666667,0.100425222552088
"MaziyarPanahi/UNA-34Beagles-32K-bf16-v1-GPTQ",0.0842834714198308,-2.20543484817607,30,627,0.333333333333333,0.0717684029819664
"YouKnwMe/Mistral-7b-instruct-v0.2-private-edw2",0.43300606829438,0.662732912155754,30,627,0.5,0.429639539062942
"RatanRohith/NeuralMathChat-7B-V0.2",0.38971495709941,0.404182595493305,30,627,0.466666666666667,0.385848037020654
"222gate/Blurdus-7b-v0.1",0.54969966149465,1.39203340501727,30,627,0.666666666666667,0.543821922541282
"teilomillet/MiniMerlin-3B",0.196897778867002,-0.756258096379588,30,627,0.5,0.181666511473384
"mlabonne/Gemmalpaca-2B",0.162023600186593,-0.99643622610639,30,627,0.4,0.150064987130643
"wang7776/Llama-2-7b-chat-hf-30-attention-sparsity",0.243972240714026,-0.490002101974132,30,627,0.5,0.231106524166992
"JCX-kcuf/Llama-2-7b-chat-hf-gpt-3.5-80k-base_lora",0.262082643450263,-0.365607239066075,30,627,0.466666666666667,0.251802039268534
"johnsnowlabs/PhigRange-2.7B-slerp",0.100853980321014,-1.64876037015147,30,627,0.166666666666667,0.0975468101528912
"macadeliccc/laser-dolphin-mixtral-2x7b-dpo",0.386821447030036,0.386931452147129,30,627,0.5,0.381134082559183
"MaziyarPanahi/TheTop-5x7B-Instruct-S5-v0.1",0.532068301757507,1.25385399403494,30,627,0.633333333333333,0.526979606703445
"yeontaek/llama-2-13B-ensemble-v1",0.279962094036914,-0.251915659690442,30,627,0.5,0.268904912832739
"jeiku/Eros_Prodigadigm_7B",0.453307964096626,0.766635741335796,30,627,0.466666666666667,0.452636672510192
"occultml/CatMarcoro14-7B-slerp",0.427977163330546,0.637352569897008,30,627,0.5,0.424357925306956
"pharaouk/fusedyi",0.235210187616669,-0.512031232414442,30,627,0.466666666666667,0.223579208769935
"berkeley-nest/Starling-LM-7B-alpha",0.24601707233923,-0.471678502815672,30,627,0.466666666666667,0.234929153026293
"Kukedlc/NeuralLLaMa-3-8b-ORPO-v0.3",0.342078848632592,0.109775183911002,30,627,0.566666666666667,0.330793028630879
"ammarali32/multi_verse_model",0.660182474417509,2.7675847982434,30,627,0.7,0.658181593734972
"KnutJaegersberg/Deacon-20B",0.324906843340188,0.00355802451962438,30,627,0.566666666666667,0.312758108499661
"perlthoughts/openchat-3.5-1210-32k",0.238576592169928,-0.50576833922727,30,627,0.466666666666667,0.227114779381148
"vicgalle/Configurable-Hermes-2-Pro-Llama-3-8B",0.363826149414007,0.248543927954368,30,627,0.533333333333333,0.355308200473337
"uukuguy/speechless-code-mistral-7b-v2.0",0.272200035644825,-0.293338646745606,30,627,0.433333333333333,0.264102885007211
"jeiku/Elly_7B",0.320953376606079,-0.00674733079812581,30,627,0.533333333333333,0.310281016971543
"Charlie911/MultiLoRA-llama2-mmlu",0.16316669048949,-0.995522705836539,30,627,0.433333333333333,0.149590477281256
"allknowingroger/Llama3merge5",0.238182903553803,-0.507582706691662,30,627,0.533333333333333,0.223351223665385
"hyunjae/polyglot-ko-3.8b-total",0.131113356246834,-1.30137179309855,30,627,0.433333333333333,0.115926422724899
"mobiuslabsgmbh/aanaphi2-v0.1",0.269484234197982,-0.319211608557082,30,627,0.4,0.262925653001901
"stabilityai/stablelm-zephyr-3b",0.243734202263781,-0.486471087120198,30,627,0.5,0.230856523985579
"Josephgflowers/tinyllama-730M-test",0.132531865840789,-1.2181239721066,30,627,0.166666666666667,0.130816549216373
"msy127/mnsim-dpo-peftmerged-2-eos",0.210919010075596,-0.690200382954901,30,627,0.566666666666667,0.193042243412728
"SLAM-group/NewHope",0.274773018196702,-0.279870409936632,30,627,0.433333333333333,0.26680516316471
"cloudyu/Mixtral_7Bx4_MOE_24B",0.403250635556365,0.482845048728726,30,627,0.533333333333333,0.396713816572598
"allknowingroger/FrankenLimmy-10B-passthrough",0.584964706415772,1.68928655756156,30,627,0.5,0.589234289652745
"ChaoticNeutrals/This_is_fine_7B",0.482042707613737,0.950694642680493,30,627,0.5,0.481140331111914
"gmonsoon/Delta-4B-notso-base",0.274893818329846,-0.285115941555887,30,627,0.466666666666667,0.265256991780257
"Devio/test-9k-fn",0.149983440974728,-1.09267514922526,30,627,0.333333333333333,0.140769878544647
"FINGU-AI/Qwen-Orpo-v1",0.131082409602548,-1.24759173485203,30,627,0.266666666666667,0.124269130353095
"Jayant9928/orpo_med_v3",0.232723640699493,-0.525377572391017,30,627,0.433333333333333,0.222642751622416
"Walmart-the-bag/Influxient-4x13B",0.279710323577903,-0.25442329705126,30,627,0.5,0.268640490591868
"jambroz/sixtyoneeighty-7b-dpo",0.484757911161602,0.966211990175905,30,627,0.533333333333333,0.482316935173073
"sovitrath/phi-openllm-lb-test",0.198650996487074,-0.752685983424663,30,627,0.533333333333333,0.181832788605353
"Undi95/Llama-3-LewdPlay-8B-evo",0.276827236448942,-0.269424914602421,30,627,0.533333333333333,0.263937482836661
"HenryJJ/dolphin-2.6-mistral-7b-dpo-orca-v2",0.399432275450349,0.467236407771734,30,627,0.466666666666667,0.396053662826413
"perlthoughts/openchat-3.5-1210-32k-8x7b-MoE",0.231263090764204,-0.54514385509876,30,627,0.466666666666667,0.21943376534197
"cstr/Spaetzle-v44-7b",0.361287103413059,0.242833840560208,30,627,0.533333333333333,0.352641564221086
"hexinran09/xr_dat_test_part2",0.233161334692786,-0.531775807481781,30,627,0.466666666666667,0.221427398412691
"ajibawa-2023/Code-290k-6.7B-Instruct",0.149468280556558,-1.0825308508509,30,627,0.366666666666667,0.13855378879223
"deepnight-research/lil-c3po",0.449657560109518,0.753210364612242,30,627,0.466666666666667,0.448802831136797
"Deathsquad10/TinyLlama-1.1B-Remix-V.2",0.140632225314298,-1.1714150428534,30,627,0.333333333333333,0.130948752549522
"h2oai/h2o-danube2-1.8b-base",0.157529440834871,-1.00356805022586,30,627,0.333333333333333,0.148695074377661
"axxd/wizardllama-7b",0.164432937441804,-0.975381352286397,30,627,0.4,0.152595396609734
"uukuguy/Orca-2-7b-f16",0.103824138212273,-1.50877644869305,30,627,0.0666666666666667,0.10569134783768
"ajibawa-2023/Scarlett-Llama-3-8B-v1.0",0.323818627431018,0.00670422508626869,30,627,0.533333333333333,0.313290250249997
"MaziyarPanahi/M7Yamshadowexperiment28_Strangemerges_30Experiment26",0.66017044417826,2.73963036833387,30,627,0.733333333333333,0.656493917085041
"yunconglong/DARE_TIES_13B",0.611839395154099,1.99191482519656,30,627,0.633333333333333,0.610759297758158
"Orenguteng/Lexi-Llama-3-8B-Uncensored",0.241030922208235,-0.499591171632443,30,627,0.5,0.228017400711161
"maywell/PiVoT-10.7B-Mistral-v0.2",0.343880728846035,0.132257055848382,30,627,0.5,0.336035539340811
"Suprit/Zhongjing-LLaMA-base",0.281847729067923,-0.251117669274884,30,627,0.5,0.270885303392945
"wandb/mistral-7b-zephyr-dpo",0.366068103054971,0.256613210158172,30,627,0.566666666666667,0.355987773225237
"Ppoyaa/LuminRP-7B",0.447710610448408,0.747868440676603,30,627,0.466666666666667,0.446758044809299
"01-ai/Yi-1.5-34B-32K",0.251485879343102,-0.429487478643631,30,627,0.366666666666667,0.245697900080611
"Ba2han/HermesStar-OrcaWind-Synth-11B",0.242074869510929,-0.492306972616498,30,627,0.5,0.229113807677307
"abhinand/gemma-2b-it-tamil-v0.1-alpha",0.195176506227032,-0.766106695360543,30,627,0.5,0.179858742720852
"ABX-AI/Infinite-Laymons-9B",0.366123444371086,0.256131051726938,30,627,0.566666666666667,0.356045895512012
"Nexusflow/Starling-LM-7B-beta",0.32905102310946,0.0278030640108164,30,627,0.5,0.320460622260689
"DreadPoor/Harpy-7B-Model_Stock",0.563374350689376,1.50194990976407,30,627,0.633333333333333,0.559858823923348
"NovoCode/Tiger-DPO",0.200302208284248,-0.750966642900537,30,627,0.5,0.185242017745768
"vanillaOVO/merge_7B_state_1",0.558554575356152,1.45027214390264,30,627,0.7,0.551446765072542
"davzoku/frankencria-llama2-12.5b-v1.3-m.2",0.263635587078472,-0.358751895988811,30,627,0.466666666666667,0.253433020264995
"cloudyu/Qwen-72Bx2-MoE-120B",0.087798949739314,-2.15425721553778,30,627,0.3,0.0771355803794805
"JaeyeonKang/CCK_Asura_v1.1.0",0.407003912410594,0.496443108341841,30,627,0.533333333333333,0.400655700303923
"codellama/CodeLlama-34b-hf",0.149056417737147,-1.05109990713094,30,627,0.266666666666667,0.143146354976869
"AbacusResearch/haLLAwa2",0.225782574493327,-0.574266405800178,30,627,0.433333333333333,0.215352888119457
"icefog72/IceCappuccinoRP-7b",0.242111558136462,-0.496030837177331,30,627,0.533333333333333,0.227477298076318
"Mihaiii/Pallas-0.5-LASER-exp2-0.1",0.289854994737256,-0.214730777428603,30,627,0.566666666666667,0.275944860469447
"TeeZee/Buttocks-7B-v1.0",0.201848139417521,-0.75178513138355,30,627,0.566666666666667,0.183515550108519
"freecs/ThetaWave-7B",0.485457229340022,0.974562657171959,30,627,0.533333333333333,0.483051394968499
"LeroyDyer/Mixtral_AI_SwahiliTron_7b",0.36365180292479,0.244630278792201,30,627,0.6,0.351775009101915
"maywell/PiVoT-SUS-RP",0.281119093407141,-0.251995858269791,30,627,0.5,0.270120052874836
"Gille/StrangeMerges_36-7B-slerp",0.619129918319159,2.07326268608925,30,627,0.7,0.615066095119117
"openagi-project/OpenAGI-7B-v0.2",0.501271899082314,1.04098327670741,30,627,0.633333333333333,0.494635646104876
"lodrick-the-lafted/Winged-Lagomorph-2x13B",0.200674909008957,-0.744824898953725,30,627,0.533333333333333,0.183958405274064
"BarryFutureman/NeuralTurdusVariant1-7B",0.565814342968417,1.51585870336531,30,627,0.633333333333333,0.562421428879728
"xaviviro/FLOR-1.3B-xat",0.159744158495796,-1.01934537206768,30,627,0.366666666666667,0.14934604250731
"vaiv/gem-14b-instruct",0.203189825104422,-0.736556600224101,30,627,0.6,0.183249615310675
"llmixer/BigWeave-v15-103b",0.406368933645787,0.497151153514789,30,627,0.433333333333333,0.405013938686614
"Locutusque/Hercules-4.0-Yi-34B",0.280776080835298,-0.253513837888,30,627,0.5,0.269759803490338
"nxn1231/yi6",0.139014139690157,-1.17477646950465,30,627,0.266666666666667,0.132599439842091
"itsliupeng/openllama-7b-base",0.150076958135338,-1.06000212744616,30,627,0.3,0.142543136936109
"kodonho/Solar-M-SakuraSolar-Mixed",0.199444049383144,-0.750543744527433,30,627,0.533333333333333,0.182665693405747
"tcapelle/gemma-7b-zephyr-sft",0.202568820523542,-0.741032175632176,30,627,0.566666666666667,0.184272446345495
"AwanLLM/Meta-Llama-3-8B-Instruct-Dolfin-v0.1",0.268021984503527,-0.319356386253797,30,627,0.433333333333333,0.259714881547255
"wang7776/Mistral-7B-Instruct-v0.2-sparsity-30-v0.1",0.452820685261483,0.765352161940704,30,627,0.466666666666667,0.452124907301424
"ChavyvAkvar/llama-3-lumimaid-habib-v7",0.278601387831063,-0.259335036298273,30,627,0.5,0.267475829430614
"uukuguy/speechless-code-mistral-7b-v1.0",0.26454747061647,-0.34340123474517,30,627,0.433333333333333,0.256065768972407
"cloudyu/Mixtral_13Bx2_MOE_22B",0.286799882360185,-0.222208804005687,30,627,0.533333333333333,0.274411266733393
"NoIdeaLand/test-3k-mx",0.136392612299156,-1.22083933763375,30,627,0.3,0.12817113553027
"abideen/NexoNimbus-MoE-2x7B",0.302485647713619,-0.113304728141314,30,627,0.466666666666667,0.294235345253667
"MaziyarPanahi/Llama-3-8B-Instruct-v0.3",0.286225590993292,-0.233992249989221,30,627,0.6,0.270458032751749
"uukuguy/speechless-mistral-7B-v0.2-mixed-1",0.240905938574088,-0.496539625168262,30,627,0.433333333333333,0.231236220244478
"RatanRohith/NeuralPizza-7B-V0.2",0.429492730649776,0.632051669094464,30,627,0.633333333333333,0.419249484283768
"Expert68/llama2_13b_instructed_version2",0.24668880617387,-0.46750298904685,30,627,0.466666666666667,0.235634642330011
"SherlockAssistant/Mistral-7B-Instruct-Ukrainian",0.449280957191622,0.750802378035589,30,627,0.4,0.451757387201251
"allknowingroger/PrometheusLaser-7B-slerp",0.672038495069618,2.95148157429141,30,627,0.8,0.665608268691207
"nbeerbower/llama-3-stella-8B",0.330913985612876,0.042425868388328,30,627,0.466666666666667,0.324092242846354
"kimwooglae/AISquare-Instruct-SOLAR-10.7b-v0.5.31",0.252822740038747,-0.42442524611506,30,627,0.533333333333333,0.238726730325451
"nathan0/mpt_delta_tuned_model_v2",0.162809433327303,-0.996830250237464,30,627,0.433333333333333,0.149215267497854
"mlabonne/NeuralHermes-2.5-Mistral-7B-laser",0.327520930806497,0.0207922044756444,30,627,0.533333333333333,0.317178599021229
"vistagi/Mixtral-8x7b-v0.1-sft",0.203672425990115,-0.735323356447253,30,627,0.533333333333333,0.18710655124925
"grimjim/cuckoo-starling-7B",0.374146429175863,0.301476024704515,30,627,0.533333333333333,0.366147087258403
"shadowml/Beyonder-4x7B-v2",0.395055133348439,0.434074263166789,30,627,0.5,0.389781521958913
"Inv/Konstanta-Gamma-10.9B",0.464430064046633,0.837345256955842,30,627,0.533333333333333,0.46096758820308
"s3nh/Mistral_Sonyichi-7B-slerp",0.412730874461062,0.527843187669072,30,627,0.533333333333333,0.406670449392103
"FairMind/Phi-3-mini-4k-instruct-bnb-4bit-Ita",0.280619804550158,-0.254675513966597,30,627,0.5,0.269595674125543
"Kukedlc/NeuralKukedlc-7B-Labonned",0.452608784262716,0.759977283867844,30,627,0.5,0.450227316135215
"LeroyDyer/Mixtral_AI_Cyber_MegaMind_3_0",0.368376831550648,0.261921573049392,30,627,0.6,0.356737476352188
"MaziyarPanahi/Llama-3-11B-Instruct-v0.1",0.277949726553357,-0.27101422022809,30,627,0.666666666666667,0.258416211974799
"MaziyarPanahi/Experiment26Yam_Ognoexperiment27Multi_verse_model",0.658677433195789,2.71727908777142,30,627,0.733333333333333,0.654925880425058
"stabilityai/stablelm-2-zephyr-1_6b",0.227242172190479,-0.571281043312531,30,627,0.633333333333333,0.206835581178275
"jsfs11/MixtureofMerges-MoE-2x7b-SLERPv0.9",0.604381012004666,1.8923108294324,30,627,0.633333333333333,0.602926121485637
"cognitivecomputations/Llama-3-8B-Instruct-abliterated-v2",0.208334219443745,-0.710998537071294,30,627,0.6,0.188652521928356
"Zangs3011/falcon_7b_DolphinCoder",0.158299300609642,-1.00087873534634,30,627,0.333333333333333,0.149503620573276
"tourist800/Marcoro14-7B-slerp",0.29544760261796,-0.166582566925894,30,627,0.4,0.29019371330228
"aloobun/Reyna-CoT-4B-v0.2",0.153415667147521,-1.02240858869992,30,627,0.3,0.146049620270512
"Locutusque/TinyMistral-248M-v2",0.0999200097055475,-1.77896869596764,30,627,0.333333333333333,0.0881906969604326
"Replete-AI/Llama-3-13B",0.170473640703412,-0.95091860341619,30,627,0.4,0.15893965279906
"luffycodes/vicuna-class-shishya-ac-hal-13b-ep3",0.188322656706144,-0.821541675500636,30,627,0.533333333333333,0.17098543677513
"DrNicefellow/Mistral-1-from-Mixtral-8x7B-v0.1",0.0841580956346955,-2.0696571017424,30,627,0.266666666666667,0.0749868106582146
"JaeyeonKang/CCK_Gony_v3.2",0.334563483743141,0.0540184988885129,30,627,0.566666666666667,0.322900007214321
"wannaphong/han-llm-7b-v1",0.182120312805468,-0.864862861787695,30,627,0.466666666666667,0.167821501053649
"Xenon1/Eclipse-13B-dpo",0.300085139486416,-0.127608390525164,30,627,0.466666666666667,0.291714208472333
"mncai/mistral-7b-dpo-merge-v1.1",0.533297535497572,1.27295753482699,30,627,0.566666666666667,0.531620694735306
"prithivida/Asimov-7B-v1",0.278031081308688,-0.268242539886457,30,627,0.533333333333333,0.265201822412978
"TIGER-Lab/MAmmoTH2-7B-Plus",0.313725782387429,-0.0418690366655052,30,627,0.6,0.299340143311421
"brucethemoose/Yi-34B-200K-DARE-merge-v7",0.323241135754446,-0.00311752778858958,30,627,0.6,0.309333655139091
"shadowml/WestBeagle-7B",0.561515161548442,1.492573592304,30,627,0.633333333333333,0.557906208192417
"Noodlz/DolphinLake-7B",0.482032162190803,0.95893938940508,30,627,0.433333333333333,0.484479339520325
"APMIC/caigun-lora-model-34B-v3",0.298816862437131,-0.155714445797485,30,627,0.566666666666667,0.285357073279868
"Weyaxi/Einstein-openchat-7B",0.321553781881421,-0.00456956599509217,30,627,0.533333333333333,0.310911593366249
"eldogbbhed/Peagle-9b",0.525879133725416,1.22363639371494,30,627,0.633333333333333,0.520479425202405
"Evaloric/Evaloric-1.1B-test",0.161176231460639,-0.992497382574991,30,627,0.4,0.149175037061677
"YeungNLP/firefly-llama2-7b-chat-temp",0.238660081263894,-0.503032346254937,30,627,0.466666666666667,0.22720246390697
"aqweteddy/Tulpar-tv_marcoroni-7b",0.279572371960979,-0.260833287897687,30,627,0.4,0.273520732361029
"Josephgflowers/TinyLlama-Cinder-1.3B-Test.2",0.130311494403071,-1.23291857474842,30,627,0.2,0.126809559448451
"NExtNewChattingAI/Mutliverse_model_official",0.652580484302248,2.59042324619025,30,627,0.733333333333333,0.648522552190133
"dominguesm/canarim-7b",0.168807301246681,-0.960991769180702,30,627,0.466666666666667,0.153839493939144
"Mihaiii/Pallas-0.2",0.29301892351212,-0.189377921909517,30,627,0.566666666666667,0.279267780640032
"SCE/Mistral-7B-summ-lora-tuned",0.487691138124107,0.983032144368726,30,627,0.533333333333333,0.485397560475402
"YeungNLP/firefly-zephyr-6x7b-lora",0.274794029128371,-0.277505351949587,30,627,0.5,0.263477146169998
"abhishek/autotrain-llama3-70b-orpo-v2",0.309245059214635,-0.0718043323994282,30,627,0.433333333333333,0.303009467550379
"DUAL-GPO/zephyr-7b-lgpo-v1-i1",0.319947265918809,-0.005504557889282,30,627,0.5,0.310899389834328
"AA051615/A0306",0.269723212645222,-0.314974598146366,30,627,0.4,0.263176640416339
"Mihaiii/Bucharest-0.1",0.228640729159505,-0.552474809893307,30,627,0.366666666666667,0.221704752400351
"ShenaoZ/0.0005_withdpo_4iters_bs256_5551lr_iter_4",0.401234694277362,0.47480280985624,30,627,0.5,0.396271613587782
"NLUHOPOE/experiment2-cause-non-qLoRa",0.231150484330889,-0.543577242087628,30,627,0.466666666666667,0.219315500293916
"abacaj/phi-2-super",0.25864363024984,-0.390865708658161,30,627,0.466666666666667,0.248190211334421
"BramVanroy/GEITje-7B-ultra",0.248248348246102,-0.47350996330972,30,627,0.633333333333333,0.228897343970362
"indischepartij/OpenMia-Indo-Mistral-7b-v3-refined",0.312188981851535,-0.0492384452877985,30,627,0.433333333333333,0.306101325998178
"G-reen/EXPERIMENT-ORPO-m7b2-2-merged",0.195389423249287,-0.761091753067785,30,627,0.466666666666667,0.181757400967007
"l3utterfly/mistral-7b-v0.1-layla-v4",0.200376814378003,-0.745026521213197,30,627,0.5,0.18532037288946
"tourist800/mistral_2X7b",0.283087059228081,-0.243105381517885,30,627,0.533333333333333,0.270511869574551
"Intel/neural-chat-7b-v3-1",0.422077490949761,0.584548776623123,30,627,0.533333333333333,0.41648674510134
"abhinand/telugu-llama-7b-instruct-v0.1",0.199207265570379,-0.748980059926865,30,627,0.533333333333333,0.182417010908924
"Isaak-Carter/JOSIE_Beta-3-7B-slerp",0.280078262946578,-0.252069737663161,30,627,0.466666666666667,0.270701961252101
"rombodawg/Everyone-LLM-7b-Base",0.373169849649755,0.294384847742923,30,627,0.533333333333333,0.365121433384248
"ResplendentAI/Persephone_7B",0.426933248581363,0.619973098692217,30,627,0.4,0.428286678158316
"Kukedlc/NeuralKrishna-7B-V2-DPO",0.626561498577005,2.17767899393363,30,627,0.733333333333333,0.621196079745029
"Locutusque/lr-experiment1-7B",0.201808205853821,-0.743745746170038,30,627,0.566666666666667,0.183473609833075
"shenzhi-wang/Llama3-8B-Chinese-Chat-v2-nightly-v2",0.27175671699914,-0.298911735361255,30,627,0.466666666666667,0.261962247166601
"ShenaoZ/0.0_withdpo_4iters_bs256_5551lr_iter_4",0.407445517722989,0.50220677329458,30,627,0.533333333333333,0.401119496838047
"xxyyy123/test_qkvo_adptor",0.313942840879674,-0.040250393604747,30,627,0.466666666666667,0.306268276769774
"ajibawa-2023/WikiHow-Mistral-Instruct-7B",0.407123956494458,0.503626224503763,30,627,0.5,0.402456818629858
"ZhangShenao/0.001_llama-3_nodpo_3iters_bs128_531lr_iter_2",0.355224605465007,0.204079881610029,30,627,0.6,0.342924334382847
"FINGU-AI/FinguAI-Chat-v1",0.144136574360018,-1.0852593716237,30,627,0.233333333333333,0.139654325165379
"lole25/phi-2-sft-lora-ultrachat",0.201761704856986,-0.744763245778958,30,627,0.6,0.181749730226683
"saurav1199/adisesha-phi1.5-7-3-20000",0.154043851213565,-1.0274884152517,30,627,0.3,0.146709371375051
"uukuguy/speechless-mistral-moloras-7b",0.177950040672723,-0.891745305475521,30,627,0.433333333333333,0.165116709383245
"Undi95/Borealis-10.7B-DPO",0.239506637088377,-0.500981556739748,30,627,0.5,0.226416518349099
"Azazelle/smol_bruin-7b",0.36218614828183,0.238094185246775,30,627,0.566666666666667,0.351910745347919
"Azazelle/Dumb-Maidlet",0.282698341271066,-0.242022056146946,30,627,0.5,0.271778659927903
"NTQAI/Nxcode-CQ-7B-orpo",0.170828397952453,-0.968692987051998,30,627,0.533333333333333,0.152612069541353
"frankenmerger/MiniLlama-1.8b-Chat-v0.1",0.161678892318849,-0.997385116029466,30,627,0.333333333333333,0.153053041011588
"BioMistral/BioMistral-7B",0.2388266086352,-0.508409052956937,30,627,0.5,0.225702317611843
"Sharathhebbar24/ssh_1.8B",0.181422864151014,-0.848397731512505,30,627,0.4,0.170439088480211
"Test157t/Eris-Floramix-7b",0.559345755326238,1.47615458727795,30,627,0.633333333333333,0.555627786582162
"KingNish/CodeMaster-v1-9b",0.130779233692725,-1.23477149357688,30,627,0.233333333333333,0.125625761348976
"leonarad/hope_for",0.193196869526799,-0.784500103196172,30,627,0.5,0.177779626789453
"NExtNewChattingAI/shark_tank_ai_7b_v2",0.490392617258662,0.998352254550708,30,627,0.533333333333333,0.488234792330286
"core-3/kuno-royale-7b",0.533309132076488,1.26822024897245,30,627,0.6,0.529957832180834
"freecs/Zero-7B-test-2",0.384183589614368,0.367160998732839,30,627,0.466666666666667,0.380038711370534
"OpenBuddy/openbuddy-falcon-40b-v16.1-4k",0.271459782077788,-0.297673387015875,30,627,0.433333333333333,0.263325432768464
"ibivibiv/llama-3-8b-instruct-alpaca-gpt-4",0.281668855338874,-0.249956093456384,30,627,0.5,0.270697441034295
"Sao10K/Franziska-Mixtral-v1",0.435323026503979,0.676413313016915,30,627,0.466666666666667,0.433747969209372
"ZhangShenao/0.0005_llama_4iters_bs128_5551lr_iter_3",0.361958502560601,0.235827829384359,30,627,0.6,0.349996618267163
"saishf/West-Maid-7B",0.292305963952745,-0.189045648376054,30,627,0.466666666666667,0.283544119595262
"abhishekchohan/SOLAR-10.7B-Instruct-Forest-DPO-v1",0.551756308412085,1.39013475821362,30,627,0.7,0.544306876673998
"MoxoffSpA/Azzurro",0.193473854913907,-0.769857224647516,30,627,0.5,0.178070531040234
"meta-math/MetaMath-Llemma-7B",0.160026680443925,-0.99554799071348,30,627,0.366666666666667,0.14964276153826
"Korabbit/Llama-2-7b-chat-hf-afr-200step-flan",0.235223244815081,-0.5154738846034,30,627,0.433333333333333,0.225267963985018
"jan-hq/stealth-v1.3",0.360957265728172,0.246394069685297,30,627,0.5,0.353970193654211
"kevin009/lamatama",0.130056963456148,-1.23765608999079,30,627,0.2,0.126542238001683
"MRAIRR/mini_7B_dare_v1",0.310980726406495,-0.0653940203190869,30,627,0.633333333333333,0.294782102942835
"aloobun/CosmicBun-8B",0.280748587507926,-0.249679591347036,30,627,0.533333333333333,0.268055886712679
"h2oai/h2o-danube-1.8b-chat",0.189364327777918,-0.800964953146092,30,627,0.466666666666667,0.175429536878985
"Kquant03/Azathoth-16x7B-bf16",0.563624431239574,1.50005727377465,30,627,0.633333333333333,0.560121471335365
"Inv/Elbrus-7B",0.202658372826879,-0.730932201712783,30,627,0.533333333333333,0.186041540640625
"vicgalleorg/OpenHermes-Yi-9B",0.177405672598613,-0.896809585887769,30,627,0.433333333333333,0.164544986129532
"SanjiWatsuki/Loyal-Macaroni-Maid-7B",0.403229867934523,0.490891814170911,30,627,0.433333333333333,0.401717130979809
"soketlabs/pragna-1b",0.129549222651269,-1.24941597364521,30,627,0.233333333333333,0.124333940707446
"mncai/mistral-7b-dpo-v6",0.53682530879729,1.29379092878801,30,627,0.6,0.533650701199164
"migtissera/Synthia-v3.0-11B",0.237373466892011,-0.506731162623618,30,627,0.466666666666667,0.225851195546551
"jondurbin/bagel-8b-v1.0",0.286607192533703,-0.226858279862734,30,627,0.566666666666667,0.272533852125011
"TheBloke/robin-13B-v2-fp16",0.276853815960512,-0.265993939056639,30,627,0.466666666666667,0.267315481754173
"invalid-coder/dolphin-2.1-mistral-7b-snr-math-laser",0.319397419924155,-0.0080620006003552,30,627,0.5,0.31032191338768
"macadeliccc/SOLAR-10.7b-Instruct-truthy-dpo",0.570420170099032,1.53369738834365,30,627,0.7,0.563908620857777
"sail/Sailor-4B",0.145359068135293,-1.06183460207593,30,627,0.2,0.142613292664705
"Inv/MoeMoE-2x7b",0.409247195480812,0.50849183410592,30,627,0.5,0.404686753042662
"FelixChao/Capricorn-7B",0.573612196071901,1.58251319446855,30,627,0.6,0.572286175774006
"perlthoughts/Chupacabra-7B-v2",0.351918568665141,0.18091188252373,30,627,0.566666666666667,0.341127206956522
"Kukedlc/NeuralContamination-7B-ties",0.635317505290396,2.29900232384394,30,627,0.766666666666667,0.628717044919729
"maldv/badger-l3-instruct-32k",0.280284787817757,-0.25411409847223,30,627,0.533333333333333,0.267568780505416
"DreadPoor/FettuccineLake-DPO-7B-slerp",0.457663191274316,0.784386601403563,30,627,0.5,0.455535713448905
"saltlux/luxia-21.4b-alignment-v0.1",0.581954655308173,1.66852419898903,30,627,0.566666666666667,0.582722895943425
"Gille/StrangeMerges_37-7B-dare_ties",0.587751289841539,1.72419612955956,30,627,0.6,0.587135776768249
"vikash06/doctorLLM10k",0.234468784329884,-0.542664899850543,30,627,0.566666666666667,0.217775423408438
"Walmart-the-bag/Misted-v2-7B",0.411190167011748,0.528375595461061,30,627,0.466666666666667,0.408402403209994
"perlthoughts/Chupacabra-7B-v2.01",0.44881457706362,0.750243359797531,30,627,0.5,0.446242445257771
"DrNicefellow/GPT-2-Large-40k-steps",0.130357933270517,-1.27897690757882,30,627,0.3,0.121833206299187
"ZoidBB/unraveled-7b-a1",0.202871548434102,-0.743693539434563,30,627,0.566666666666667,0.184590386713873
"lodrick-the-lafted/Grafted-Wind-Elementals-2x70B",0.36551980765504,0.251384444540712,30,627,0.566666666666667,0.355411925292647
"vicgalle/Worldsim-Hermes-7B",0.289220870590549,-0.206417328792866,30,627,0.6,0.273603828911682
"arlineka/Brunhilde-13b-v3",0.298078882818136,-0.162277209758636,30,627,0.6,0.282906967381862
"Kukedlc/NeuralMaxime-7B-slerp",0.632646926432857,2.26388986125981,30,627,0.733333333333333,0.627587307995648
"RaduGabriel/SirUkrainian2.0DPO",0.392770142445122,0.428789326214708,30,627,0.466666666666667,0.38905674926816
"yleo/EmertonBeagle-7B-dpo",0.601025796450419,1.84457867751491,30,627,0.633333333333333,0.599402302134695
"Sharathhebbar24/Med_GPT2",0.107779123915611,-1.58170897934909,30,627,0.266666666666667,0.099794825284905
"Radu1999/Mistral-Instruct-Ukrainian-slerp",0.403708527570558,0.491028263970013,30,627,0.5,0.398869760111792
"Sayan01/Llama-Flan-XL2base",0.0811488788678588,-2.2962782068344,30,627,0.333333333333333,0.0684762932163275
"allknowingroger/LimmyAutomerge-7B-slerp",0.647128472581762,2.49275523225188,30,627,0.766666666666667,0.641121528155385
"Locutusque/Orca-2-13B-no_robots",0.275586653938063,-0.277873001646238,30,627,0.4,0.269334727000277
"Gille/StrangeMerges_24-7B-slerp",0.617745532088129,2.05159875746942,30,627,0.7,0.613612141740799
"pabloce/Dolphin-2.8-slerp",0.483176991152049,0.958736132364131,30,627,0.5,0.482331613823006
"antiven0m/reverie-7b",0.396801299709518,0.449389109580455,30,627,0.5,0.391615435373313
"invalid-coder/SOLAR-10.7B-Instruct-SOLARC-M-10.7B-slerp",0.532733435934826,1.25397649248276,30,627,0.666666666666667,0.526003122832723
"Felladrin/Pythia-31M-Chat-v1",0.115270372456644,-1.54803293605867,30,627,0.433333333333333,0.0992873090960066
"ai-forever/mGPT",0.110599478837177,-1.54184977737538,30,627,0.266666666666667,0.102756906584439
"alignment-handbook/zephyr-7b-sft-full",0.200399274749855,-0.751077745605857,30,627,0.533333333333333,0.183668920047167
"fhai50032/RPLakeCoder-TxC",0.441509881724428,0.714552050097139,30,627,0.5,0.438570679801033
"L-R/LLmRa-2.7B",0.143877477990237,-1.10879945790017,30,627,0.233333333333333,0.139382208877519
"bunnycore/Maverick-8B",0.278426894532487,-0.25885706934814,30,627,0.5,0.267292567624571
"Stefan171/TestingLLM",0.103464104649382,-1.6260934171681,30,627,0.166666666666667,0.10028809650781
"SF-Foundation/TextBase-v0.2",0.64591807990367,2.45907682947768,30,627,0.833333333333333,0.636500227972531
"pandego/my-first-blend",0.572043424975568,1.57523747121318,30,627,0.533333333333333,0.573988655711358
"DatPySci/pythia-1b-kto-iter0",0.115208084588439,-1.44250928598742,30,627,0.233333333333333,0.109272142440455
"l3utterfly/phi-2-layla-v1-chatml",0.221942325409671,-0.607133446575021,30,627,0.533333333333333,0.206294536066773
"BFauber/lora_llama2-13b_10e5_r32_a256",0.186240774239082,-0.81244737955573,30,627,0.4,0.175499104602855
"maldv/dragonwar-7b-alpha",0.195914292031645,-0.760345050280372,30,627,0.5,0.180633603189014
"MaziyarPanahi/Goku-8x22B-v0.1",0.249819998361076,-0.453098602796278,30,627,0.5,0.237248138982236
"uukuguy/speechless-thoughts-mistral-7b",0.252125224651924,-0.442070450068617,30,627,0.6,0.234644080162071
"grimjim/kuno-kunoichi-v1-DPO-v2-SLERP-7B",0.441208682318465,0.717538640653709,30,627,0.433333333333333,0.441604428498623
"NeuralNovel/Senzu-7B-v0.1-DPO",0.28857590859996,-0.203348749645731,30,627,0.366666666666667,0.284651749903141
"Eurdem/megatron_2.1_MoE_2x7B",0.660573535169141,2.75306420300853,30,627,0.733333333333333,0.656917263904608
"Tensoic/Qwixtral-4x1.8B-SFT",0.112605965624963,-1.45982104609612,30,627,0.133333333333333,0.11156438935821
"namirocks/student-model-13b-ep3",0.168075725193064,-0.974443298226265,30,627,0.466666666666667,0.153071155269768
"TeeZee/GALAXY-XB-v.02",0.199934444502676,-0.750311134988978,30,627,0.566666666666667,0.181505689620063
"MaziyarPanahi/Experiment26Yamshadow_Ognoexperiment27Multi_verse_model",0.657941252591135,2.70293914424499,30,627,0.7,0.655827747696217
"jpquiroga/Mistral_7B_ties_merge_instruct_open_orca_codeninja",0.324455895537417,0.000594206667351878,30,627,0.566666666666667,0.312284500003284
"v1olet/v1olet_merged_dpo_7B_v4",0.449843592882161,0.761132990686861,30,627,0.666666666666667,0.438947961033694
"leveldevai/TurdusDareBeagle-7B",0.533581804174138,1.26301954862089,30,627,0.666666666666667,0.52689412264185
"fblgit/una-cybertron-7b-v3-OMA",0.591966303745379,1.76915163472278,30,627,0.566666666666667,0.593237642292048
"kevin009/llamaRAGdrama",0.575461209163578,1.58991454637977,30,627,0.633333333333333,0.572553062220374
"MaziyarPanahi/Mistral-7B-Instruct-Aya-101",0.288951233583795,-0.213136795683203,30,627,0.633333333333333,0.271645600430552
"lole25/phi-2-sft-ultrachat-full",0.233562551656071,-0.530483194988122,30,627,0.5,0.220173735156376
"tushar310/Hippy-AAI-7B",0.561679591491807,1.49234174509088,30,627,0.566666666666667,0.5614289846991
"allknowingroger/NeuralWestSeverus-7B-slerp",0.524912375463272,1.2313678618244,30,627,0.566666666666667,0.522814169875162
"TheBloke/orca_mini_v3_7B-GPTQ",0.289393591765736,-0.21382313524399,30,627,0.533333333333333,0.277135313295002
"CultriX/MistralTrix-SLERP",0.452973603475744,0.764430182354943,30,627,0.533333333333333,0.448935426095965
"TencentARC/Mistral_Pro_8B_v0.1",0.25413571669503,-0.411152899417086,30,627,0.4,0.246805853212369
"Yuma42/KangalKhan-ShinyEmerald-7B",0.36335859164225,0.249191168123889,30,627,0.533333333333333,0.354817147336166
"kuotient/Seagull-Llama-3-8B-orpo-v0.3",0.286803419586232,-0.221770671667692,30,627,0.466666666666667,0.277765065461588
"Kiddyz/testlm2",0.242314728227858,-0.491275371251345,30,627,0.533333333333333,0.227690677720045
"abhinand/mistral7b-test001",0.12712531548048,-1.29336677113886,30,627,0.233333333333333,0.121788229156216
"FinancialSupport/saiga-7b",0.336811143234263,0.0935534082711554,30,627,0.466666666666667,0.330285740046705
"xzuyn/GPT-2-SlimOrcaDeduped-airoboros-3.1-MetaMathQA-SFT-124M",0.124369477045771,-1.34317900481994,30,627,0.3,0.11554382262596
"flammenai/flammen21X-mistral-7B",0.539550005187498,1.29101335616498,30,627,0.7,0.531487191377825
"mayacinka/yam-jom-7B",0.657195335408609,2.66967018033328,30,627,0.766666666666667,0.651694263486094
"shyamieee/Maverick-v1.0",0.560757151333301,1.48831975193643,30,627,0.6,0.558785148887738
"xaviviro/FLAMA-0.5-3B",0.164392505533768,-0.993583025675227,30,627,0.466666666666667,0.149202849195431
"shanchen/llama3-8B-slerp-med-262k",0.175326065578649,-0.910221064743971,30,627,0.466666666666667,0.160685834368195
"Azazelle/Yuna-7b-Merge",0.398401322389298,0.466652602418032,30,627,0.4,0.398320986830972
"TeeZee/NEBULA-XB-v1.0_SFT_2_epoch",0.279555927501737,-0.255353369508426,30,627,0.5,0.268478335918909
"Lvxy1117/amber_fine_tune_sg_part1",0.203417068951509,-0.736611993105349,30,627,0.566666666666667,0.185163320322607
"one-man-army/una-neural-chat-v3-3-P1-OMA",0.443960689894568,0.727728708330373,30,627,0.433333333333333,0.44449472791272
"Sharathhebbar24/math_gpt2",0.1169428451818,-1.51194205707948,30,627,0.4,0.102718867552745
"Changgil/K2S3-Mistral-7b-v1.2",0.204899437676937,-0.727868805865318,30,627,0.533333333333333,0.188395221814807
"ChuckMcSneed/WinterGoddess-1.4x-70b-32k",0.320405945575811,-0.00618844344785047,30,627,0.5,0.311381118720324
"mahiatlinux/MasherAI-v6.1-7B-checkpoint6-pro",0.375079207898049,0.302231479669252,30,627,0.566666666666667,0.365451697407164
"kyujinpy/SOLAR-Platypus-10.7B-v1",0.25096267430783,-0.44915878336206,30,627,0.433333333333333,0.241798319582931
"Sao10K/Fimbulvetr-11B-v2",0.463215732920159,0.817705946414044,30,627,0.5,0.461367277288006
"twodgirl/Nimue-7B",0.245214624429639,-0.484206900303288,30,627,0.533333333333333,0.230736297349051
"ZhangShenao/0.001_idpo_declr_iter_2",0.371968555210297,0.280873430300348,30,627,0.6,0.36050968863795
"avinash31d/phi-2-slerp",0.269758716366459,-0.308760137658083,30,627,0.433333333333333,0.261538886368123
"bardsai/jaskier-7b-dpo-v7.1",0.657730024774968,2.70182240776214,30,627,0.733333333333333,0.653930863540879
"LeroyDyer/Mixtral_Chat_X_128k",0.366330386226392,0.258302534967151,30,627,0.533333333333333,0.357938278331571
"FelixChao/Cygnus-7B",0.541682788524778,1.30364668020262,30,627,0.633333333333333,0.537077233509273
"allknowingroger/LadybirdPercival-7B-slerp",0.584428502393431,1.68015978640524,30,627,0.633333333333333,0.581970973200471
"SilverCoder66/Mistral-7B-Instruct-adapt-v0.22",0.563833387573827,1.50472095539845,30,627,0.666666666666667,0.558665886111876
"PetroGPT/Llama-3-Petro-Instruct-v1",0.234289658271395,-0.518898196250413,30,627,0.433333333333333,0.224287463544664
"cloudyu/Truthful_DPO_cloudyu_Mixtral_34Bx2_MoE_60B",0.361067593537459,0.230904966932039,30,627,0.566666666666667,0.350735981822423
"jondurbin/bagel-dpo-7b-v0.4",0.447284417064581,0.750240706686466,30,627,0.433333333333333,0.447985476548564
"dball/zephyr-7b-dpo-qlora",0.202861975479014,-0.747974296658607,30,627,0.633333333333333,0.181230248953671
"chujiezheng/tulu-2-dpo-70b-ExPO",0.43264369928901,0.661532854797435,30,627,0.466666666666667,0.430934002435861
"Kukedlc/NeuralSynthesis-7B-v0.3",0.655677203195388,2.66760777165305,30,627,0.7,0.65344992697405
"cstr/llama3-8b-spaetzle-v20",0.357233716476989,0.21702706363102,30,627,0.6,0.345034405747189
"TheSkullery/llama-3-cat-8b-instruct",0.271558620260543,-0.304983800475767,30,627,0.433333333333333,0.263429237694072
"Sharathhebbar24/math_gpt2_sft",0.107589455383765,-1.63848807557015,30,627,0.333333333333333,0.096245541918963
"jeiku/Zephyr_beta_32k_7B",0.464011118651426,0.83632412151245,30,627,0.433333333333333,0.465552715903591
"Riiid/sheep-duck-llama-2",0.318912601554511,-0.0197579704246421,30,627,0.5,0.309812732285894
"Cartinoe5930/TIES-Merging",0.199280274558444,-0.750829462742657,30,627,0.533333333333333,0.18249368869036
"XuanXuanXuanXuan/Mistral-7B-Instruct-v0.1-gpt-4-80k",0.320239731880251,-0.0103833073474285,30,627,0.533333333333333,0.309531510701704
"ChaoticNeutrals/Prima-LelantaclesV4-7b-16k-bf16",0.337256304343774,0.0932378915387122,30,627,0.466666666666667,0.330753271061217
"jisukim8873/mistral-7B-alpaca-1-epoch",0.228816162645316,-0.559542948342339,30,627,0.433333333333333,0.218538917887124
"CorticalStack/pastiche-crown-clown-7b-dare",0.622231235934251,2.10054273915693,30,627,0.733333333333333,0.616648215964448
"LHC88/LaseredHermes-7B-v1",0.381065718886428,0.349372524306105,30,627,0.433333333333333,0.378439205597639
"abhinand/tamil-llama-7b-base-v0.1",0.13120997010764,-1.2306402247612,30,627,0.233333333333333,0.126078142809866
"0ai/0ai-7B-v3",0.538269080115679,1.30743783856859,30,627,0.533333333333333,0.538517107592179
"louisbrulenaudet/Pearl-7B-0211-ties",0.556946854345074,1.4435221454666,30,627,0.666666666666667,0.551433295936954
"h2oai/h2o-danube2-1.8b-chat",0.169544564179605,-0.974332840959247,30,627,0.466666666666667,0.154613805260657
"netcat420/MFANNv0.2",0.475483817031509,0.907627254712615,30,627,0.466666666666667,0.475926889914165
"Mihaiii/Llama-3-pruned-45B-Drobeta-Turnu-Severin",0.193748125517683,-0.772282943737635,30,627,0.466666666666667,0.180033625962458
"Steelskull/Aurora_base_test",0.494346794301113,1.00509925178092,30,627,0.6,0.489037587984586
"mncai/mistral-7b-dpo-v5",0.528234489711842,1.24038759179686,30,627,0.6,0.524628182662186
"voidful/phi-1_5_chat_32k",0.228605280753561,-0.560041215209806,30,627,0.6,0.209942229535147
"airesearch/typhoon-7b-WangchanX-sft-Demo",0.20343685176907,-0.743749674123335,30,627,0.6,0.183509055375556
"allknowingroger/Neurallaymons-7B-slerp",0.435225829003095,0.673454458576015,30,627,0.533333333333333,0.430295803659867
"TeeZee/Bielik-SOLAR-LIKE-10.7B-Instruct-v0.1",0.192081630988473,-0.773030963325576,30,627,0.466666666666667,0.178283387989569
"adamo1139/Yi-34B-200K-rawrr1-LORA-DPO-experimental-r3",0.209864204833196,-0.69632960523722,30,627,0.566666666666667,0.191934432881765
"macadeliccc/gemma-orchid-7b-dpo",0.286496171796765,-0.232345348773907,30,627,0.6,0.270742210580522
"meraGPT/mera-mix-4x7B",0.627205845684223,2.16391293810056,30,627,0.733333333333333,0.621872806103866
"mayacinka/Open-StaMis-stock",0.237861968531389,-0.508824296626519,30,627,0.5,0.224689203130957
"statking/Meta-Llama-3-8B-Instruct-ORPO-QLoRA",0.232480268248919,-0.526296514592164,30,627,0.4,0.224062191276503
"AA051610/A13",0.270471259487553,-0.311806526845213,30,627,0.5,0.258937151924113
"xriminact/TarsMeta",0.24556521836343,-0.479014334915336,30,627,0.466666666666667,0.234454592820554
"naivecat/cherry_5_7B",0.199757207199601,-0.746901331099886,30,627,0.433333333333333,0.188019713424037
"Undi95/PsyMedRP-v1-20B",0.3291742951293,0.0276253974852716,30,627,0.5,0.32059008885439
"perlthoughts/Chupacabra-7B-v2.03",0.278030450874221,-0.258004695743351,30,627,0.466666666666667,0.26855124405048
"allknowingroger/RogerWizard-12B-MoE",0.569511126778644,1.53553673680261,30,627,0.733333333333333,0.561278855092479
"AGI-inc/lora_moe_7b_baseline",0.160471136994583,-1.00256259558122,30,627,0.4,0.148434510712904
"beowolx/CodeNinja-1.0-OpenChat-7B",0.243162120698555,-0.487348135886194,30,627,0.533333333333333,0.228580652726958
"allknowingroger/mergekit-slerp-zplzqvn",0.661556319715707,2.77622861027885,30,627,0.733333333333333,0.657949434609294
"Josephgflowers/Cinder-1.3B-Test",0.155492701315837,-1.00659696912836,30,627,0.3,0.148231028015126
"ToastyPigeon/smolphin-test-bottomheavy",0.126016304257374,-1.27415417589746,30,627,0.2,0.122298530601965
"allknowingroger/PercivalMelodias-7B-slerp",0.662092725931353,2.78556200466291,30,627,0.733333333333333,0.658512795911153
"allknowingroger/WestlakeMaziyar-7B-slerp",0.552201576446271,1.40735758085479,30,627,0.633333333333333,0.548124603738378
"MaziyarPanahi/Calme-7B-Instruct-v0.1",0.391377095286606,0.4119566119626,30,627,0.433333333333333,0.389268741615916
"SilverCoder66/Mistral-7B-Instruct-adapt-v0.2",0.570856157491548,1.55141150303079,30,627,0.666666666666667,0.566041559040536
"Charlie911/vicuna-7b-v1.5-lora-temporal-without-mctaco-1",0.158062241239436,-1.00095565289135,30,627,0.333333333333333,0.149254648671903
"KnutJaegersberg/Walter-Falcon-1B",0.139100592391796,-1.20986625064487,30,627,0.333333333333333,0.129340153148502
"Gille/StrangeMerges_42-7B-dare_ties",0.609363593885142,1.95681015018432,30,627,0.633333333333333,0.608159084365133
"DopeorNope/SOLARC-MOE-10.7Bx6",0.529657354368312,1.24906061442109,30,627,0.6,0.526122548055161
"ppopiolek/tinyllama_merged_test",0.158343037044652,-1.00308768823638,30,627,0.3,0.151224596695137
"DUAL-GPO/phi-2-gpo-renew2-b0.001-0.5ultrafeedback-lowLr-i1",0.207344194257089,-0.71031060872723,30,627,0.533333333333333,0.190962830484413
"AwanLLM/Llama-3-8B-Cumulus-v0.1",0.249289278446711,-0.453961483100737,30,627,0.533333333333333,0.235015707849394
"mediocredev/open-llama-3b-v2-chat",0.163210249976543,-1.00009754691206,30,627,0.433333333333333,0.149636225687257
"maldv/hyperdrive-7b-alpha",0.190278740997815,-0.812854988050338,30,627,0.466666666666667,0.176389900511944
"rhysjones/Phi-3-mini-mango-1",0.326968334080332,0.0114773831266021,30,627,0.566666666666667,0.31492319173931
"TeeZee/Kyllene-34B-v1.1",0.368469870562513,0.265737690998116,30,627,0.633333333333333,0.355160148815236
"nbeerbower/flammen11-mistral-7B",0.528605709282455,1.24845527059383,30,627,0.566666666666667,0.526693098358626
"CultriX/AlphaCeption-7B-v1",0.643944899230427,2.44443928315791,30,627,0.766666666666667,0.637777976243681
"allknowingroger/Multimerge-12B-MoE",0.662218181552629,2.78573647138195,30,627,0.733333333333333,0.658644555835006
"ResplendentAI/Asherah_7B",0.361783747009691,0.227630753107216,30,627,0.566666666666667,0.351488122906326
"abideen/MonarchCoder-7B",0.409937832981004,0.504447252172394,30,627,0.566666666666667,0.40206201219278
"Eric111/Mayoroya",0.452914577652902,0.762199721803933,30,627,0.533333333333333,0.448873434151373
"ShenaoZ/0.0_withdpo_4iters_bs256_531lr_iter_3",0.367103241539777,0.25932584373612,30,627,0.566666666666667,0.35707492871933
"MaziyarPanahi/Llama-3-8B-Instruct-v0.8",0.382376445151877,0.35916419371388,30,627,0.533333333333333,0.374790671876427
"kidyu/Moza-7B-v1.0",0.490310787589627,1.00008371790128,30,627,0.533333333333333,0.488148850617582
"ewqr2130/llama_ppo_1e6_new_tokenizerstep_8000",0.202699127914617,-0.741099522154154,30,627,0.6,0.182734259970628
"splm/zephyr-7b-sft-full-spin-peft-iter1",0.203163904771204,-0.746433440095723,30,627,0.633333333333333,0.181547350572102
"vicgalle/SOLAR-13B-Instruct-v1.0",0.459657570341899,0.810621415599666,30,627,0.5,0.457630312570136
"instructkr/ko-wand-136M",0.0858902520368825,-2.25463069388648,30,627,0.433333333333333,0.0684308007154528
"jondurbin/bagel-7b-v0.5",0.324702756587708,0.00592199680796362,30,627,0.566666666666667,0.312543766131478
"vicgalleorg/TruthfulQwen1.5-1.8B",0.167867005106903,-0.983485941097361,30,627,0.466666666666667,0.152851946737066
"abhishek/autotrain-llama3-orpo-v2",0.281200730713425,-0.252024291077672,30,627,0.533333333333333,0.268530750682274
"NExtNewChattingAI/shark_tank_ai_7_b",0.387317192159207,0.386637643463097,30,627,0.466666666666667,0.383329781379938
"azarafrooz/gemma-nlaf-v1",0.195478079725374,-0.768964227430357,30,627,0.466666666666667,0.181850512542395
"Gille/MoE-StrangeMerges-2x7B",0.485081960101596,0.975820456775889,30,627,0.5,0.484332309855445
"Josephgflowers/Tinyllama-Cinder-1.3B-Reason-Test.2",0.148973938529441,-1.06707296360926,30,627,0.3,0.141384689209313
"BFauber/lora_llama2-13b_10e4",0.201943430901616,-0.743046008029929,30,627,0.566666666666667,0.183615630109402
"davidkim205/Rhea-72b-v0.5",0.565757616865532,1.50664036055914,30,627,0.633333333333333,0.562361852218909
"adamo1139/Yi-34B-200K-AEZAKMI-RAW-2301-LoRA",0.323400442527195,0.00617157343428849,30,627,0.533333333333333,0.312851051029399
"wassemgtk/16b-experiment-llama",0.254386301833361,-0.431834698836634,30,627,0.533333333333333,0.240368863064519
"Hastagaras/Halu-OAS-8B-Llama3",0.315771158676632,-0.0403459744289057,30,627,0.5,0.306513427956864
"Yuma42/KangalKhan-PrimordialSapphire-7B",0.366450326649973,0.261010211830638,30,627,0.5,0.359739287788163
"yeontaek/llama-2-13B-ensemble-v6",0.320337661655806,-0.0159083464707419,30,627,0.533333333333333,0.309634361571508
"TheBloke/llama-30b-supercot-SuperHOT-8K-fp16",0.103992634193333,-1.51283002200189,30,627,0.1,0.10419326907742
"huangyt/Mistral-7B-v0.1-Open-Platypus_2.5w-r16-gate_up_down",0.22645868222527,-0.57785032625674,30,627,0.533333333333333,0.211037845486172
"openagi-project/OpenAGI-7B-v0.1",0.460833389942627,0.805735981436288,30,627,0.466666666666667,0.460540260459007
"YeungNLP/firefly-qwen1.5-en-7b-unsloth",0.241931494202465,-0.494978351781102,30,627,0.533333333333333,0.227288185703427
"SC56/Mistral-7B-orca-dpo-2h",0.560726860123331,1.4887398611388,30,627,0.6,0.558753335506413
"Jingyu6/MergeTest-7B-slerp",0.401172519029318,0.466349234497433,30,627,0.533333333333333,0.394531272079368
"Azazelle/Half-NSFW_Noromaid-7b",0.226361803885657,-0.571642708803546,30,627,0.433333333333333,0.215961224516427
"AlanRobotics/nanit_v2",0.240920784154554,-0.496578240629791,30,627,0.466666666666667,0.229576769957965
"mncai/agiin-13.6B-v0.1",0.53393345803484,1.25582684570638,30,627,0.666666666666667,0.527263447550829
"pansophic/rocket-3B",0.306770925246424,-0.0794609634403307,30,627,0.433333333333333,0.300411005242057
"OEvortex/vortex-3b",0.122555942194934,-1.30858528012951,30,627,0.2,0.1186642809987
"TwT-6/open_llm_leaderboard_demo",0.32025731265497,-0.00849868638880937,30,627,0.5,0.311225016808486
"hon9kon9ize/CantoneseLLMChat-preview20240326",0.199668419870286,-0.748662129162911,30,627,0.533333333333333,0.182901338791741
"vitruv/vitruv_1",0.16377523319103,-0.991479580300611,30,627,0.433333333333333,0.15022960001805
"Technoculture/mtor",0.0921988084712061,-1.89198321850457,30,627,0.233333333333333,0.0851066212922048
"Gille/StrangeMerges_41-7B-dare_ties",0.363793931410842,0.252446100713693,30,627,0.533333333333333,0.355274363475038
"argilla/notux-8x7b-v1-epoch-2",0.404973265791929,0.502367140078032,30,627,0.4,0.405223178645795
"JaeyeonKang/CCK_gony",0.314568858432858,-0.048258840107533,30,627,0.533333333333333,0.303575668739367
"Clausss/QwenSailorMerge",0.133331600621985,-1.21479344571639,30,627,0.233333333333333,0.128306387922922
"chatty123/mistral_rank16_dpo",0.460733488954586,0.808654518038709,30,627,0.5,0.458760297444766
"NeuralNovel/Gecko-7B-v0.1-DPO",0.330538154510797,0.0392352429366278,30,627,0.5,0.322022483883199
"YeungNLP/firefly-qwen1.5-en-7b-dpo-v0.1-unsloth",0.323891172391324,0.00365023065907212,30,627,0.5,0.315041482561742
"SF-Foundation/Ein-72B-v0.11",0.609164604627854,1.95706620942266,30,627,0.633333333333333,0.607950095647679
"maywell/TinyLlama-MoE-Chat-0.1",0.16200951073522,-0.992622875313362,30,627,0.4,0.150050189666638
"1TuanPham/T-Llama",0.230963117167687,-0.545688995781775,30,627,0.466666666666667,0.219118717695377
"GreenNode/GreenNodeLM-7B-v1olet",0.579926183577055,1.65844744165284,30,627,0.533333333333333,0.582267532835533
"zhengr/NeuralPipe-7B-slerp",0.397736954423407,0.447010931874972,30,627,0.5,0.39259810791202
"ShenaoZhang/0.001_idpo_iter_3",0.379515055539485,0.333129596302905,30,627,0.6,0.368435410089208
"automerger/Experiment28Yam-7B",0.645684470262032,2.47683256329551,30,627,0.733333333333333,0.641280004781062
"BFauber/lora_opt125m_10e5",0.11703763865039,-1.44859410762904,30,627,0.366666666666667,0.104493466388265
"wang7776/Llama-2-7b-chat-hf-20-sparsity",0.243723249039791,-0.488291417669369,30,627,0.533333333333333,0.229169978472276
"HIT-SCIR/huozi3",0.24200946538728,-0.496899666261438,30,627,0.533333333333333,0.227370075038232
"nnethercott/llava-v1.5-7b_vicuna",0.222526531957451,-0.606711655024824,30,627,0.6,0.203558015975413
"AA051610/VA",0.187518738964165,-0.81793703475087,30,627,0.466666666666667,0.173491204908763
"GreenNode/GreenNodeLM-7B-v4leo",0.532643738972709,1.26671227559399,30,627,0.566666666666667,0.530934044113716
"yhyu13/LMCocktail-10.7B-v1",0.52992414047058,1.24701783979739,30,627,0.6,0.526402740494227
"NeverSleep/Noromaid-13b-v0.3",0.282400081464102,-0.245731518295831,30,627,0.5,0.271465412190941
"Vasanth/Beast-Soul-new",0.528959943891053,1.24447390629968,30,627,0.6,0.525390091825277
"xxyyy123/Mistral-dpo-v1",0.289042598358747,-0.206526205460957,30,627,0.466666666666667,0.280116765780459
"RESMPDEV/Qwen1.5-Wukong-1.8B",0.163623635710478,-0.980979736041114,30,627,0.4,0.151745426449698
"Abhaykoul/OEvortex",0.149025982643539,-1.05289742539168,30,627,0.233333333333333,0.14478943235762
"cognitivecomputations/Dolphin-2.9.1-Phi-3-Kensho-4.5B",0.250391236337169,-0.44719090234711,30,627,0.5,0.237848082384263
"OpenBuddy/openbuddy-mistral-22b-v21.1-32k",0.28187302982168,-0.250496091901533,30,627,0.5,0.270911875541362
"birgermoell/llama-3-merge-disco-neural-pace",0.247821704111776,-0.46549392537185,30,627,0.5,0.235149427936488
"grimjim/kunoichi-lemon-royale-v2-32K-7B",0.384881404202279,0.364527491794636,30,627,0.533333333333333,0.377421508266045
"EmbeddedLLM/Mistral-7B-Merge-14-v0.3-ft-step-15936",0.298637765555915,-0.144301973738342,30,627,0.533333333333333,0.286844018431422
"yam-peleg/Experiment24-7B",0.660008688031439,2.7118008066196,30,627,0.766666666666667,0.654648990612583
"KnutJaegersberg/Deita-500m",0.14348923190669,-1.13986512833908,30,627,0.3,0.135624369188433
"NeverSleep/Llama-3-Lumimaid-8B-v0.1-OAS",0.255755319364054,-0.417252310753074,30,627,0.6,0.238456591693906
"maldv/badger-zeta-l3-4x8b",0.287273148121256,-0.228092771952841,30,627,0.533333333333333,0.274908314693513
"hywu/Camelidae-8x7B",0.209234734656754,-0.703956227549241,30,627,0.533333333333333,0.192948372914212
"openthaigpt/openthaigpt-1.0.0-70b-chat",0.256927975400254,-0.393476426313194,30,627,0.433333333333333,0.248063384549345
"bababababooey/mergekit-slerp-bxtecvo",0.368916503393941,0.269782936145811,30,627,0.533333333333333,0.36065435113568
"l3utterfly/tinyllama-1.1b-layla-v1",0.136565407832773,-1.15819103567387,30,627,0.2,0.133377739884671
"martyn/mixtral-megamerge-dare-8x7b-v2",0.312271463537457,-0.0478484257719097,30,627,0.466666666666667,0.304512910616391
"icefog72/IceCoffeeTest11",0.53150539683195,1.25372407249857,30,627,0.633333333333333,0.526388415098213
"rizla/rizla55b",0.290361464237743,-0.204781374823932,30,627,0.6,0.274801738822554
"AA051615/A0221",0.277669599710503,-0.260450628970796,30,627,0.433333333333333,0.269847301538501
"macadeliccc/polyglot-math-4x7b",0.31836236421623,-0.0158413887927935,30,627,0.5,0.309234844830111
"OpenBuddy/openbuddy-llama3-8b-v21.1-8k",0.305108399526726,-0.0973645420989402,30,627,0.5,0.29531485176425
"BFauber/opt125m_10e5_lr2e-5",0.109606656732663,-1.63673287182072,30,627,0.4,0.0950140264177218
"vicgalleorg/test1",0.612818647115475,1.9991893839974,30,627,0.666666666666667,0.610112716484762
"saarvajanik/facebook-opt-6.7b-gqa-ub-16-best-for-KV-cache",0.085184940492912,-2.15858220124251,30,627,0.333333333333333,0.0727151720084688
"openaccess-ai-collective/dpopenhermes-alpha-v0",0.239622919526038,-0.506541678661044,30,627,0.533333333333333,0.22486360224929
"TommyZQ/llama3",0.188323975449524,-0.801781531871662,30,627,0.466666666666667,0.174336905539115
"TwT-6/cr-model",0.320985937784495,-0.00775355344742626,30,627,0.533333333333333,0.310315214390081
"gemmathon/gemma-2b-ko-dev-pbmt192",0.140090136279808,-1.15335691148422,30,627,0.266666666666667,0.133729506612126
"Cesco2004/TW3CESCO.V4",0.612085229696718,1.9816085868387,30,627,0.666666666666667,0.609342443919334
"ZhangShenao/0.0_ablation_sample1_4iters_bs256_iter_2",0.36483964270144,0.25270360793395,30,627,0.566666666666667,0.354697581195649
"juhwanlee/llmdo-Mistral-7B-case-6",0.23993526525473,-0.497540978964301,30,627,0.466666666666667,0.228541727495336
"ramachaitanya22/mistral-7B-finetune-health-fitness",0.198751413498438,-0.752513284568402,30,627,0.533333333333333,0.18193825169769
"NLUHOPOE/test-case-1",0.30648012742638,-0.103782760354069,30,627,0.533333333333333,0.295080468838091
"flemmingmiguel/Mistrality-7B",0.361562413101063,0.248254210732791,30,627,0.466666666666667,0.356280792318872
"Corianas/DPO-miniguanaco-1.5T",0.123939306144148,-1.26161025243424,30,627,0.133333333333333,0.123467244476349
"YeungNLP/firefly-zephyr-6x7b",0.272428196242925,-0.289998203270454,30,627,0.4,0.266017552838047
"openlynn/Llama-3-Soliloquy-8B-v2",0.249451076690337,-0.459232489285811,30,627,0.5,0.236860678534073
"Sao10K/Typhon-Mixtral-v1",0.428198389939503,0.628306914230284,30,627,0.566666666666667,0.421240185078842
"instructkr/lynn-7b-alpha",0.204005440108414,-0.7399850498046,30,627,0.566666666666667,0.185781257869306
"Community-LM/llava-v1.5-13b-hf",0.214128985125164,-0.660742739243642,30,627,0.5,0.199763607493263
"Muhammad2003/TriMistral-7B-DARETIES",0.363505181339116,0.251623060322335,30,627,0.533333333333333,0.354971103349457
"Heng666/EastAsia-4x7B-Moe-experiment",0.228557727704208,-0.568146492540576,30,627,0.5,0.214917412513464
"allknowingroger/Experimentmultiverse-7B-slerp",0.660123673326592,2.75158705295698,30,627,0.7,0.658119837815365
"BFauber/santa1.1b_10e6",0.0955433075275877,-1.67712635610562,30,627,0.1,0.0953193531319891
"BarryFutureman/NeuralLake-Variant1-7B",0.5507821513711,1.38233672407144,30,627,0.666666666666667,0.544958808893936
"DUAL-GPO/zephyr-7b-gpo-update4-i0",0.239625789869716,-0.505540414507393,30,627,0.5,0.22654165870739
"mlabonne/GML-Mistral-merged-v1",0.0986159381177839,-1.59278364793848,30,627,0.0666666666666667,0.100221429145478
"Yhyu13/LMCocktail-Mistral-7B-v1",0.408994325793082,0.509738422845191,30,627,0.533333333333333,0.402746134459401
"airesearch/LLaMa3-8b-WangchanX-sft-Demo",0.197687146866245,-0.75450155276865,30,627,0.5,0.182495546206257
"Gille/StrangeMerges_15-7B-slerp",0.386808797016214,0.387903227579599,30,627,0.5,0.381120796866275
"ehartford/CodeLlama-34b-Instruct-hf",0.20703265253492,-0.711348245595649,30,627,0.533333333333333,0.190635633399322
"bn999/mistral-4.2B",0.158339763112635,-1.0022497758406,30,627,0.333333333333333,0.149546116367876
"leveldevai/BeagleMist-7B",0.44965143306485,0.754049982785928,30,627,0.466666666666667,0.448796396200437
"jukofyork/Dark-Miqu-70B",0.365782312742632,0.25372476197129,30,627,0.566666666666667,0.355687621590671
"nvidia/OpenMath-Mistral-7B-v0.1-hf",0.202415163115953,-0.741826287550702,30,627,0.566666666666667,0.184111067460138
"abacusai/Liberated-Qwen1.5-14B",0.247974559121424,-0.464517632482961,30,627,0.533333333333333,0.233634922226354
"uukuguy/speechless-instruct-mistral-7b-v0.2",0.241640147488292,-0.496390383856439,30,627,0.466666666666667,0.230332282202947
"Cartinoe5930/DARE-Merging",0.0877661441617923,-1.96364985254924,30,627,0.2,0.0821262519086161
"hydra-project/OpenHyperion-2.5-Mistral-7B",0.269337273972773,-0.306879505659964,30,627,0.433333333333333,0.261096265964704
"bardsai/jaskier-7b-dpo-v4.1",0.631779813347443,2.24665889079431,30,627,0.766666666666667,0.625001579512307
"Eric111/openchat-3.5-0106-128k-DPO_dpo-binarized-NeuralTrix-7B",0.479840306467538,0.953891016811031,30,627,0.466666666666667,0.480502298417331
"INSAIT-Institute/BgGPT-7B-Instruct-v0.2",0.317609063336498,-0.0132506142468952,30,627,0.433333333333333,0.311793773386908
"BFauber/opt125m_10e5_20ep",0.123981692683553,-1.41527581080915,30,627,0.466666666666667,0.10676134223214
"Azazelle/Mocha-SR-7b-ex",0.318728964178998,-0.00797392043539034,30,627,0.466666666666667,0.311294908777608
"BEE-spoke-data/TinyLlama-3T-1.1bee",0.116612216821694,-1.34724431281168,30,627,0.1,0.117447001586604
"allknowingroger/MultiverseMath-12B-MoE",0.559571298043537,1.47701340969769,30,627,0.633333333333333,0.555864663104351
"jsfs11/MixtureofMerges-MoE-4x7b-v5",0.593422298926843,1.76918821157419,30,627,0.6,0.593091761184473
"kimdeokgi/merge_model_test1",0.48662031847628,0.981951952935601,30,627,0.5,0.485947972671068
"DreadPoor/Siren-7B-slerp",0.444795530449709,0.738944770170024,30,627,0.4,0.447046562130599
"nisten/BigCodeLlama-92b",0.25494412383183,-0.416096337277812,30,627,0.533333333333333,0.240954716319192
"TitleOS/ExperimentOne",0.196839431338628,-0.758988403880192,30,627,0.5,0.181605231908408
"adamo1139/Mistral-7B-AEZAKMI-v1",0.308878336010582,-0.0722009961129867,30,627,0.466666666666667,0.300949274168567
"Aryanne/Open-StarLake-Swap-7B",0.377949181306926,0.32249693324992,30,627,0.5,0.371815974337424
"yleo/ParrotOgno-7B",0.631462812003174,2.24221442095578,30,627,0.733333333333333,0.626343690328292
"liuchanghf/bloomz3b-winogrande-pretrain",0.114585892200252,-1.42139120151434,30,627,0.166666666666667,0.111968767855206
"Nitral-AI/Nyanade_Stunna-Maid-7B",0.377365761544397,0.321376569755466,30,627,0.5,0.371203236998889
"vihangd/SmartQwen1.5-1.8B-orpo-v1",0.187935352509678,-0.823165765624267,30,627,0.4,0.177278837560415
"FallenMerick/Chunky-Lemon-Cookie-11B",0.428026693177027,0.627915404465952,30,627,0.5,0.424409944090446
"TeeZee/GALAXY-XB-v.01",0.197914724754657,-0.753656566477189,30,627,0.5,0.182734560169464
"Hemanth-thunder/Tamil-Mistral-7B-v0.1",0.0909227856473786,-1.95935872009312,30,627,0.233333333333333,0.0837664767184362
