"","item","S_X2","df.S_X2","RMSEA.S_X2","p.S_X2"
"32","X7535",231.971829014955,19,0.119954225503444,1.35372201366795e-38
"5","X7508",226.221526031473,19,0.118323744368082,1.94261758658108e-37
"7","X7510",18.8067021376919,2,0.103862201768288,8.24473154809982e-05
"9","X7512",18.6883492649305,2,0.103495856629593,8.74735030745903e-05
"43","X7546",165.841269971146,18,0.102681655226275,5.96027516281786e-26
"65","X7568",41.6779682142208,5,0.0970395790435803,6.84373417675579e-08
"31","X7534",84.1645012859978,11,0.0924028011590413,2.29778418604394e-13
"82","X7586",115.207085332515,17,0.0861148841014192,1.25491609138105e-16
"91","X7595",103.319315239218,17,0.0807348055690133,2.15019641456552e-14
"17","X7520",107.84848430206,19,0.0774781928480932,1.98311317730079e-14
"37","X7540",88.9219715045495,16,0.0764892637556226,3.95025647733813e-12
"56","X7559",91.3989510115477,17,0.0749532064810251,3.39518751046013e-12
"80","X7584",5.12509531010562,1,0.0727693113216378,0.0235822755485164
"96","X7600",101.248195664527,21,0.0700388911831605,1.73480989950082e-12
"33","X7536",23.8961210696413,5,0.069651841075797,0.000227322417522921
"25","X7528",85.5865344519526,18,0.0694264737876264,8.86755327665217e-11
"36","X7539",75.189046698556,16,0.0689115395321631,1.21010206896231e-09
"54","X7557",9.01965246882502,2,0.0671234204606866,0.0110003714957568
"83","X7587",94.3241471195858,21,0.0669491602307419,2.86767912535549e-11
"44","X7547",76.3225510598166,17,0.066929367354242,1.71227926678479e-09
"109","X7613",80.0806228556712,18,0.0665385069241809,8.29535106837156e-10
"30","X7533",79.5290489185001,18,0.0662422567516655,1.03584472832825e-09
"23","X7526",94.3767715207997,22,0.0649859592907297,6.10130589977526e-11
"70","X7574",87.3901643062093,22,0.06176979287322,9.4917474604649e-10
"46","X7549",54.5619591955611,14,0.0609855177539407,1.02937641368743e-06
"98","X7602",69.7723567613676,18,0.0607636685658818,4.93824661695029e-08
"39","X7542",19.0750718303034,5,0.0601134396817645,0.00186121804172961
"107","X7611",71.2171022446199,19,0.0593964999767427,5.7659413893287e-08
"50","X7553",66.4376162953352,18,0.0587741558028623,1.79274679943392e-07
"20","X7523",31.9016958306043,9,0.0571536324503393,0.00020707128334951
"100","X7604",90.9098794340078,26,0.0566108920556706,3.96849042327506e-09
"71","X7575",76.3425941391866,22,0.0563105946957628,6.41154750456625e-08
"69","X7572",59.5319437491401,18,0.0544234597942499,2.43480406609661e-06
"79","X7583",48.8960438981794,15,0.0538592310094345,1.82141498433119e-05
"14","X7517",74.2361208711763,23,0.0534755763379384,2.65177383097544e-07
"15","X7518",81.1790503688158,26,0.0521953372667468,1.37795824478469e-07
"10","X7513",12.3723010412368,4,0.0518350704817452,0.0147871771022216
"59","X7562",9.11441298521391,3,0.0511502815120801,0.0278077520379595
"48","X7551",18.1229983396017,6,0.0509284746406749,0.00593205644014106
"28","X7531",46.6925074030202,16,0.0496235082480637,7.60358400106804e-05
"94","X7598",41.4280562124092,15,0.0475574163378324,0.000275093782101022
"77","X7581",46.9170881370912,17,0.0475298529788726,0.000125490507938046
"6","X7509",60.2063705381973,22,0.0472158510823393,2.08304240187738e-05
"26","X7529",39.3976949195584,15,0.0456940907441101,0.00055875121456505
"84","X7588",52.2351125946559,20,0.0454863269914633,0.000105209175421155
"27","X7530",62.3843122351903,24,0.0453108836661186,2.92046873114151e-05
"1","X7504",7.77578477846579,3,0.0452056811311611,0.0508801215265561
"95","X7599",43.8761391647131,17,0.0450495286218435,0.000357203041495283
"101","X7605",56.313368489,22,0.0447457310401576,7.70951350802069e-05
"3","X7506",52.2944027824564,21,0.0437376009396158,0.000173433377446365
"53","X7556",44.5570012583022,18,0.0435195639949891,0.00048002787018356
"11","X7514",55.5021746060868,23,0.0425915615132034,0.000166065626764459
"52","X7555",21.4866379340187,9,0.0422019750052073,0.0106564213575427
"110","X7614",40.4987981942414,17,0.0421240031208075,0.00110008877784374
"75","X7579",40.1653649546828,17,0.0418240787645192,0.00122645427469947
"58","X7561",40.108201549197,17,0.0417724438452411,0.00124947675220499
"16","X7519",44.7785534005491,19,0.0417333975113856,0.000736046974170547
"35","X7538",49.0101403879992,21,0.0413789309834786,0.00050010640453991
"92","X7596",43.9701498692027,19,0.0410738152359152,0.000953396018888506
"111","X7615",55.7507960853127,25,0.0397364850699665,0.00039195171818321
"60","X7563",4.42519425166762,2,0.0394538635653843,0.109416111776059
"104","X7608",19.7970832177269,9,0.0392430940112372,0.0192068130680227
"106","X7610",46.0645230513373,21,0.0391427511004315,0.00125281915049222
"113","X7617",39.1106079259775,18,0.0388012206748417,0.0027537746754418
"63","X7566",46.6584937251425,22,0.0379317782285056,0.00162568462248544
"64","X7567",8.47013833216652,4,0.0378757949715395,0.0757975650950214
"74","X7578",37.9507734114386,18,0.0377202781622985,0.00393185196154193
"85","X7589",36.3040010867457,18,0.0361300061140579,0.00644933453969869
"89","X7593",43.5146335822473,22,0.0354312853585552,0.00407625751591931
"97","X7601",40.0406875898567,21,0.0341163795610371,0.00735250733570461
"12","X7515",37.8690003653312,20,0.0338661948044763,0.00918760354314913
"34","X7537",37.84853105068,20,0.0338467920281322,0.00924052262783851
"108","X7612",29.9036150927578,16,0.0333991295209406,0.0185084349767394
"22","X7525",41.8811173430099,23,0.0324624429059197,0.00937232435571679
"38","X7541",39.8587985274371,22,0.0322809308623746,0.0112296794103864
"29","X7532",27.1233649487342,15,0.0322104825488186,0.0277471443808
"68","X7571",28.8836498086296,16,0.0321507224066587,0.0247325632153402
"99","X7603",33.8876140229559,19,0.0317151683496949,0.0189464782979822
"66","X7569",24.4160949607418,14,0.0309043574684755,0.0407888665529423
"41","X7544",5.11968017672661,3,0.0301165911334678,0.163240430212124
"42","X7545",18.4454957522673,11,0.0294768952884913,0.0718027032525129
"88","X7592",33.1961911674787,20,0.0291031885193836,0.0321050067957241
"19","X7522",4.84276350296688,3,0.0280805393347625,0.183679546618014
"57","X7560",35.353155071261,22,0.0279133445927217,0.0355754979339428
"24","X7527",6.30964196192725,4,0.0272253584333646,0.17718663998151
"87","X7591",28.3018888143221,18,0.027105251904572,0.0576072392924079
"47","X7550",3.05907591333117,2,0.0260723284635089,0.216635739294769
"112","X7616",16.4341298046225,11,0.0251825632060761,0.125763757315915
"67","X7570",28.7484702256652,20,0.0236963978262519,0.0928314704660675
"103","X7607",2.86635852780569,2,0.023581156504907,0.238549304178617
"62","X7565",29.8062560071146,21,0.0232015648444277,0.0959509535466606
"51","X7554",25.7576733500456,19,0.0213674682974417,0.137084000965388
"78","X7582",25.24415367568,19,0.0205395659739756,0.152661583354611
"105","X7609",21.1426789077593,16,0.0203126218921183,0.173091120124207
"61","X7564",17.3431320390925,14,0.0175083015574552,0.238353047666873
"76","X7580",22.0601370438107,18,0.0170163090650837,0.229326184676098
"13","X7516",17.9038590063573,15,0.0157642533025572,0.267753724014083
"40","X7543",4.74210788014416,4,0.0154324471055724,0.314796618971304
"2","X7505",8.1693414963139,7,0.014643771110386,0.317898782750429
"90","X7594",27.9713360093618,24,0.0145745101544835,0.261250807212002
"81","X7585",20.9469155675682,18,0.0144970242412204,0.282099680474197
"86","X7590",21.835465302824,19,0.0138409735691853,0.292521293227921
"72","X7576",11.1110099252401,10,0.0119423622486104,0.348934995048484
"8","X7511",20.1402534753107,19,0.00877718339804158,0.386183319876797
"93","X7597",18.4945585248081,18,0.00593887062828256,0.423547340388706
"45","X7548",6.14384566860336,6,0.00554758596270089,0.407270978272964
"4","X7507",2.71170272061459,4,0,0.60716834538818
"21","X7524",12.2602813965595,15,0,0.659230472902397
"55","X7558",8.80829275772934,11,0,0.639582563793266
"102","X7606",7.643338286687,9,0,0.570449514139962
"18","X7521",NA,0,NA,NA
"49","X7552",NA,NA,NA,NA
"73","X7577",NA,0,NA,NA
