"outfit","z.outfit","infit","z.infit","Zh"
13.8114200710294,5.46465355857807,4.53350497110735,8.96596186180964,-20.3754669888388
13.8154900411015,5.43819124380284,4.53455755158511,8.96790251259132,-20.3939718677066
10.5911031198114,6.05581795436305,3.67806064155755,7.13081087943725,-14.8723968688761
11.8107296417929,6.45385616941767,3.83833949015892,7.41737836645888,-15.9344346488538
6.68632720528608,5.27131370977984,2.68244009215986,6.58148629482346,-10.4433996130897
6.61978103583749,5.28467687559106,2.7066186354138,6.65567520192399,-10.4567987467741
0.269456683766748,-1.4412305513171,0.665273017420668,-1.89058773471245,1.64909228575911
5.28709623651933,4.38752764662725,2.45077195851815,5.88542953131197,-8.7640786390803
0.419807045420993,-0.891519775030576,0.897601967008477,-0.533072821418362,0.755282985551888
0.340377593843606,-1.09164474671243,0.725136365268635,-1.63537515145654,1.45573395345857
0.43036270130317,-0.874229972339293,0.917947822473897,-0.409095774296628,0.651746690104875
1.12284458962153,0.398004986062011,1.08896119288538,0.511507333479857,-0.59839705622318
0.467223223759889,-0.823490575044375,0.882273760808165,-0.592766420338112,0.680751829228476
0.351252192532614,-1.12215636747265,0.861631844793905,-0.735516081999391,0.981429732471437
0.297321473108738,-1.34026033909147,0.724763091495609,-1.51201322947165,1.43165777099979
0.341083263774782,-1.10844744085132,0.774618970363964,-1.30697872779768,1.29975387039895
0.516166115040638,-0.690871821740506,0.919544664954133,-0.351703347573839,0.426011493099605
0.230322003905099,-1.50993785878386,0.59101184382536,-2.62961960236775,2.07949420447596
0.521639127769751,-0.694285980842779,0.82851028982613,-0.853450959037695,0.724361465179634
0.317506571290492,-1.30123927856578,0.810490368864315,-0.975658204200258,1.09725401708408
0.603357989101183,-0.464659122092802,0.996885502548627,0.0437959779671135,0.228042423781782
0.3870869553224,-1.04661848848601,0.916187765834355,-0.369975742025249,0.67582821719081
0.471199173604991,-0.813796867007789,0.694023580315315,-1.77237535764268,1.34898393231097
0.623947796770002,-0.454989210455072,1.12572722421258,0.713320901327983,-0.314579173092339
0.320304763603374,-1.21871074140856,0.767801969048969,-1.32603478941829,1.32345330901527
0.319169666841259,-1.22574863277429,0.800358232665906,-1.01765982301782,1.09495000540648
0.307514171738525,-1.30311379130743,0.740719360318492,-1.42552224486953,1.3727669452859
0.375734233498023,-1.03360747381274,0.886402826268252,-0.592953052647939,0.857622120079126
0.293723505000906,-1.35277185883372,0.689695682705783,-1.7420288739277,1.5352170949452
0.418224249018015,-0.862351829496169,0.849429307823453,-0.821701191478458,0.913578397499239
0.185276310730465,-1.79531410455085,0.488297781745679,-3.19692709106867,2.3262225139389
0.791159148475729,-0.10797922628511,1.12802295011317,0.73441550944461,-0.48155014553547
0.860628190589686,0.0223598917554264,1.2726850996474,1.47463745521638,-1.13262362310112
0.631941150368472,-0.393466031611156,1.16530232952725,0.933956579491578,-0.46350038565892
0.711080223207068,-0.300426165654275,1.0581578003709,0.363694635871773,-0.309503265271647
0.476866920188726,-0.72809561434971,0.894706616029572,-0.547548350747901,0.724068943861211
0.485227003764203,-0.700051377775099,0.987126581845908,-0.0117515626613084,0.378291956968301
0.276535398131891,-1.41478061347617,0.663839443362386,-1.91225921812045,1.64848749416995
0.386909035153031,-0.960102398203744,0.817528616631837,-1.02483772589585,1.0719266890123
0.230300417277211,-1.59498588318041,0.57919704324602,-2.51122977918932,1.98591239838253
2.45341435214963,1.84385563826156,1.40623139060731,1.91354168337862,-2.2603032191999
0.460685541956427,-0.84590490631565,0.812880785780553,-0.943862511578307,0.867883211823124
0.238427531223527,-1.55340985855415,0.59481537372377,-2.34149706614388,1.83113970017663
0.314409923064631,-1.27635715473807,0.793352357150444,-1.10987550919295,1.22650932185575
0.662240795792275,-0.391317362009922,0.942627939176924,-0.237663429876009,0.142791038170801
0.776304416230788,-0.139123910289791,1.00248821058828,0.0736395914615915,-0.0589440377714855
0.331838789502546,-1.23942279408532,0.804612114792804,-0.990734541199721,1.05236042098097
0.668207447752267,-0.388345118641837,0.979429947259119,-0.0406620517655627,0.0109209037227103
0.335807108440053,-1.18338158590344,0.820270525052113,-0.980056153287991,1.12642442438423
0.432334331826626,-0.882062693638165,0.846231171259834,-0.824956228552542,1.00421351060511
0.658025114411416,-0.387191472724469,0.876963511281812,-0.626072584289035,0.494259395785606
1.66886109566867,1.07998049928877,1.01442220814812,0.139015021753463,-0.695305764478194
0.446547018474482,-0.836279663627919,0.817768878915998,-0.867764674082094,0.786383300168814
0.536458522270706,-0.622273781346445,0.980458514375213,-0.0254611130914365,0.160758870104484
0.536458522270706,-0.622273781346445,0.980458514375213,-0.0254611130914365,0.160758870104484
0.286283368208842,-1.31556084123229,0.70106104822765,-1.79093888060712,1.60693824321232
0.315618880267481,-1.24158629446124,0.759411529474787,-1.37456382871638,1.3519690601321
0.200915105695496,-1.70949024783306,0.560677377791163,-2.59102695120542,2.01536413437373
0.200915105695496,-1.70949024783306,0.560677377791163,-2.59102695120542,2.01536413437373
0.476992706631981,-0.768703958894755,0.907482398313161,-0.46600921777525,0.59839934523067
0.252982279601289,-1.48742334345132,0.626056790672072,-2.25825162435479,1.85528310643173
0.625137891751306,-0.435552597609759,1.0844299948849,0.513109961232551,-0.227986158316096
0.358175670070143,-1.1186674040313,0.8323738011891,-0.900928358365955,1.03342571358767
0.439978033921195,-0.88679822535668,0.88225545226918,-0.553637842095323,0.665430095656401
0.283480579854711,-1.38975179070538,0.703317286499265,-1.64244890335928,1.51950829222132
0.332967297975355,-1.20744258067486,0.792698007272833,-1.13214580336143,1.18970023732017
0.962372109922679,0.168330915419201,1.18969243377928,1.05872109461211,-0.971386320685876
0.316735998175252,-1.27466289903709,0.798832134529486,-1.02562725964386,1.0983523928852
0.291634278795505,-1.38123895509762,0.719276513889723,-1.50593156455337,1.37400389995496
0.503587290164443,-0.758162195896436,0.870890595960757,-0.614056576079,0.585339977662591
0.318443660226614,-1.27393554009635,0.768802484596928,-1.20349994293764,1.1802531180031
0.346170862681746,-1.18428850294043,0.848183775706302,-0.741939626076937,0.907058873745558
0.402967992547363,-0.961710763213933,0.800641725706862,-1.12085093311121,1.08828798633313
0.386383917279449,-0.995620252969059,0.878640533075888,-0.641984272757295,0.855872348357917
1.15722788183189,0.446692843323112,1.25198758995164,1.36306844970294,-1.22280308530955
0.784693132324986,-0.100746717638278,1.19088213559719,1.06939763589638,-0.715757345546127
3.31536444022552,2.4945825019277,0.978801810314817,-0.0418017961140357,-0.437612604696293
0.841862381919072,-0.0206126529151033,1.14263539570729,0.820695479531528,-0.669402746140124
0.475618617577001,-0.747582977600517,1.00442449645298,0.0843631337498946,0.314140912430333
0.423461894745126,-0.943880864055854,0.820605510694459,-0.949717850440054,0.941249319138248
0.436852281780986,-0.856778423910612,0.841329568170927,-0.876603213294304,0.897154672913656
0.305972302595163,-1.23775227411154,0.738542528144178,-1.54200456282823,1.45991594874783
0.296898377567006,-1.34193005337055,0.703905157374537,-1.64329937192688,1.48764905421414
0.2552864124666,-1.44441247672017,0.622741343167273,-2.34300122482186,1.89171464629109
0.442860288627294,-0.818510000645709,0.917758141718119,-0.411803110000316,0.646024833594112
0.264076933024846,-1.46013439007287,0.648003904518498,-1.99085551585155,1.69662454974177
0.191627559841262,-1.73770307067861,0.524923931189384,-2.86306310047013,2.12284567246206
0.341897153094945,-1.16933833051399,0.841146444485494,-0.847191268296017,1.04726133298075
0.342143660376713,-1.12317348611349,0.811332962852508,-1.06522565264024,1.16904741586991
0.282625364315769,-1.36930623789462,0.685473001571772,-1.85366982774522,1.62796623972579
0.37375522284226,-1.02846040899248,0.785189388917682,-1.23669722729635,1.18346303816097
0.256548119878868,-1.47252557130964,0.670872609889939,-1.82049121311569,1.57997593234183
0.344149751224297,-1.19276036978841,0.81456852016844,-0.93355240699965,0.998468926550783
0.49266499361591,-0.770503357281963,0.879603415768648,-0.567376197821058,0.568612508893797
0.318443660226614,-1.27393554009635,0.768802484596928,-1.20349994293764,1.1802531180031
0.536458522270706,-0.622273781346445,0.980458514375213,-0.0254611130914365,0.160758870104484
0.649219197478689,-0.377163704715236,0.794660879809601,-1.17417031916608,0.86006610679221
0.284509565867392,-1.34031783263758,0.712241009032327,-1.69768729205251,1.56587652253489
0.492359649991368,-0.679900295685469,0.934346430610916,-0.312670234452048,0.520352984164409
0.431808414562085,-0.837822250881145,0.914663332587607,-0.428612867562062,0.713235824373816
0.529902188551827,-0.677662359330981,1.02985003811547,0.216342298645357,0.128105172781968
0.449824083809752,-0.801835157523289,0.940546233668341,-0.278454845763317,0.562925300407471
0.285704138562179,-1.34437322815835,0.691527750087588,-1.83247549986007,1.61698818686802
0.390357721728264,-1.00216619368196,0.885275894610095,-0.595668780847819,0.815929834824832
0.255738158632783,-1.45419863456837,0.624149775530241,-2.31799729912175,1.87750710231724
0.49179904195686,-0.765923060766974,0.872876951276447,-0.638999145120765,0.705451798769462
0.403967830437351,-0.914532640129285,0.864028756309242,-0.734593605473149,0.899586977290259
0.257503736277088,-1.44902176034457,0.674379036600813,-1.79794249373857,1.57019824810794
0.341710191096763,-1.16248011785562,0.867988719252543,-0.632148448544028,0.864649371030029
0.332638447804388,-1.18884633869883,0.839791253094651,-0.790517841463789,0.962624472464031
0.451571095473945,-0.885003582467738,0.795615248490184,-1.04350546220442,0.89888782678194
0.570198492766544,-0.603349561816287,0.893162533726374,-0.49912528530931,0.47144691621469
0.684025505630959,-0.338541993631146,1.03872075098819,0.258982715035441,-0.190355988850002
0.628699434268674,-0.464691942108867,0.986280766428403,-0.0033077445213473,0.0274827823435399
0.241887212112366,-1.58496671735327,0.666220145826693,-1.86996929535416,1.66404921174819
0.594616058649866,-0.54016619749278,0.939627633118608,-0.244357395744234,0.237135923850488
0.533805471165109,-0.569580209687211,1.04048395071986,0.281816345722256,0.129799881402079
0.379094230589081,-0.975939574766771,0.792858081764281,-1.16982991789798,1.26591440049049
0.45975866085478,-0.772804894743794,0.971042919002869,-0.103053394335522,0.447871425082861
0.568267410856808,-0.565475708644841,1.21153471441432,1.14448957637941,-0.506036688579261
0.971907620225784,0.191554833987943,1.2817839686065,1.49708740775288,-1.29831117893975
0.547661471153647,-0.576119029926135,1.11300916312019,0.667819378004379,-0.153147655978914
0.33710003776971,-1.13467275662121,0.778072450694881,-1.28509883099038,1.2859630998284
0.208220119029491,-1.68974343647622,0.546006909615125,-2.74241850191799,2.1190038001563
0.328128968893254,-1.21624932866232,0.777986175582707,-1.23617507917725,1.25791441857697
0.568563791669463,-0.584553328652595,0.839440541229642,-0.832528052168239,0.739911370072191
0.261700684247343,-1.4608230984231,0.63722493698491,-2.15517018249992,1.78656311734698
1.29177848763307,0.688266132875872,1.45725117383243,2.29969668567997,-2.17968077189203
0.577142403334799,-0.503404955465859,1.02955304159666,0.22164738772972,0.153438632950674
0.310984792276996,-1.11736280462556,0.749685155264035,-1.46427266414903,1.49237262704938
0.489750055800695,-0.680542525462079,1.03002649641034,0.225105702771828,0.237540810490118
0.390032099075435,-0.935375991810517,0.842177007183412,-0.866628952671174,1.00540512056182
0.488496379538493,-0.72066913086658,1.03736933747841,0.265903406657232,0.172593664502967
0.429132082228958,-0.843648499378078,0.930622143720392,-0.334881446794084,0.646665442091467
0.410350851365088,-0.896481009957825,0.907091725493248,-0.474085082243283,0.757799567659148
0.40405550240363,-0.915775703876499,0.890785989609167,-0.572185485863214,0.815354576688583
1.15988196813444,0.450256659518252,1.18565293360622,1.03768653450016,-0.9563145707752
0.510682292684154,-0.617943012770205,1.07675866751616,0.475671592846548,0.060323950930375
0.523942688168196,-0.620653838408362,1.10139944288536,0.606272634033152,-0.0578087447159589
0.897287393986669,0.0640814831372173,1.18470024502397,1.0141273009346,-0.854125230145336
0.319169666841259,-1.22574863277429,0.800358232665906,-1.01765982301782,1.09495000540648
0.726207584822568,-0.243420244368735,1.23262412068547,1.15976558875457,-0.814241657153436
1.24827153547864,0.572496029417158,1.26277087631017,1.32070440110839,-1.5148728803204
0.940498276019234,0.132881409495823,1.30826282470051,1.6286630960332,-1.33915630291731
0.336673718425797,-1.1181889873151,0.77287954131912,-1.31776674824197,1.31799740368673
0.296201304424589,-1.34429013732896,0.734348590666425,-1.44930560554964,1.40592517672967
0.352087117340671,-1.14754018214119,0.677072541532645,-1.78071824689074,1.42479831473488
0.205012252579986,-1.70237690908521,0.533210171527143,-2.8203598064802,2.14522876471147
0.376202715894513,-0.980023334959375,0.73318208293405,-1.57740070486135,1.37193086846198
0.458337827975711,-1.14309175173175,0.748323004447684,-1.48259675206438,1.4097645713152
0.458337827975711,-1.14309175173175,0.748323004447684,-1.48259675206438,1.4097645713152
0.462126336455645,-0.871336506855398,0.812590437282121,-0.951487725827542,0.855264612334132
0.308677074331402,-1.30028222793171,0.685533271548173,-1.77705373864789,1.52604374595815
0.55605522831605,-0.613331611350064,0.947397834080012,-0.204032919358384,0.346250854875182
0.257486588159142,-1.52502756144139,0.694974518565606,-1.66573658106518,1.53038592670286
0.332638447804388,-1.18884633869883,0.839791253094651,-0.790517841463789,0.962624472464031
0.468191844215107,-0.852306948388579,0.829948249621383,-0.891858902475515,0.833288651921285
0.290654327403125,-1.39671455310534,0.730674348209587,-1.4570170724396,1.3722589306041
0.330805693712213,-1.25569323602926,0.844632717208857,-0.799293371069348,0.990305654843635
0.320885117853257,-1.28506321191993,0.754268001699841,-1.28890706752729,1.20743376171697
0.930780438357806,0.110907163318177,1.4213603716083,1.94969987900128,-1.70918086125992
0.425158109242286,-0.858196276721085,0.946260309390663,-0.244802152915405,0.608451871227537
0.419518999156108,-0.858426235546012,0.913286700038067,-0.435945062996102,0.734134328966741
0.521762745079403,-0.664542953138132,1.09211220580541,0.552288593455482,-0.0543638648303234
0.467792452538314,-0.740970596940205,0.974836697429182,-0.080861319698492,0.454772689714836
1.05337741115833,0.273733364042918,1.20975436924412,1.15756952251927,-1.03945330376458
0.333035422138854,-1.15770662962992,0.730014391764555,-1.57082240596412,1.5677323730433
1.33701120488793,0.666098609486234,1.49423188906962,2.44504248003971,-2.54050220456938
1.46284144652201,0.84757263968257,0.913087863582761,-0.425282163969742,0.249557678882023
0.756497318309583,-0.199254658905406,0.897929109691026,-0.467622873479611,0.443959813023906
0.563528028743248,-0.596438508606069,0.992465564541362,0.028010277166266,0.20038346398866
0.739683176051445,-0.230576498984491,0.996318445580925,0.043732717576014,-0.0143341900076895
0.285242661343503,-1.30775501544179,0.702322260693784,-1.79161112148331,1.61289520576266
0.273427195791369,-1.30786440976344,0.664444939419815,-2.06671769656508,1.79516532321206
0.376287176714114,-0.959153159044672,0.745527993766217,-1.49066544602938,1.36473291904421
0.625444457690325,-0.406291872814448,1.1134098240184,0.668926896616115,-0.233881817401074
0.511692100274254,-0.685818964472687,1.0267595340278,0.206609934140965,0.177532969946914
0.775565770220339,-0.123310205403,1.09314307855797,0.558980739317644,-0.383988565508088
0.326848211668436,-1.2269021113056,0.773992388298503,-1.25047392476363,1.26022169604694
0.319169666841259,-1.22574863277429,0.800358232665906,-1.01765982301782,1.09495000540648
0.319169666841259,-1.22574863277429,0.800358232665906,-1.01765982301782,1.09495000540648
0.600514517475849,-0.953084223918091,0.545889964377897,-3.02847683023303,2.23846398431839
0.366943447952344,-1.11204969553516,0.771547312803098,-1.19613757793216,1.1442599794831
0.273742095582747,-1.42268037949314,0.61643746417737,-2.26840592855718,1.80771626998042
0.403799231397093,-0.914262947997031,0.88773799245866,-0.590005606562992,0.826591322070388
0.596764512249567,-0.522529325167514,1.15557115038789,0.84139295377553,-0.372789667291973
0.596764512249567,-0.522529325167514,1.15557115038789,0.84139295377553,-0.372789667291973
0.474282637202293,-0.726708578150963,0.971899099016288,-0.0974915191923997,0.443248104067693
0.464477298693135,-0.926520831926139,0.737174065898013,-1.52648649010266,1.35727734729336
0.553740575751128,-0.577842728811552,1.07548059417629,0.469485281116644,-0.0514498973789197
0.554427270130196,-0.640873620848674,0.777289987161337,-1.15936018835786,0.833278135168348
0.474027257700483,-0.752929677280213,0.989732541322042,0.00213259065600019,0.355949107777802
1.17232142134886,0.470288681729154,1.07356189666357,0.45282490173973,-0.377853846094933
0.77264326045587,-0.169398155368972,0.988363254042882,0.00718956712085143,-0.118509511829723
0.371380156708023,-1.08292883889147,0.873224737824112,-0.651710598659962,0.881167468477581
0.337867793414796,-1.20464814036133,0.73669525817131,-1.42314028305102,1.29993634087916
0.650177832821478,-0.408146959758589,1.14843483780537,0.780629670476239,-0.471479894700633
0.233802670887277,-1.61517904470885,0.610232570199919,-2.34166029338868,1.89080034815416
0.322685904120694,-1.21791477602845,0.816906328578364,-0.92137176090475,1.03669837586849
0.496373182524837,-0.779504247978848,0.935424549645644,-0.283526666705601,0.424100892665712
3.10011130509348,2.61400431254255,1.21048398246924,1.15402809502968,-1.89038207589881
0.292085526608496,-1.34430623831078,0.724339402276263,-1.57254749258544,1.48289612263184
0.503250921909006,-0.68667737284377,1.07637074457559,0.475963403252512,0.0245149728543916
0.442117799776701,-0.811263364232227,0.911308963674168,-0.44834969175619,0.669322516483752
0.475027728558447,-0.721170816940733,0.992477277515486,0.0181818387123225,0.369727154957199
0.410350851365088,-0.896481009957825,0.907091725493248,-0.474085082243283,0.757799567659148
0.295915500401409,-1.2692167728411,0.682027186631867,-1.9459042057837,1.65566717747831
0.522400892722796,-0.643970237749794,0.854589228798724,-0.795772816935461,0.751632448185892
0.280768431481376,-1.32314357924216,0.655488212194649,-2.1316115641589,1.75774372568508
0.277509860684728,-1.33395226284341,0.665907321095468,-2.06024236158141,1.74174104764706
0.977583618616942,0.189735817635345,1.32291295031415,1.69655425751793,-1.4716463422875
0.479623335204603,-0.736276059645937,0.991701421811821,0.0132519259126399,0.359216401200706
1.48269427513198,0.88015617263136,0.986559548788446,-0.0121596053305611,-0.102418782413067
0.46296443989752,-0.784962567004468,0.889337059164049,-0.568559263773712,0.813224580154151
0.322633262029412,-1.2415063590038,0.592689330311095,-2.50084200086559,1.83853920786321
1.56972452038977,1.18973930314667,1.13350379887162,0.797963988274617,-0.978687139168062
3.23273380335549,2.37791556445595,0.823203954049327,-0.837077444383014,-0.384792299868574
0.412293206407877,-0.967265589957736,0.785933127750094,-1.18049254543943,1.08554224163823
0.609869812705661,-0.457558351168962,0.959577802541903,-0.168036965705371,0.236929149855351
0.354069726413029,-1.15352721892364,0.853515623887931,-0.727768147261361,0.942803526467805
0.545228226300851,-0.58351500031611,1.05633332169371,0.368398037483822,0.0277141034076065
0.307076350241964,-1.22750627933394,0.76077719978187,-1.40054055582596,1.41633515169613
1.23281723482692,0.546779293539524,1.13363860027321,0.774887250922421,-1.08745201285592
0.535477290657796,-0.659965282046315,1.01748162140796,0.153766932950656,0.152958378160334
0.875679090872275,0.029722885448583,1.03146713798917,0.233535555074398,-0.273460916306821
0.360078295912151,-1.03474030722418,0.832948470912471,-0.926810151911287,1.09986363957973
0.390032099075435,-0.935375991810517,0.842177007183412,-0.866628952671174,1.00540512056182
0.390032099075435,-0.935375991810517,0.842177007183412,-0.866628952671174,1.00540512056182
0.469823170595151,-0.738056054897867,0.973260777799027,-0.0898043575093039,0.429917857003063
0.453243795654364,-0.776766038209176,0.929091348132565,-0.34336476162239,0.599050077730886
0.429132082228958,-0.843648499378078,0.930622143720392,-0.334881446794084,0.646665442091467
0.706906204155567,-0.29407451474512,1.25521365894647,1.30681048840631,-0.875102970797377
0.426839890556561,-0.854197677091568,0.950090072858487,-0.222788827536891,0.592172284454556
0.512591847783174,-0.658597488811824,1.05699200211514,0.372015450795576,0.0882544902407995
0.524653999008237,-0.64450999310479,0.938747945385431,-0.280878061583013,0.552174427329667
0.410253176379582,-0.93442832212894,0.815437395879034,-1.01620365344867,1.14527282130562
0.772512627349643,-0.150768257541525,1.09961174295662,0.587630739254344,-0.322484882203715
0.341458119262359,-1.08739696510087,0.757218700567548,-1.4014540976204,1.46031435174116
0.793498384100867,-0.125805402177192,1.17145822285536,0.886669885848065,-0.763083563158217
0.390004905476187,-0.920588213560641,0.86151067812281,-0.746158326847575,0.985647880694486
0.508118897224834,-0.678590657606319,0.970131606900726,-0.108887922183796,0.352521363178116
1.03037924322178,0.272339369557885,0.880931145918617,-0.622460906299177,0.379675933324987
0.667100627584671,-0.347477734125913,1.1357512444409,0.770952807058086,-0.35875413941845
0.357920943259547,-1.13952735057267,0.715016842500666,-1.59153840949554,1.37206505478923
0.656823469882898,-0.411046586889387,1.00960369002494,0.113770785810023,-0.0515664374006277
6.57409691082917,4.32891549498083,1.52809623033621,2.41850471043477,-3.7647095866517
0.46862223488576,-0.730820117599013,0.914236193203718,-0.431936512927112,0.658108155280203
1.13268448479468,0.414125445876129,1.04158287350629,0.288035833838279,-0.514251150473312
0.234429392808919,-1.56308726999662,0.641507397663261,-2.01782877637907,1.72091970819683
2.14858699434207,1.51636011952209,1.44251940905795,2.23689738358453,-2.73416856330838
0.90695915677896,0.0952408868901986,0.923107897510911,-0.377512644525687,0.329233976416699
2.57969568554705,1.83927636269201,1.10732432166884,0.635673118455602,-0.864517143761564
0.289978132824891,-1.351971641883,0.717922527417339,-1.61463015811931,1.50510131059274
0.456207128052133,-0.777354106623337,0.711379354544829,-1.73005965450341,1.35010749632289
0.262807687482583,-1.38560208149845,0.625361457398832,-2.36495462110246,1.89577615653683
0.513199089605434,-0.663749014237812,0.828756004326377,-0.9577031666009,0.850749373756297
0.321940381227117,-1.18640546888704,0.745823625426571,-1.49167850660657,1.39367104038666
0.313736944042735,-1.21254956546113,0.721813594974561,-1.6583168710013,1.48535632029251
0.780231500657748,-0.129445106348348,1.2073754624372,1.14644523224526,-0.810210012656012
0.549402195234465,-0.629248079715873,1.07461678639813,0.445949526790227,-0.034806397829937
0.338868592412898,-1.11778133356791,0.772374028076597,-1.32234146090579,1.30876463834022
0.509987263775125,-0.65518331632802,0.922265416796124,-0.385060480103877,0.555571966183503
0.439333071336335,-0.84048474896637,0.795508895892782,-1.14574926024995,1.16852310084269
1.22775898338373,0.578965711427689,1.39944822060963,2.04339336067558,-1.96625014344847
0.571582367700343,-0.566081109370677,1.0217541952123,0.178768193150054,0.209540843503204
0.436547991456265,-0.859700305985353,0.895065208260559,-0.533854009960698,0.839668528082084
0.206404289819836,-1.69791537793044,0.543466932195366,-2.77443822276406,2.13857367839827
0.32585423902439,-1.16210945654194,0.685450857913089,-1.88260236275516,1.70968794670835
0.398192041959209,-0.916176442729036,0.754743659419165,-1.42237415583401,1.36249707218902
0.278793566014648,-1.31678387256022,0.614492636046446,-2.40094167083295,2.0291926266187
0.371361806706367,-1.04084430574274,0.880827517920058,-0.628136072200792,0.892637667812242
0.988287047595633,0.1980827296406,1.34943050501466,1.69475794713842,-1.59817999080868
1.16890598073534,0.484488896471051,1.26807738630099,1.44156773945536,-1.23974740930737
0.312746488400231,-1.1536824007383,0.745175179576918,-1.49002729625531,1.52302508088475
0.341645586735426,-1.1916645840442,0.755350807850384,-1.32596189762996,1.25530881093522
0.301468748849675,-1.32613603618541,0.668413534116566,-1.87189769590089,1.57561450082109
0.301468748849675,-1.32613603618541,0.668413534116566,-1.87189769590089,1.57561450082109
0.285833164345344,-1.41215668432355,0.698000182448661,-1.67638125223619,1.47902091571428
1.5719279498224,0.953192086666417,0.767525625718302,-1.32291484237449,0.831002285655129
1.11626189040075,0.392420303026996,1.02098968195134,0.175771234070477,-0.136939685754397
0.361798700064975,-1.00525242367431,0.791464237873191,-1.21115787520279,1.29879200266815
0.517562763045322,-0.636225130922435,0.830893336602468,-0.940865748367992,0.854029318614398
0.382505283929128,-0.959687523519974,0.771922868024394,-1.31698079782839,1.22924471156387
0.319686869075925,-1.1843443452386,0.710140678875678,-1.74789884565775,1.52408929954348
0.313736944042735,-1.21254956546113,0.721813594974561,-1.6583168710013,1.48535632029251
0.287743545729156,-1.2323593841264,0.656929734573047,-2.11684648939154,1.80363164633328
0.286105085306696,-1.2336949346345,0.632915140214408,-2.29560753437589,1.87789160493795
0.262807687482583,-1.38560208149845,0.625361457398832,-2.36495462110246,1.89577615653683
0.793877991868072,-0.113753617541491,1.23717284747466,1.27688316101062,-0.913002895177392
0.36513446073919,-1.10665120067618,0.906103793863545,-0.456349625537452,0.803729596867106
0.505805801748047,-0.661646469810684,1.05135006519293,0.340939237219158,0.129287256653761
0.528322762699519,-0.61018344764416,1.11103717305199,0.656196849955972,-0.0957863513432583
0.301468748849675,-1.32613603618541,0.668413534116566,-1.87189769590089,1.57561450082109
1.05337741115833,0.273733364042918,1.20975436924412,1.15756952251927,-1.03945330376458
0.515506272080037,-0.672455565975991,0.918715522271774,-0.395249064019553,0.634640016104858
2.22818275002108,2.19337964219558,1.53657930280127,2.73708886457096,-3.58392490621763
1.01759565803074,0.183575119597735,0.848387658407789,-0.840003003554482,0.682669775371957
3.48225981353049,2.57072979577588,1.1880522931276,1.02746193856436,-1.37962465125164
0.23067222964471,-1.59241789509756,0.587787234828219,-2.46329978430758,1.9719660477381
0.380480399540802,-0.967061676708065,0.852135407156932,-0.799093797345879,1.08918701715651
0.408073175696193,-0.912973100755675,0.896585560576872,-0.538209355556867,0.784071830397558
0.972294298155343,0.191618697681422,0.849212383303942,-0.823003742638134,0.647605333446068
0.443806835149989,-0.822880512543565,0.867736282942298,-0.713579744161052,0.815081119082752
0.832300143468754,-0.03702457156507,1.15882817095017,0.903182859583834,-0.688195573311549
0.832300143468754,-0.03702457156507,1.15882817095017,0.903182859583834,-0.688195573311549
0.332755711084154,-1.15176345380492,0.751374283973416,-1.46023578765662,1.37212468391977
1.08593300169389,0.339241475029575,1.30483981798545,1.58456598098786,-1.43935431152649
2.73896930220483,2.59661691726699,1.32238160559399,1.70592428122933,-2.40424297933841
2.16882012433167,1.64417921116062,1.2001784605529,1.08834552525443,-1.41332228437384
0.604583490266189,-0.446932666848792,1.07397517811425,0.461648863912434,-0.111603565101365
0.569884429190208,-0.512823559429448,0.984162438175876,-0.0283809723978269,0.23113468180201
0.951463460958912,0.149540265189477,1.17385158407859,0.976035873756491,-0.985665459309551
0.491830839692345,-0.792712059492328,0.948510051533598,-0.202174750499684,0.330090213048016
0.988150233922081,0.186316860093562,1.03545749739491,0.252255182914217,-0.347955883206244
0.489549485956459,-0.725576360121765,0.989046200628451,-0.00149031146513486,0.330269358743597
1.00009503769958,0.226856140667442,0.997843021767918,0.0488696791633316,-0.084837759661006
0.670175546010401,-0.35086684655521,1.1452372669397,0.766472656058882,-0.450489744108152
0.583934544198407,-0.488476473183494,0.948108099030026,-0.230225920791439,0.427306218457129
0.365568451011432,-1.00362223905456,0.725269526949007,-1.63090296159191,1.4083401624865
0.410350851365088,-0.896481009957825,0.907091725493248,-0.474085082243283,0.757799567659148
0.289174651950744,-1.27915601470933,0.685584353487234,-1.92156332656215,1.67614039800692
0.240622860425411,-1.45058786405289,0.578220070847987,-2.73619322214242,2.10744703793168
0.485803997358722,-0.702347923500521,0.724924874910022,-1.634464220748,1.24822494548877
0.552961250238729,-0.586883343518547,0.9831414169444,-0.0314862728828271,0.356614707670036
0.300985944783091,-1.23816914717175,0.671536007332508,-1.98267696820858,1.81151102358028
1.80923929257647,1.18235970477229,1.20087047557731,1.10871850507881,-1.27243129026642
1.57553642560146,0.978364807347758,0.86738703993045,-0.642132147399978,0.325017028015663
2.91798492718096,3.15039615970189,1.1890080899542,1.06987555030051,-1.59824298734455
0.827875432319766,-0.0268421818886637,1.25063460154992,1.35096005339941,-0.987598160747889
0.581632121513277,-0.517137889236348,1.02941227018885,0.221824769881527,0.0852213363688858
0.389087152908648,-0.971702896718071,0.809435803082386,-1.08026529491427,1.08619817763713
1.03676353717259,0.253134741450667,1.22656291480477,1.23156810296603,-1.09935754798366
2.05224880022128,2.03229304827068,0.81932767644101,-1.0166893131661,0.270412580381656
0.790636220773699,-0.0930441155072418,0.898831474762444,-0.519961684687418,0.267982585090636
1.34474642692675,0.695214967789895,1.02209308078886,0.180257176779878,-0.579828841310323
0.362220266107455,-1.62966638215078,0.562573483181737,-2.94597538029106,2.38648802017884
0.329033779413056,-1.21980214892873,0.594036292274708,-2.42431237242823,1.77075054675329
0.315171892452133,-1.13037176933681,0.727491675125085,-1.62006197937324,1.60742254956858
0.308677074331402,-1.30028222793171,0.685533271548173,-1.77705373864789,1.52604374595815
0.308677074331402,-1.30028222793171,0.685533271548173,-1.77705373864789,1.52604374595815
4.2004915378804,3.41409116977233,1.64784859220474,3.06580389843918,-4.56776648247072
0.45396588646263,-0.795876284651009,0.863920637728568,-0.722677454363128,0.904918838781508
0.3347507917219,-1.21472633195577,0.806206250709132,-1.00029026736039,1.11446088305294
1.0850329207152,0.348221669651944,1.64569805482714,3.08318041749742,-2.81050909599122
1.02369438566372,0.203073814720345,1.17271609580524,1.00951723868388,-0.929723055376633
0.365548114523239,-1.01214248423988,0.835257737712339,-0.910550251758185,1.07610400963484
0.423339732806966,-0.860873986366525,0.864348556243534,-0.73143500292058,0.847955611836269
0.378630115335883,-0.982235761517193,0.784805633912873,-1.23548788959342,1.18888856940043
0.284739774205161,-1.26785753322978,0.65367875618705,-2.14481242094818,1.79378509127167
0.342779485028343,-1.0670461871321,0.75591686007355,-1.42296261626859,1.37451893300987
0.512591847783174,-0.658597488811824,1.05699200211514,0.372015450795576,0.0882544902407995
0.571582367700343,-0.566081109370677,1.0217541952123,0.178768193150054,0.209540843503204
0.262566035862325,-1.46603584810532,0.644575276881042,-2.0561074046357,1.73766393390484
0.477730641975417,-0.7114384819513,0.882270095297591,-0.618124338049531,0.799474273966597
0.265542759346129,-1.36137434558324,0.592113394260971,-2.5735471173664,2.1273352160228
3.31559384314233,2.4811960292139,1.33757351134036,1.72249477681574,-2.36577679317623
0.545749896396833,-0.555652214065747,0.982542961217806,-0.0369641883115351,0.276866615088604
0.316633788823841,-1.16624288042854,0.684815545277138,-1.89622542253539,1.73055368930822
0.359559909904153,-1.12145430795225,0.74160859853495,-1.48546320604958,1.49356836505169
0.448813080733477,-0.826485162254718,0.857806713926694,-0.773352057040225,0.847143936950571
0.408435740472443,-0.920324757626523,0.913432539688214,-0.43848635700543,0.728971183915097
0.615249987652954,-0.599688212191107,1.04160634570578,0.287519900910591,0.112525234168972
0.296431113623727,-1.59708628993504,0.595495090840945,-2.58292317694094,2.19571733772492
3.74983110654349,3.98869673890547,1.14644879478829,0.841124312356765,-2.23841893071318
0.951067573866521,0.160310716475975,0.874786265823555,-0.663609641329831,0.56090969943729
0.515744040370462,-0.626482103818631,0.895891976772444,-0.539147430527283,0.68134610892511
2.03180502024607,1.55181788113275,1.45794687274201,2.26615887260297,-2.64779435444601
4.16663741439537,3.95766517059637,1.43054050870616,2.24198918587623,-4.06171094492719
0.326566890209535,-1.17035611126163,0.794903666669863,-1.17321658000269,1.25952257585994
3.00391256793472,2.83655200869754,1.50331501355997,2.50835513267781,-3.62650375388656
1.03976688862732,0.245992505210026,0.998184629010948,0.0494004202960328,-0.0569089961113744
0.477582914897903,-0.795381558214064,0.966599271914935,-0.118785870331676,0.391967295026682
1.06587611605591,0.293312638523773,0.611006268645662,-2.48735926032436,1.63792018885015
1.9924520887987,1.88354040291117,0.922217887550528,-0.404385904055287,-0.443284163972445
3.88358360762613,3.14701117535154,1.24380274286392,1.30662986744152,-2.14839350837956
1.16064832455861,0.48899471447276,1.15023953290303,0.889948465965166,-0.772821732392192
0.72435097026883,-0.455446169350953,0.7488365669945,-1.49007874280702,1.2115126401108
2.10795582417682,1.91633210127091,1.46411930332016,2.37502504662418,-3.04698226451239
1.06587611605591,0.293312638523773,0.611006268645662,-2.48735926032436,1.63792018885015
0.409487267070069,-0.883733706880535,0.883246895274304,-0.61504242140619,0.83674529475475
0.379621072750716,-0.970871781400098,0.820599889036868,-1.00264574820093,1.08656276520429
0.455716451263698,-0.827420717962179,1.05342456607143,0.349055435322792,0.180991804315435
0.305799750448454,-1.23599461742335,0.748239876159895,-1.48380707840391,1.44469007546154
0.572776421701369,-0.56805634521927,0.950821860829392,-0.210568295660924,0.427457958176896
0.601162646803368,-0.505610480049663,1.00643500961866,0.0962216261826806,0.197651704629718
1.01441117680771,0.244972362499226,1.085737781139,0.517038847298562,-0.418239159450847
0.437840094103614,-0.877612381770067,0.826163246570505,-0.946827269888343,1.07159616462479
1.5735363982895,0.952479944790285,1.49052858395918,2.39625076849368,-2.62012163006533
0.674296131848085,-0.606944890860055,0.838508954420069,-0.923451733015409,0.893237390938749
1.06587611605591,0.293312638523773,0.611006268645662,-2.48735926032436,1.63792018885015
0.643217788065153,-0.41818359687277,1.09299802902679,0.545191166693597,-0.286664970971025
0.420149451931644,-0.942704711180784,0.838834231555094,-0.866914471347914,1.06016039174114
0.41617737104814,-0.920986696900144,0.703333767320069,-1.75177705803122,1.52690224105253
0.419447620613537,-0.911858054908489,0.802547091564276,-1.0968796192938,1.17285227297032
2.91798492718096,3.15039615970189,1.1890080899542,1.06987555030051,-1.59824298734455
0.421843605276376,-1.58881362853585,0.604847431418408,-2.53098873826862,2.13577138495165
0.348019960474346,-1.15154057499101,0.70378940708048,-1.74154231158362,1.62512009487704
0.87350101364397,0.0391707265764052,1.16780111722495,0.943915928356962,-0.81143503142126
1.19876956784158,0.529794280804106,1.3917398444141,2.00846193196798,-1.8397925216677
0.875681025149388,0.0375833269660739,1.1697831929976,0.956894116417639,-0.748321017350372
0.869772554277253,0.034889854743945,1.08814608057233,0.535625521008365,-0.533789900717047
0.451956011198812,-0.762672612741952,0.97171555250868,-0.0985151955583665,0.558138480894651
1.13687635493515,0.418197326098342,1.18111005493202,0.968105587916131,-1.03237431458096
1.1586345017459,0.448683662785238,1.06362475602582,0.406272148340303,-0.600181612131934
1.08366950676703,0.3383558400765,1.41671470958074,2.07207144080033,-1.84517517194119
1.06624739420987,0.295695380136016,1.19371986005623,1.08588573359329,-0.958852505209005
0.386987962241184,-1.49206921233319,0.638881585576399,-2.28196929494601,1.98554194956899
0.348967937192927,-1.09827530141759,0.809365462501366,-1.08123447198742,1.16762966354793
1.02921938326695,0.238806034504596,0.969299702319556,-0.112123876653607,0.0328119665495929
0.862233441805265,0.00729149325677636,1.09759094044604,0.58562432390209,-0.491997364285315
1.61021093090057,1.01767523348158,1.20360388238479,1.05989362110009,-1.54588876036409
0.456475753919628,-0.759117393196222,0.954833524385296,-0.193640548631104,0.554323540372654
1.95516533241134,1.65381507721096,0.84703778097193,-0.843938390005477,0.0395185526126368
0.368550372444344,-0.974601123687769,0.761254761808995,-1.3942973151952,1.37411775726479
0.436744466155755,-0.830887858191613,0.862451845126323,-0.744569092803084,0.859699558779176
0.666983823249734,-0.342384856104314,1.18782338188235,1.04688718596823,-0.586134108094121
0.757444356007217,-0.148627324577736,1.09367602817553,0.564719921094922,-0.423015914918339
1.06272626413151,0.291278891681012,1.22699886757334,1.2418265810043,-1.11073260574521
1.03208731901625,0.276529640756437,1.06636592890633,0.419017366479226,-0.355338534724317
1.37418134067278,0.73895688126872,1.44935428805197,2.20816254360924,-2.21132924460946
1.15570206954615,0.444785806950526,1.34089791537615,1.73661839794318,-1.64946078121913
0.421843605276376,-1.58881362853585,0.604847431418408,-2.53098873826862,2.13577138495165
0.42445872229311,-1.38705271339681,0.669412198720723,-2.08778941880709,1.88550867050642
0.330927119690786,-1.10144688193859,0.734955107062826,-1.55773677382528,1.54819631164254
0.627187467959861,-0.414823230573151,1.0793624152322,0.484577482218051,-0.100942248097035
0.375214799260601,-1.16913912283853,0.688730434169364,-1.85521715057723,1.66720868353007
0.41600169195791,-1.025162807786,0.773595732244768,-1.28016022867272,1.30520127605966
0.354629526982966,-1.13662602502314,0.722505848358119,-1.61331353662242,1.55863337269131
2.14216929632336,1.52969409363141,0.950109526506456,-0.219100709802159,-0.373426665943635
0.713253648441352,-0.572536781490652,0.85300321455188,-0.832495662417828,0.750562812988701
1.90513277766128,1.33321073262155,1.56655897654681,2.58711690999146,-3.22157476066563
0.755919232602033,-0.151267426246572,0.995771567042622,0.0367523213771022,0.0579160318933415
0.42008511023841,-0.849274205042105,0.81691416025068,-1.04718044484454,1.1250718276231
1.12987455180574,0.418700454787385,1.16455094439968,0.944184083981937,-0.894344511556212
1.84421177419051,1.49290677252023,1.37481641748297,1.9358466748558,-2.20628178382917
0.644398820093282,-0.406552342161639,0.882774277322972,-0.603551593329099,0.59147499623406
0.810767182515964,-0.102059238394607,0.912741932628385,-0.427221302588523,0.260704774666107
2.52372881677053,2.35593604349038,1.30330416721731,1.6142390882558,-2.04722266621291
0.411180187487057,-0.912648961670401,0.877384956738653,-0.6551941563897,0.826532678831525
0.816394043674704,-0.31003665349264,0.730857794873489,-1.60430267504262,1.231621510586
0.504460740705665,-0.652839203598169,0.866664413838844,-0.715706659132936,0.790778998642855
0.878430011471127,-0.0898422768467761,1.19934516253699,1.11069578599831,-0.70014599598472
0.818882290270255,-0.139747035387082,1.09991256306826,0.593431899048407,-0.328740989693837
0.914720865254999,0.107290610682622,1.40223061370971,2.04446506621881,-1.6295773475062
0.31787446543775,-1.24500107946763,0.59335322351939,-2.54485190704093,2.02667574011583
1.2876195707247,0.712662969851801,1.49566624702798,2.54177039697044,-2.5162470370529
0.852373891470176,-0.124814128817511,1.18755537510352,1.04716235996252,-0.723417313280295
0.315164645800664,-1.19082478899292,0.797584832584196,-1.15676288942191,1.30261053828998
0.407474619396331,-1.61686174890919,0.615461141448859,-2.49636447140285,2.14705998824343
0.392875414722192,-1.72006492788229,0.606394443525021,-2.51250383078953,2.17968432501374
0.53245749430279,-0.586794251658466,0.942874562503057,-0.26329000261046,0.42360132806354
0.673605868474752,-0.309334578542936,1.12091444267035,0.706513475116621,-0.333079972440694
0.718048707064204,-0.222293163543235,1.11593743049803,0.677399849915344,-0.391563470422568
1.06587611605591,0.293312638523773,0.611006268645662,-2.48735926032436,1.63792018885015
0.497495259114586,-1.06464485079437,0.784588596479129,-1.24441421611616,1.26721943255767
0.304968853807631,-1.31522719999506,0.607939163043341,-2.43018471811258,2.01766790890315
0.41007565304929,-0.982521124787598,0.748775529771413,-1.43727493998407,1.37208136803972
0.354629526982966,-1.13662602502314,0.722505848358119,-1.61331353662242,1.55863337269131
0.847812891018388,-0.0028470920298454,1.10576403011342,0.627773646452716,-0.565757437238904
1.4433793270543,0.927944038615895,1.20974407504557,1.15752292607305,-1.33830329442865
2.47361341209047,2.29866403870898,1.27531039920271,1.48119566714298,-2.08024003271955
1.28895338956302,0.710320996961359,1.13337806218009,0.788034874145567,-0.77003034632673
0.553203195793156,-0.760442416158576,0.862484658388361,-0.740607445948613,0.833470947050039
0.449422444355548,-0.88913757340129,0.831269243537068,-0.912578127324565,1.04488920673071
0.850724192519218,-0.0278576994621227,0.975612600887906,-0.0723151907703715,-0.0100881170687522
0.783559047580703,-0.2901646963564,0.750321071428665,-1.47186060239792,1.19002930984555
1.06587611605591,0.293312638523773,0.611006268645662,-2.48735926032436,1.63792018885015
1.32181815468192,0.656635321192148,1.29316032562249,1.55697460125615,-1.67565305030117
0.367158088118325,-1.14171909493916,0.799614238447775,-1.03427374900276,1.00559440297523
0.375883988661874,-1.01502612389003,0.762517486916078,-1.38887770985813,1.27366881630805
0.839400240453932,-0.0346701271687334,1.0146621384253,0.140929457584457,-0.164517257220469
0.821575519317899,-0.135073708099482,0.950951848382071,-0.214246689575266,0.340151996497998
0.854999382794491,-0.0319334621829788,1.10967020132021,0.637036604403715,-0.417303326614351
0.838765554932699,-0.00160653599837601,1.12739476412486,0.738948789151993,-0.603091007812253
0.821653385987711,-0.0899190873413046,0.945254739898758,-0.24188198258133,0.153586254208619
1.11082657028459,0.381175942134692,1.19525110406103,1.09143713143958,-1.03357976956812
0.878408549059075,0.0187768290904826,0.942821774312971,-0.255524599958732,0.163584831291193
0.506621224220493,-0.642653557297264,0.837213349278037,-0.903180761582195,0.931827966769399
0.734240963139962,-0.436407347340993,1.00619596307608,0.0940037837927617,0.155982338746278
0.50780559757329,-1.04630118600028,0.827141815256055,-0.970913369789187,1.10014000107012
0.365816360995271,-1.09438864502044,0.74480543895027,-1.46528575214061,1.46317564503982
0.385785162289635,-0.940014705160907,0.88058201748767,-0.631191718268397,0.916260510507808
0.433487141667043,-0.836896815174053,0.916673608562808,-0.417518613622518,0.671778750098437
1.17807619935125,0.474262528943754,1.17548485522486,0.974065398487222,-1.05702746923755
0.743650147662993,-0.387789515087126,1.04559447208776,0.310849270774585,-0.0249535654109821
0.559476030128184,-0.554459299870176,1.03968188716062,0.278397486791957,0.0420222140790891
0.334974835540687,-1.20714126476317,0.677509039605077,-1.92270702489741,1.73982575034616
0.383329466980902,-1.57542173338202,0.629724538835627,-2.41781901266354,2.12939060925995
2.05537120400414,1.67873717405524,1.45485641529116,2.28238449319165,-2.83768842600599
0.940529713941757,0.139177663842315,0.998150755219305,0.0504472897882535,0.0232631250289154
1.90571468622454,1.3947442210192,0.812669111791928,-1.0358451382435,0.63898858513006
1.88628259639266,1.54772840618217,1.50323214775973,2.49903710153416,-2.86714900278118
0.5367500565002,-0.763585863420689,0.734978542717556,-1.54787688143733,1.31241026185436
1.40195672721831,0.743730281984491,1.31925119687098,1.68093193256316,-1.88693840046378
0.614912121874294,-0.403625644762653,1.1019972720344,0.608042316899609,-0.244199731477558
1.77659590063563,1.15152116455927,1.19824159070672,1.09637197695486,-1.27480006893187
0.908387077606874,0.0683716116871171,1.05779604510878,0.369547096860445,-0.384070530138665
0.908387077606874,0.0683716116871171,1.05779604510878,0.369547096860445,-0.384070530138665
1.06076432598214,0.306675181237541,1.0752192234182,0.460182860417909,-0.633795940033716
2.0796519201255,1.50147145625704,1.53499657862502,2.49802853617607,-3.16340535874669
0.422111000361122,-0.894116874235815,0.904215711162416,-0.493141031756599,0.710165659528688
2.10287501244043,1.44645485845891,1.59421476192401,2.86095450519056,-3.41779642122016
0.898747656482978,0.0157000082344366,1.04910219122531,0.326307886920975,-0.278163675712328
1.29863795084149,0.7592099337244,1.24946474817695,1.39611694269524,-1.47236331580046
6.43716540236379,3.92857428017171,1.86578317533805,3.90920452385634,-6.50170757016751
0.327961970121276,-1.150030749078,0.662251284759949,-2.05005481851362,1.78064584281329
5.82944350951591,5.70564898909055,1.12299832502698,0.720236396874652,-2.60381770512284
1.13633024118847,0.439169292330039,1.10725280082813,0.6602284744926,-0.577625312781983
0.68341155740356,-0.56627421349901,0.922233807289514,-0.390612954013519,0.496163886439929
0.312304260592316,-1.25903851726517,0.733871598397555,-1.53647200395519,1.42392991216235
0.741209682175912,-0.350259814909859,1.04138386489608,0.287233195785531,-0.0619065463560477
0.960320598943885,0.0997153802797707,1.11980618648771,0.702876324951026,-0.596324689305668
0.50780559757329,-1.04630118600028,0.827141815256055,-0.970913369789187,1.10014000107012
0.674704475662464,-0.568913876667217,0.952350845900443,-0.211741348545148,0.411665520801585
0.557706927800434,-0.587287221085427,0.86066728359122,-0.736157823951073,0.759152378285257
0.325620590391963,-1.28035755545778,0.661661239469399,-2.03710109892815,1.82897598158461
0.441950680491541,-1.5048954242028,0.641029297531302,-2.25630223142417,1.97805479020042
2.81407233951704,2.54440239082181,1.1617785089388,0.917925867509833,-1.69023899563042
0.866891402839904,-0.12309552785281,0.973020539766528,-0.0944787558007237,0.234692168241542
1.0502746348092,0.26498319754155,1.20092362974925,1.11902958774168,-0.850584681425794
0.556076628355061,-0.946284585660073,0.896086101411038,-0.557473360297583,0.844549668247558
0.537307039492519,-0.633454338577584,0.928560594565468,-0.340188153067126,0.495917602512138
0.397302224131864,-0.908498276972803,0.830364002874764,-0.960020175617822,1.09996941676501
1.29179512490665,0.669450316899733,1.2470204907406,1.33381664788733,-1.45458523116809
0.778547938280383,-0.111968018704942,1.17367997209989,0.985719007629021,-0.643613773894904
1.27495484161545,0.599375170449005,1.42913445587025,2.17676087149915,-2.27382556460157
0.342105910448262,-1.1237133804514,0.698857608646323,-1.78532007478737,1.64419515622609
0.763678573248168,-0.179944035206416,0.892413739869989,-0.546133519466379,0.416175330847959
1.05833521854429,0.276932894802345,1.29121098731076,1.5947505486905,-1.4134224739759
0.779257657232916,-0.118159596516218,1.05712968295588,0.36950521056516,-0.225650627751585
0.744510258528772,-0.187566948995711,0.996093367571491,0.0392892655367096,0.0384756019852003
0.675436969303182,-0.351417504567385,1.13989491407833,0.780296965568194,-0.481739418261024
0.454678210483932,-0.755991933429841,0.859810034658043,-0.757890782111635,0.909028443151949
0.885539181707493,-0.0746646113131386,0.976536784215038,-0.0732902130722527,0.0506456427352501
0.782606027658558,-0.150341810691128,1.02701659361248,0.204599181002404,-0.156663594398262
0.401540246903672,-1.00551792918228,0.823239227565121,-0.884571028171482,0.878105958750999
0.597295677540212,-0.643874104655349,1.02464722827744,0.195599423368415,0.20346258182395
1.64733027706999,1.3647064067314,0.73208701053081,-1.65503866351302,1.12869553534824
0.599509847629219,-0.443666847020086,1.09230111752325,0.557500174125083,-0.146576865426532
0.599509847629219,-0.443666847020086,1.09230111752325,0.557500174125083,-0.146576865426532
1.65816363696834,1.41562978345632,0.5793229881487,-2.73658631748795,1.66989061550995
0.256583969763851,-1.48884347762116,0.643252073466021,-2.06614121829024,1.7580700148673
2.0364012074098,1.81530538630713,1.38317063483832,1.99747490784845,-2.31425515752727
0.354764112475507,-1.08425043653498,0.724330062988037,-1.61091902349693,1.53869178566438
0.337802579788959,-1.17597977192358,0.681121787851687,-1.90035068593198,1.71283983077154
0.825459765720358,-0.0567544081002792,0.87827327823073,-0.632681395883468,0.581817277719683
1.24401643206239,0.631844631827833,1.02362693830651,0.192770559260408,-0.186645761392759
0.994845580761752,0.157363401330542,1.16152275647849,0.919081520946254,-0.789998077462579
0.557660072410089,-0.612476990130027,1.15064552597951,0.790827974824225,-0.373795320808464
0.368600400705277,-1.07462746385933,0.78220716135767,-1.22320687823863,1.33610439265387
0.405266900715538,-0.987631076664626,0.73857333367064,-1.50561405493747,1.40560635438721
0.436103513097504,-0.913976169645523,0.785430816310444,-1.19943811093313,1.21386052246186
0.332252379159438,-1.12827501517468,0.673820312576204,-1.97036153937402,1.73650671742048
0.334974835540687,-1.20714126476317,0.677509039605077,-1.92270702489741,1.73982575034616
0.374452463045857,-1.06794184495656,0.765069437328947,-1.3324216267321,1.38401450593252
0.353581132365798,-1.13434751932866,0.718777953610108,-1.63923856065649,1.56927770082766
3.03524109528688,2.18879294874141,2.03742099078636,4.52888714098089,-6.07789907248146
0.519402321634335,-0.823050618615196,0.867099815120864,-0.706835162336686,0.835097764773335
1.19794028129782,0.502979856537631,1.46350620737941,2.26985718817278,-2.19530170969726
0.832804119262157,-0.0813503298696389,1.37584856756722,1.89647793576076,-1.40667644971321
1.39131390519898,0.733711235101878,1.46933321254049,2.37063259631837,-2.39829186900334
0.709484383871585,-0.272143664166076,0.954255851165926,-0.194203699413273,0.0958136558818562
0.798665316353489,-0.287481373734846,1.07707401115495,0.486005654546717,-0.181612828963354
0.356690936757929,-1.1231494399915,0.76597966404087,-1.32626971970692,1.41805976648792
0.912597357819172,0.0839127950560929,1.18520692259495,1.01429172486244,-0.85259581138956
1.55126983902041,0.969752531011408,0.796748968462391,-1.13110940503681,0.748067433423459
2.11674569144431,1.84143549223048,0.995120693735605,0.032303570814137,-0.636113227380401
1.13633024118847,0.439169292330039,1.10725280082813,0.6602284744926,-0.577625312781983
0.74449694081123,-0.354484894765746,1.03786552516306,0.268303356534258,-0.0532026160266107
0.351169969118981,-1.0750183083376,0.718510678508337,-1.65666056718318,1.56199848707153
0.850840690488096,-0.165827449572587,1.12476644658763,0.742983337505653,-0.474506305119284
0.655381287301732,-0.722845321675598,0.871894933478838,-0.721446069562349,0.807747924563835
0.544606537868446,-0.572975972813499,1.00289969729745,0.0760522673785567,0.195472243834846
0.342387529437515,-1.11435499984868,0.698977057403032,-1.7868450010604,1.64177417363679
0.392467950441144,-1.03078949278615,0.770392942023112,-1.29629678637958,1.33378748301929
0.316890614813778,-1.26878619747296,0.636157405124033,-2.21994878990275,1.90376996840489
0.353581132365798,-1.13434751932866,0.718777953610108,-1.63923856065649,1.56927770082766
2.88312885349051,2.10192091316192,1.17007313672772,0.944728257484778,-1.79039966227764
4.02251113509121,2.83963768531075,1.37303809913913,1.92632383632931,-3.08304617905383
0.436733435598927,-0.919296686902109,0.926945178655779,-0.311682707359515,0.499111028606774
1.42420251598174,0.938836810144703,1.05412099351882,0.361371983983458,-0.610328478941298
1.23791407181102,0.618494750699374,1.2080651346346,1.16581637608455,-1.22083075097153
0.821747117997037,-0.0606388245770616,1.01135131698733,0.122796145764869,-0.139183651853032
0.3763769194116,-1.00257242384955,0.758967808000715,-1.41066802546432,1.29529091439345
0.941987960891611,0.137881960703085,1.22291740475547,1.20150415208127,-1.00341145644726
0.627843840955937,-0.619141762368895,1.03745537826338,0.265881211115776,0.122914142599802
0.40824098110557,-0.884230871598097,0.886355832043991,-0.596305551914285,0.837764614566685
2.55787287250127,1.86970241501232,0.884312024453882,-0.611566718764433,0.123640856753743
4.02251113509121,2.83963768531075,1.37303809913913,1.92632383632931,-3.08304617905383
2.18545275955149,1.94489995752488,1.18915508475503,1.0580833583015,-1.45061501577128
0.770462881731388,-0.327414855796869,1.05007483953415,0.335264228471404,-0.0766838902740582
1.1463940712363,0.431733379432858,0.840040776122691,-0.860511660205634,0.674882630810317
0.50674699776884,-0.657610771050105,0.801773364479842,-1.12441297006038,0.959321561785473
0.88501075795265,-0.0771916059077413,1.03924180316,0.276898371273569,-0.0662064960435046
0.556879043603548,-0.830256971326976,0.923023103449428,-0.380988627489545,0.656236790290343
1.06587611605591,0.293312638523773,0.611006268645662,-2.48735926032436,1.63792018885015
0.39633653593562,-0.890626077385193,0.797026121875072,-1.15276614867783,1.16002853508001
0.573709790368297,-0.615588119344794,0.983926466122962,-0.0269757946416309,0.321362942845043
2.52858570334175,2.39818132612381,1.2237686487678,1.23979225222256,-2.05028120568446
0.434097175001903,-0.83146826691066,0.86809415423233,-0.700283716553602,0.924353797463837
0.298460203525906,-1.21047874225495,0.670607051468908,-2.00396919275047,1.81508053525523
1.54598950139143,1.12241375479978,1.62641688145241,3.03597974864834,-3.17996959523915
1.47798121643863,1.02057388326305,1.5703778180322,2.81269867462246,-2.8975068619327
0.667797108120712,-0.584841443440231,0.840687243972251,-0.884613381290352,0.844458047292388
1.83135299731961,1.49297325305833,1.48841731039214,2.43864188186709,-2.76903794426433
0.469052506144915,-1.27034702985574,0.747478418741112,-1.54953671265513,1.56451393753945
1.58812376200654,0.975162111631883,1.49387458261734,2.42844757336033,-2.71615851727425
0.592243190606493,-0.45658869616332,0.873994776682501,-0.682092680817721,0.669198676558491
0.541055496443388,-0.69397867433866,0.933256988299951,-0.311206046772504,0.549342549744323
0.834128063424427,-0.118798155508114,1.12221190120906,0.710664402815053,-0.508115662347174
0.666467822826111,-0.571604251570102,1.045296012952,0.309064494636953,0.0469926153380539
0.615822332106032,-0.768021502054585,0.86953738653724,-0.720445357774057,0.8407974558645
0.35523029394213,-1.18448207843478,0.725867871065218,-1.5914221129583,1.57213023501885
0.36768958902349,-1.12847182372052,0.756969931621877,-1.38382060427878,1.44644854110429
1.24879491641022,0.576003847901984,1.05226818323487,0.340689952784212,-0.56719913304631
0.553903756062921,-0.659688597938704,0.852285858121734,-0.786993445235916,0.817392250035272
0.912597357819172,0.0839127950560929,1.18520692259495,1.01429172486244,-0.85259581138956
0.304562186991616,-1.19361958191804,0.677918045808627,-1.95009645251006,1.77951036691223
0.460303632497749,-0.756444381364232,0.964256852354763,-0.140781811131592,0.479339269411705
0.856840482470267,-0.0726298345491912,1.09955316036872,0.593254053220531,-0.442819051462369
0.474164819352991,-0.774279543635759,0.942560532980434,-0.258540561753893,0.616795265293597
0.78852660479036,-0.312120725083035,0.879964968205545,-0.653293166254617,0.696612566939593
0.65084612924659,-0.355855944941089,0.909043692064115,-0.4557925583652,0.489708768902855
1.74255659992939,1.10916380439191,1.69742959299063,3.2617682397009,-3.57018458531618
0.341081908503527,-1.4324076599483,0.660953642568975,-2.08788503862541,1.89446403494593
0.475359548156695,-1.30814034097118,0.685999281103954,-2.00137249859953,1.79109136383255
0.724338579048849,-0.263116304444893,1.14233400486867,0.800623464754176,-0.423384098440435
2.22682307735374,2.01962872274618,1.03323898102202,0.243970019598784,-0.931398341547316
0.811190157228227,-0.163681473750612,0.927503881667901,-0.350744066633976,0.438681492983041
1.47011068374678,0.932172003208033,0.854289011973979,-0.793328233721579,0.379428255717698
1.81408309403909,1.34770515850739,1.05588762871665,0.364058715692312,-0.587494844191823
0.855987161285823,-0.148784967795767,0.793561928877195,-1.19760590545582,0.808570212740249
0.891373281108114,0.068860873725737,1.17478905193916,0.978675859022063,-0.752757169530013
1.93189571052294,1.50588738859324,1.2740599886942,1.46103960588349,-1.69138907062807
0.873952923211766,-0.113143222158305,1.15412815800876,0.898129136998552,-0.565079418744655
0.486755375470856,-0.712318591128857,0.899750560615758,-0.518929605753626,0.674254336414681
1.1000895513604,0.360192855891443,1.30425970091945,1.61325978921464,-1.4672413427992
0.760233118697016,-0.347529821414484,1.18744685797943,1.04856456803733,-0.602524077668434
3.16948489636931,2.55939691846179,1.91812089242307,4.04803122428338,-5.49987659088103
0.464616779471672,-1.13828261144252,0.763753208132466,-1.37986488365263,1.36373599821295
0.420909562624841,-0.988799936885646,0.827763262798788,-0.935162549162787,1.12360488453019
0.669241322348474,-0.626196042489826,0.651733568734494,-2.23869424196157,1.74145454193988
0.669241322348474,-0.626196042489826,0.651733568734494,-2.23869424196157,1.74145454193988
0.78482437208318,-0.366473496873722,0.85380910821189,-0.836845369538192,0.729410973169367
1.01805171001282,0.203335165700577,1.06900503744888,0.437295423252279,-0.470309414511433
0.723637419630967,-0.326500783249726,1.02747191939124,0.210250676820291,0.00236269601596893
0.782023803972612,-0.306618627565117,0.867507513330178,-0.718572785137678,0.763028239567972
0.9131276729761,0.0210766775622259,1.21334424597065,1.17053538888034,-0.927883812855303
0.851720416762169,-0.00418684805866038,1.29681257349428,1.5501352967863,-1.21393085613835
1.30028450863235,0.67172630887182,1.15911319157161,0.897955866981075,-0.857040458392015
0.860310081049157,0.00422871727021115,0.921877593664503,-0.387619636093735,0.108214228987882
3.49842531972225,3.62622962129937,1.14085014902216,0.836884838269865,-2.20673181651378
0.35916430189245,-1.85200360806581,0.510971284432217,-3.31962230070281,2.58284604717015
2.225536873152,1.95644992172728,1.29911233206615,1.5873289413761,-2.18289938679771
0.594926411183831,-0.568479490558074,0.97157704704095,-0.095442922156539,0.374666590442476
0.559365927712128,-0.858567804846579,0.896693900258274,-0.538661150363206,0.745491300507234
0.959804308971175,0.0759027983923005,1.06354256347714,0.414130432597523,-0.255839850424664
2.15121117054763,1.87693474384032,1.22094339960435,1.21325753597624,-1.50881550412056
0.629691368411465,-0.832864615096753,0.888891442003241,-0.595946031292124,0.776585842228185
0.49468764867826,-1.01457284357488,0.822874703375712,-0.992964030464266,1.09617770757716
0.832876369892273,-0.0821849639696663,1.15262068059941,0.854458796540584,-0.616246574582315
2.02285388412971,1.6548036327783,1.26022863036899,1.39901124370613,-1.60388893475208
4.59410865967193,4.63251471772138,1.15673414853985,0.914990608482519,-2.68132135424816
0.718247439137814,-0.227688338579481,1.08439248108722,0.516559373519297,-0.252450919532718
0.402090175554103,-1.03005808766269,0.736331154295882,-1.52034852638296,1.43757665500028
0.356071730451548,-1.17280605865416,0.686165249461519,-1.862946840203,1.68035997203338
1.00142575653746,0.204601508397,0.822368099865468,-0.974169194108816,0.757956367847267
0.865953570741415,-0.143911895685998,1.01196297497676,0.126573806389691,-0.0691696005533506
0.629014805877023,-0.67413195413555,1.0278548391263,0.213932611072673,0.176072182538858
0.293463130143433,-1.97897762130405,0.48887876647516,-3.62586650517072,2.79967451664223
1.18554102200989,0.487434314838944,1.0124294391281,0.128606710173078,-0.0764215433605181
0.697660320359389,-0.526347602110325,0.906243010982429,-0.485538694246907,0.591512599311559
0.83664737588206,-0.0561904172204076,1.38380720622362,1.92530496042805,-1.46428095744916
0.781849390996007,-0.136207721173431,1.27787465873747,1.45463383760203,-1.03003144419751
0.662222539803568,-0.548920420212656,0.986439522623418,-0.0161517467701503,0.245186688213897
0.630796082096433,-0.667878798071487,0.980330096790227,-0.0510623705969257,0.360912176921479
1.45323597945429,0.824042596759368,1.13186337184932,0.750220402586092,-0.803493436303608
0.637359578557416,-0.583018367823767,1.01664094383636,0.151985976385898,0.163388653006664
2.09734708256828,1.90569076161423,1.31810174489648,1.71454708725348,-2.26051062968288
1.58255529457516,0.98521376246608,1.30711187831933,1.58346272422202,-1.75298873982534
0.720046024947885,-0.485995243315797,1.00401909163428,0.0811377075523282,0.180933537921967
0.499820170085832,-0.700548444902484,0.962878427387326,-0.149983739114444,0.376635477438382
1.28015680707116,0.672275434340842,1.23421747712236,1.27753596252427,-1.37198042385045
0.876427879707189,-0.147215837990686,1.10758063122105,0.650189874525211,-0.446953144199368
1.76498836616109,1.46015881126249,1.14583926494541,0.857395389099476,-1.1693764370876
1.00212049052256,0.167985978846998,0.986862768974916,-0.0150154917287779,-0.0525735580142297
1.58420613996945,1.18931242766469,1.2968835314578,1.60009044796911,-1.82732460458697
1.74734515900617,1.4444939274384,1.19500414283814,1.11530789502345,-1.41615123612161
1.33982414841788,0.776398648925095,1.22648817053311,1.2415922800631,-1.37505195776592
0.69711234142953,-0.525038776887953,0.941662852720776,-0.275114421830764,0.425836519595627
1.1143474741359,0.385664027105942,1.11733063013189,0.675395276359869,-0.652314199137196
1.1143474741359,0.385664027105942,1.11733063013189,0.675395276359869,-0.652314199137196
0.853913209155363,-0.020295334047232,1.19015996100386,1.03596903891304,-0.821873008077183
1.74734515900617,1.4444939274384,1.19500414283814,1.11530789502345,-1.41615123612161
0.994327211944122,0.156167086233983,1.36844482110528,1.91094874929285,-1.57190905140742
0.416719400295238,-1.02054153564372,0.838078034983861,-0.873704029306298,1.10933883094935
0.598928385301569,-0.7327127082635,0.820922229994317,-1.00633700803938,0.943107553447941
0.316890614813778,-1.26878619747296,0.636157405124033,-2.21994878990275,1.90376996840489
0.355979004324819,-1.16282009317759,0.685394034807425,-1.86765384142576,1.67876367688783
3.65956107421982,3.53839259308017,1.21156159434824,1.19719978619048,-1.98578789248799
0.439068290610756,-1.27639177332488,0.735347308960783,-1.57826993512634,1.54875136069967
0.346886344437163,-1.44910573520299,0.643133203545957,-2.22352593269492,1.95185582783026
0.934017949927052,0.0271335554739518,1.27658441958975,1.48947299666371,-1.14584067343738
0.463264747225693,-1.21273671562017,0.73725924845821,-1.56974880745129,1.51631684029719
1.74566389614444,1.41045259277596,1.3874914544889,2.00642759362442,-2.5544571115948
0.602171435870578,-0.543500207051788,0.8214676626023,-0.97535157343175,0.898595638705947
0.40869986450376,-0.99552522901985,0.821273830311803,-0.974132707023219,1.15587111190473
1.10054434400317,0.360747875559343,0.889763168364337,-0.58035482529391,0.357437624734772
4.433675817301,4.49269668762691,1.43160550850953,2.25070762197439,-4.08515899336736
1.0397297959391,0.240411499713385,0.930852917243589,-0.351758206426634,0.222615625558549
4.07840847012502,2.92254458978743,1.28759247856168,1.51563341183182,-2.60583526202411
0.479117519273522,-0.902196507285081,0.723715046623269,-1.62055153445578,1.39263635739576
0.800870978876337,-0.0824381291042572,0.956260119719499,-0.186756962754013,0.0977805207035386
0.454821763889116,-1.24304476186365,0.754420722421937,-1.45291003516735,1.46587778529798
0.785505223646248,-0.395652644609498,0.559358483657889,-2.88885096452258,2.09464443459452
0.479915376326277,-0.833890780677003,0.900836577765628,-0.497242822657112,0.767979122458769
0.411534873788686,-1.64133925268692,0.611628112168891,-2.47172981025405,2.13258274436213
2.52928633246404,1.79396553685927,1.25002304924311,1.34634907470671,-1.740211370382
0.482383198489286,-0.860296510059741,0.849859215268288,-0.804446564544736,0.938575048358234
1.33319537520456,0.675838099101692,0.892387019070606,-0.548633552267309,-0.0915327554148994
4.433675817301,4.49269668762691,1.43160550850953,2.25070762197439,-4.08515899336736
0.480033019870279,-1.26541964170031,0.734630235236874,-1.64876353176236,1.5957746166072
0.772306098770898,-0.372053828806622,0.987647424819009,-0.0143612484235226,0.181195946149748
0.564073140252801,-0.516527096581356,0.935005034792386,-0.307641065079845,0.429274949347388
3.91267195357612,2.91613484488654,1.7700064005358,3.47876440581216,-4.98106122442384
0.843495895886558,-0.00336886930568411,1.16972178274825,0.952970331583857,-0.729669126847418
0.670837008197953,-0.35458408319023,1.09752128462591,0.575571581209535,-0.250898730839744
0.765148305312009,-0.15340264626941,1.10474490723202,0.615890682402534,-0.360828247275159
1.83826020518822,1.71467670438423,1.16273219471831,0.923458417855869,-1.18504995423597
0.816736063878255,-0.0673124279756412,1.16332178213451,0.909803258872752,-0.671549916840602
2.43632001910068,2.31471197597944,1.60748287407993,3.01070885880876,-3.7790191347062
0.681677709103537,-0.437251375266451,1.11564821911167,0.676157657880968,-0.267822390061462
0.521466635576487,-1.00529539617235,0.860636415069462,-0.760906687464383,0.96988859202068
0.836527730754873,-0.0248888771633633,0.999736180059336,0.0583881419393874,-0.0276210057186938
1.0665060106118,0.325751142676497,1.03010049551939,0.227102750202316,-0.379052195878128
0.463798134630666,-0.741491798632593,0.755843661573103,-1.45496669030503,1.24196288150468
0.576786014481382,-0.835730064679716,0.940636542929393,-0.279777193566563,0.589256385747466
0.544417679279784,-0.558705817905573,0.991054242890961,0.00796546731532435,0.291127259454854
2.96028933173338,2.49469465119008,1.59216267836078,2.84936469416905,-3.58353772049084
0.638597738660267,-0.788502065792634,0.823648803808089,-1.02482816008473,0.995955041513164
1.25235236560446,0.65108880091844,1.05544648968038,0.372163458258036,-0.640841192376969
0.570861730782543,-0.857530317859817,0.840005836398365,-0.889765483277316,0.959276521396564
0.847956090917273,-0.158649846932471,1.00228995844616,0.0722318610762187,0.0308662854070009
0.690760111280897,-0.44321042710767,0.972693627421285,-0.0931609657802196,0.257465604780058
0.465092980023411,-0.798222585352062,0.79099213211702,-1.16933635737838,1.13152482449437
0.626824060048943,-0.389838164740763,1.11159708592645,0.655969522381155,-0.28314296573174
0.806673710062949,-0.233451527410979,1.1588623293119,0.904074056961441,-0.550518497968019
0.82113760499755,-0.226457267572172,1.17527540859656,0.99393647994496,-0.588239924214948
0.80170211373401,-0.282155401213283,1.1529815914514,0.892759884341882,-0.514748959177753
1.72628112672346,1.52032116824283,1.06377910552309,0.410948079088298,-0.679946849230902
0.454975034466087,-0.763425215054834,0.859848947103713,-0.774860232582525,0.881753213217768
0.454975034466087,-0.763425215054834,0.859848947103713,-0.774860232582525,0.881753213217768
0.529303174545077,-0.587061709565651,1.01206520790278,0.126749700401351,0.263173898864722
4.28531856129814,3.19278545266041,1.37421135315749,1.88517455217511,-2.84967321950387
1.32115355677835,0.777228426050191,1.2243825108985,1.26981317873676,-1.39404824149402
0.704621776768121,-0.470316662552689,0.897669303520794,-0.532633294243288,0.580359998570085
0.433646152937772,-0.851104687078103,0.862797730023506,-0.728742701437285,0.940576778829207
2.87386250548241,2.9200221423333,1.35851570402907,1.93549780409468,-3.1591951418405
1.04227392033954,0.247211328822362,1.05651311734921,0.374557912121993,-0.359060636020994
0.665405700985045,-0.415582801973128,1.02406949546378,0.19142808836367,0.0940053353598311
0.972679328502063,0.179917435537615,0.94206161096586,-0.261446556161044,0.110439954519175
1.35210590299136,0.810911299595084,1.41894922985536,2.14910260480237,-2.17618995897473
1.57288846959919,1.03837127556748,1.08756158568336,0.529685127932242,-0.637139086541302
0.43086011343672,-0.846553138137315,0.76776369472449,-1.33004755386877,1.2508310278493
2.73341430521591,2.63863179164573,1.31893930658689,1.71176612991843,-2.7053544166338
0.887501770162308,-0.102360630547565,0.917338173202249,-0.437886840038726,0.446016076240013
0.811438133226008,-0.256043515950828,1.01031425224484,0.117070410774824,0.0435176933269725
0.668649869608175,-0.600846928862124,1.06051634091584,0.392879357652961,0.0374402878329536
0.476412802350787,-1.10175707512339,0.766981658903165,-1.35840562643954,1.33455802712023
0.476412802350787,-1.10175707512339,0.766981658903165,-1.35840562643954,1.33455802712023
1.40788708778908,0.938603905149459,0.829038826874612,-0.999827985963778,0.414057781480165
0.870536637310604,0.037223257501609,1.25675116791521,1.37404090198357,-1.06076071325389
2.49227195277678,2.32165749234167,1.79043867704478,3.66854290392087,-4.70566329199335
3.18741974085951,3.03890816606005,1.85619180457963,3.92157579672464,-5.01823850649411
2.31567106314974,2.21106541735868,1.28355793010603,1.56300766192111,-2.27839364835408
0.523467350364784,-0.60456659486949,1.00046066718271,0.0614300305545969,0.288810756167462
0.810148728107433,-0.101365899554424,0.854149410049514,-0.773109967641813,0.644243101337955
0.904150642246462,0.067794420789647,0.908745434694278,-0.451678772299537,0.350318005629719
0.730260714611355,-0.416610181033141,1.10900326469995,0.648169555994878,-0.240756606056707
0.633263665682117,-0.698269396465954,0.839381150819427,-0.897452822098768,0.913251317315672
