"X","a1","d","g","u"
"X1",0.566831350588159,-0.954564076926881,0.000149361464030316,1
"X2",2.87472438213074,1.83204319318567,0.164726440802354,1
"X3",1.3830076436171,-0.774118831250603,0.000113925992996244,1
"X4",3.53261471612957,-1.3643291002104,0.11276941210629,1
"X5",2.37692467450719,-1.07385831581228,0.00203399233070501,1
"X6",3.78021972178478,0.76268552510262,0.0794492115066337,1
"X7",1.63669109516985,1.73775816299944,8.98844629936527e-05,1
"X8",0.858084031048906,0.623063306758762,0.000228548455778622,1
"X9",0.232712314713819,-0.73258612130971,0.000385075302426465,1
"X10",2.48862070133233,4.42062519639861,0.0109312797200776,1
"X11",2.33497054250534,3.19770556039653,0.037907559404944,1
"X12",1.59558762642891,1.81637013185193,9.5947949543373e-05,1
"X13",0.61595159875694,-3.35124288833356,9.41932762555707e-05,1
"X14",1.81786694805061,0.744178478634864,0.010622700837087,1
"X15",1.18762357092227,1.20533453503104,0.000103025529295088,1
"X16",2.1055379933248,1.96217490883898,0.000166792998216816,1
"X17",1.96338674633895,0.555345748816403,8.12169029001049e-05,1
"X18",1.69076304068227,0.83213724556449,0.000188481121683841,1
"X19",1.24470312231765,2.09169588984118,0.000350934323752632,1
"X20",2.45685025934718,3.21171008057903,0.000122258419107058,1
"X21",0.446442230458724,-0.412655104968967,0.000147368508503737,1
"X22",1.57140850097362,0.939455856900855,6.29183924664129e-05,1
"X23",0.606942023088408,-1.85210404762587,6.24160341033924e-05,1
"X24",1.24941756252716,0.510074719026608,9.20785617130366e-05,1
"X25",1.52342184515368,0.591467460417406,9.13084120642844e-05,1
"X26",2.20045476446078,2.54821076344228,0.000485878673965851,1
"X27",1.12855801825562,-3.09251871742325,3.05957557068058e-05,1
"X28",2.91117692928524,-0.452210144304772,0.0208361726734068,1
"X29",3.02468326411346,1.36244605024984,0.0432331001449707,1
"X30",1.62063241189246,-0.131231700779585,0.00013241591261611,1
"X31",3.42888922353364,-1.19946878596613,0.0130173766898226,1
"X32",2.60302907599116,-1.52272238147785,0.0615839914275202,1
"X33",2.47744237902424,-0.487239383998367,0.133865837866573,1
"X34",1.39338074566924,1.37928813066451,7.66299468491077e-05,1
"X35",0.179443771237731,-0.414313616872424,0.000881864478757076,1
"X36",3.02554224113075,-0.617003838854227,0.000740794220071653,1
"X37",0.986411768399685,-0.11495838129157,0.0598503339049571,1
"X38",1.56089364724568,1.75497275421245,0.000116861082682131,1
"X39",0.571734374436717,-1.72693863107193,0.000113597830560421,1
"X40",1.70303403141406,1.11010511973723,0.000209399491065109,1
"X41",1.41693864132895,2.70507310579124,0.000248772781746431,1
"X42",1.93380855879552,4.45251187267099,0.000933765993295856,1
"X44",1.64865283378553,3.70543440837701,0.000470772895267606,1
"X45",1.04987684433699,-2.92922049630334,2.97024316251349e-05,1
"X46",0.942437398280086,-2.60506464610237,0.00952544680393498,1
"X47",0.533208597131928,0.320006916541548,0.000207560549566154,1
"X48",0.626008987886136,-3.05877767057316,0.000109832591030688,1
"X49",0.27152293220841,-2.00011582873537,0.000338128774450577,1
"X50",2.24291904072311,3.37741788834597,0.00027584820076064,1
"X51",1.93987121264081,0.174064684432457,0.0482422934065671,1
"X52",3.89265911696874,-1.75600904707384,0.0306391547261501,1
"X53",1.06683155880501,0.0410071165997374,0.000136402441886233,1
"X54",1.25712613613206,-0.743886903074553,4.92331300314944e-05,1
"X55",0.381418450532541,-0.679715318543138,0.000264570822125036,1
"X56",1.00669992352925,-0.62109853580608,9.54523664412324e-05,1
"X57",0.835335085528132,-0.869809694807501,7.15269896222519e-05,1
"X58",1.80512885032875,0.0894655750991541,0.000342412325521724,1
"X59",0.0283615420244771,-4.25818923445592,0.514562417851455,1
"X60",2.97635697823557,-0.360427075216955,0.0749220472066738,1
"X61",1.03214547811135,-3.01627368433472,3.23262014433732e-05,1
"X62",1.34169600984102,1.33599787910973,9.10477732416148e-05,1
"X63",3.05957422804903,2.38662889692808,0.228105855397082,1
"X64",1.91596375600537,-0.173506427344514,0.0018336254528702,1
"X65",1.71045252942192,1.07948831734443,0.00021309594711508,1
"X66",2.42003605908982,0.272192264167553,0.185921857904175,1
"X67",2.44061906778868,0.191680232849506,0.00851340524864341,1
"X68",2.72494826354665,-0.367232780747072,0.0740487211760028,1
"X69",2.39145101856097,0.221304074502689,0.066238831738761,1
"X70",0.708070671505741,-2.0181282685882,5.13334423812267e-05,1
"X71",1.40301901302232,-0.598400973414446,6.54580116498983e-05,1
"X72",1.38389093357287,0.854166243609577,0.00431959419034152,1
"X73",2.39452909908664,2.65520702801066,0.000297185585955634,1
"X74",1.62665363549273,4.35662411933789,0.00108093043645268,1
"X75",1.6756550538029,-0.480479625888066,6.32263465814737e-05,1
"X76",0.796647030760454,-1.26158256897498,8.62834404792422e-05,1
"X77",1.26330508540328,0.191245753358414,0.00849118070466605,1
"X78",1.72153933981402,-1.92948448953707,0.00417027061538683,1
"X79",1.7701904786074,-0.535944141016452,0.0143587435363549,1
"X80",1.12173484451902,0.420897394158238,0.000103316669335571,1
"X81",1.56373032903101,-3.11437618005126,1.79429025029264e-05,1
"X82",3.77645315715267,0.120703262814504,0.0662115162104893,1
"X83",1.98378799627969,0.452121341871054,0.0259586363841064,1
"X84",2.14204225050564,1.24042308374423,0.000552507169642724,1
"X85",1.6713371222433,4.03629170065631,0.000431246387639289,1
"X86",1.52909469958169,-1.54499124015299,0.00332317574708668,1
"X87",0.772219839176354,-2.29237050830527,0.000125994913578583,1
"X88",2.44995380273414,2.36403268484383,0.000126869302116676,1
"X89",0.460467575448508,-1.43342025143571,0.000126467511729008,1
"X90",0.0990515285318611,0.114953762579645,0.00319593201868146,1
"X91",1.41753765351261,-0.804491132723863,3.43018051144751e-05,1
"X92",0.69574261060634,-2.03444683515875,3.94421551574699e-05,1
"X93",1.5406389979898,-2.42223696854672,0.00991510183297865,1
"X94",1.4589882968964,2.1049567495756,0.000461628649831396,1
"X95",1.23174742814485,-3.15873881422535,0.000193948866432229,1
"X96",1.83660202278013,1.97416360198367,9.19635883895325e-05,1
"X97",1.20004730986887,-0.0466314928985731,8.60157544607882e-05,1
"X98",2.89836050064661,-2.16554632814007,0.135615055742966,1
"X99",1.49598874928868,2.10795078518928,0.000744076048677862,1
"X100",0.602581906971366,-2.12732067266306,0.000986532726464934,1
"X101",1.41309927088432,-0.796637528212417,7.39495367452091e-05,1
"X102",2.78937442189256,0.594760336881243,0.142246753426122,1
"X103",2.3829803125265,-6.64553862446027,0.00318604797944855,1
"X104",1.40705991880126,1.59753012873303,0.000125306424385934,1
"X105",1.59049129182315,-0.333466121045418,6.71290038136708e-05,1
"X106",2.75865098578646,-2.16064532470982,0.0167514833596483,1
"X107",1.98547387479632,2.57487580901451,8.67113897993612e-05,1
"X108",2.78617883309478,-2.50578623024835,3.2831111260356e-05,1
"X109",1.56168455196693,3.17529319797814,0.00041282894797238,1
"X110",2.47914694665282,-1.46235035473603,0.0538509971914072,1
"X111",2.61666800819729,1.46201689835959,0.000164474212281624,1
"X112",2.42813496105452,-4.84932733441244,0.0231214041812601,1
"X113",0.454974905534083,-2.79411790278418,0.00014092216254813,1
"X114",1.95969061671296,0.537606373289882,0.00263918430997559,1
"X115",2.00310015222041,2.7857143844005,0.000203563642600482,1
"X116",1.68894865718365,1.78694149284935,0.000524964705946965,1
"X117",0.846532269843923,-0.365747788159329,7.0091388999578e-05,1
"X118",1.87588099636736,1.93639613161099,0.000118729000289789,1
"X119",3.02425999048423,0.493960096272911,0.0321347208228214,1
"X120",1.54060615429281,-1.50315588004911,0.020117881231744,1
"X121",0.974838218064881,1.11375078759418,0.000108914633023894,1
"X123",1.00578122066435,0.10572241703837,0.0474560230145631,1
"X124",1.6784417520147,3.12240752275332,0.000281821450683958,1
"X125",0.353112299827754,-4.20657020795987,0.000220007962603803,1
"X126",1.81064289504445,2.95163803045211,0.000475673557787051,1
"X127",2.08406553180866,-0.128102726192281,3.16620599829991e-05,1
"X128",1.5607953369236,0.0217551207119497,0.000347199299335088,1
"X129",2.30132651275342,2.68070985779625,0.000374500056248978,1
"X130",1.54644437479023,0.956272746831307,9.11547783159464e-05,1
"X131",2.22822442230836,1.662443759802,0.000141844921232388,1
"X132",1.45425501735684,1.10402558168776,0.000295433652465303,1
"X133",1.03628655772237,-3.32358009704483,3.35650603467725e-05,1
"X134",2.8809787276258,-0.953281861075593,0.00419547090649018,1
"X135",1.26759839955143,-0.299557841948803,0.0146356506028,1
"X136",2.4461999881652,-0.633509580770716,0.0609046712403118,1
"X137",1.0397668401992,-0.532332264832916,0.0221971401055361,1
"X138",3.95524504163186,0.498087814396069,0.0202014452947341,1
"X139",1.87002981154549,2.95883471410955,0.000323631405030682,1
"X140",2.01483273251382,0.807218771427424,8.01635924626858e-05,1
"X141",1.63519021173464,1.60759788110551,0.000137404549997842,1
"X142",2.15846289217632,-1.16372292009332,0.00838492849623906,1
"X143",3.615736639144,-2.75261592488914,0.0182445888123178,1
"X144",2.07699634196409,2.34613881986048,0.000151936616956554,1
"X145",2.04486563487414,0.89400706134905,0.000262176804193312,1
"X146",1.75238008128743,1.87310919901134,0.000100157983666747,1
"X147",1.6863584737152,1.71650320415807,0.000880208926913956,1
"X148",3.21926396828857,1.25832649844254,4.42998584583074e-05,1
"X149",1.35954730814923,2.15592973578467,0.000396693927619364,1
"X150",0.768187321022764,-1.62506478533813,9.92120070457123e-05,1
"X151",1.05822444546577,-0.377702365759975,0.00537114807986397,1
"X152",2.71491262312183,4.37321921312142,0.000827585513411374,1
"X153",0.799138205520833,-0.724100440594965,5.35790186581249e-05,1
"X154",2.15515449872588,4.86432793416931,0.000330935158604775,1
"X155",1.02747003719473,-0.362197490761925,4.46004556925622e-05,1
"X156",0.446518376604034,-2.62279688482851,0.000663297726570534,1
"X157",1.87423408127006,-1.02652863559362,0.020217234235194,1
"X158",2.97076649429803,3.19761013293779,0.223066471022986,1
"X159",2.4471696882996,4.3801207055749,0.0158132962776299,1
"X160",1.33310931788677,-0.292201086799189,0.000122701457778199,1
"X161",0.0829317485620551,-1.42001298679569,0.0029133925380593,1
"X162",2.12141421997555,1.35044818743189,0.0578021663667322,1
"X163",2.08640303056376,0.643644706399605,0.00366720478748239,1
"X164",3.01497168236372,2.09329641177226,0.0940542448651897,1
"X165",2.39091209896353,2.99886186727263,0.000145965933564307,1
"X166",1.85188923134644,0.285589752660503,0.115371188932163,1
"X167",2.01548389949722,2.5108663017279,0.00042582713279404,1
"X168",1.89876840118256,0.802022696707067,0.000106593530991076,1
"X169",1.15446284243248,1.75085764803046,0.00021066534894213,1
"X170",0.824446613382792,-0.505047104816028,7.0601880914297e-05,1
"X171",2.64107618309191,1.44570171276308,0.0443083207787816,1
"X172",1.59640039988624,0.630724844993026,9.00023613329943e-05,1
"X174",1.64205897357155,1.50192646751198,0.000161146634926897,1
"X175",1.5317295293952,2.50681360430959,0.000418335545979144,1
"X176",0.538451262312396,-0.166341259621235,0.000140286005349981,1
"X177",3.33043955237726,1.62041250755045,0.0217269853058793,1
"X178",1.05763234819752,-0.589421894485656,0.000170929193665785,1
"X179",1.28978957232367,0.828811647179879,7.01914612223716e-05,1
"X180",0.96526776002166,-0.984432895355688,4.71811345568882e-05,1
"X181",2.52184857393032,1.91371800838625,0.0417328667607344,1
"X182",3.03521547193515,3.16650907730707,0.142336939637588,1
"X183",2.09408342363389,1.13056663887373,0.000218775758505857,1
"X184",0.258004821766384,-0.956536397344335,0.000340344737040855,1
"X185",1.10567295620449,-0.955808073328046,0.000136176162470631,1
"X186",2.72258929294868,3.47247122197704,0.0115445882241008,1
"X187",1.65213521366016,-1.3211092999149,0.003927301082562,1
"X188",1.90027481918703,1.92039583342464,0.00787638423741804,1
"X189",2.10315572279865,1.91631447058902,6.97445998018888e-05,1
"X190",1.82327816148767,0.897106915457453,0.000140414741349375,1
"X191",1.85493571215479,-0.966000210875249,0.000728994624572452,1
"X192",0.827862994880038,-0.855202218260266,5.43792440845957e-05,1
"X193",3.22699288242709,3.76428212837863,0.00338256017731985,1
"X194",0.931975809471966,-1.33529232460906,0.000145897074681506,1
"X195",2.76421519618313,1.34833548200282,0.00604698211557567,1
"X196",3.36193826624508,-0.313973311124412,0.0338756860404039,1
"X197",2.77668979032269,-2.35174445886628,0.0108579128257584,1
"X198",1.46548035355601,1.28485318763522,0.0414649591343129,1
"X199",1.7213903612576,-0.310304646215573,0.000148308991509628,1
"X200",1.71906909862187,-1.40962128847651,0.0236975161683595,1
"X201",0.246664562794662,-4.91546588837409,0.000378122985757811,1
"X202",1.96296039323647,1.78926016526339,0.0423527418082127,1
"X203",2.52202269261798,1.9974957212645,0.0597286110652113,1
"X204",1.6259652819763,0.00730063370375857,6.493088945167e-05,1
"X205",0.220058159932589,-1.98912842363758,0.000558076715485895,1
"X206",1.96432155523711,3.36700559808913,0.0989274887006137,1
"X207",1.73583427382335,-0.107917348649226,9.0748765248474e-05,1
"X208",0.216900291031351,-3.18108637043354,0.000309508860655566,1
"X209",1.30308916705957,-0.204212372756983,0.036494633425993,1
"X210",2.56141517587472,2.93724004611705,0.00050669417574107,1
"X211",2.42781804056855,1.2649070830787,0.0431694234332382,1
"X212",2.10260979507101,1.60096470885031,0.000677275935485166,1
"X213",0.161183876175816,-0.439572915804026,0.000884185199633344,1
"X214",0.493197661845072,-2.58350344658565,0.000180260933076517,1
"X215",1.92838530630055,-0.33260345688758,0.00444880610614909,1
"X216",0.949430392777909,0.324804253608914,7.50887099325999e-05,1
"X217",2.05060288835666,0.481560744543228,4.75611797153409e-05,1
"X218",0.594037339180547,-3.09515519370043,5.71257724381846e-05,1
"X219",3.13379791600438,3.74188993552215,0.0380271607474071,1
"X220",1.67684263071896,0.230998400144597,0.00672288643426849,1
"X221",1.60160705057555,-0.286910425457671,0.000231545082619498,1
"X222",0.921994113774713,-2.94544151855619,6.08412444257978e-05,1
"X223",0.353239037822371,-2.25095998104282,0.000213767840771397,1
"X225",3.45558455263409,-0.5374946493811,0.039352895352978,1
"X226",0.630900648175286,-1.95862982796309,9.21323530726981e-05,1
"X227",2.05916421519324,-4.09184792567234,0.0729304577800519,1
"X228",4.27994646821016,-8.54908840859101,0.0121651364270748,1
"X229",1.80026094651709,0.290034266562731,9.90481964516814e-05,1
"X230",1.6921777822046,3.19488564092758,0.000288618867932169,1
"X231",0.812319503731342,-2.58876928662893,0.00671784295705205,1
"X232",1.14930529255044,-2.28504024769076,5.12430851247102e-05,1
"X233",1.91812648968786,1.41456353776767,0.0590067670455658,1
"X234",2.94512984732197,2.26049700348174,0.00346575127528616,1
"X235",1.04206063112319,-2.12332502062939,0.000124646561331125,1
"X236",0.99759203464384,-1.85491367919803,4.18405050142912e-05,1
"X237",4.04810376057693,1.00320583871113,0.179234536292102,1
"X238",1.50159485372189,1.75849680366072,0.000121840524311488,1
"X239",1.40385971892128,1.74063282843879,0.000377895395452928,1
"X240",2.12499846039023,0.648122044398593,0.23748739342022,1
"X241",1.5727362240788,1.11186947638958,0.0518905308393019,1
"X242",2.31313828755417,1.54823599846395,0.0140324002553868,1
"X243",1.56494276929386,3.02803947934479,0.000814696154587391,1
"X244",0.5080110628584,-4.18574179006004,0.000291266450885569,1
"X245",2.26094743997756,-4.21939890956336,1.17926265739169e-05,1
"X246",0.245303247247023,-0.838506292615234,0.000331968365783821,1
"X247",1.43512023625861,-2.15812550786484,6.35607849179515e-05,1
"X248",1.73677194700356,1.50943900388359,0.0331265795090549,1
"X249",0.688404077238751,-3.93619753948172,4.82452010937146e-05,1
"X250",1.26962797165563,0.830558552339159,0.000838599304028002,1
"X251",0.782566036568152,-1.07729005455673,9.46086274879608e-05,1
"X252",8.68503594414958,-17.7057417924959,0.0063063306821763,1
"X253",2.08692605890195,2.02923317259555,0.0128583747474233,1
"X254",1.19089814275586,1.18977655632095,7.30001801825448e-05,1
"X255",1.68625068757364,3.70554764354195,0.000343445700273557,1
"X256",3.43741513762906,-1.0946282840097,0.0181892208866644,1
"X257",1.89907760817995,2.77676078469397,0.000542139529818333,1
"X258",0.857237622062604,-0.437689277010036,0.000205567065953628,1
"X259",1.19180146249996,0.0626643896888329,0.0584418331739667,1
"X260",0.843261296904633,-2.36623513672982,7.80208705387969e-05,1
"X261",1.27284806647089,-0.0303773731072661,6.30333277251466e-05,1
"X262",2.10133006482129,3.97923563757874,0.000273235045225872,1
"X263",1.91671265215152,1.91610278362209,0.000153333791280786,1
"X264",1.6042592763304,-2.76568146597407,1.35608100686773e-05,1
"X265",2.39625638630803,3.06957076117209,0.000207673460165917,1
"X266",1.11766915373841,0.163059183041702,0.000107074525318667,1
"X267",1.24493201236197,-3.12640910302337,0.00883020432031876,1
"X268",1.96905516622664,0.929191072751161,0.000124715168190524,1
"X269",1.37912675127609,-2.13760350915759,3.19399592065033e-05,1
"X270",1.26867463174096,-0.95760249563441,2.51737029271561e-05,1
"X271",3.37374192220473,-0.560910674281589,0.0595991205419307,1
"X272",0.0914707870275967,-0.763970188601316,0.00299985662120876,1
"X273",0.119085323338217,-1.14507781349726,0.00129758782202043,1
"X274",2.84622740186639,3.55644522811435,0.00792629536595105,1
"X275",1.70443232733391,-1.02933520175568,0.0262540725050659,1
"X276",1.75084094351807,-1.67456333517047,0.0371755882468101,1
"X277",2.05470774987999,1.61513505455649,9.31143909498778e-05,1
"X278",5.36922342781897,-12.4649168254342,0.0372953983128717,1
"X279",1.31121840263563,-1.4251055786242,0.000897027938024478,1
"X280",0.963733159033263,-4.03336851898704,2.60054115139047e-05,1
"X281",1.25815205240054,-0.244893181307669,0.0076873954642937,1
"X282",0.264813096431727,-0.912330244483651,0.000307385342333026,1
"X283",3.64972125839646,0.512042825251786,0.0897146331143115,1
"X284",2.64529755882802,1.04344537273878,0.115568268063089,1
"X285",0.593646315760522,-1.32391247337638,5.63537940571022e-05,1
"X286",2.93722301383427,2.11027673853236,0.000705137259212942,1
"X287",1.19243077594363,-1.33107576049939,0.000245133510061001,1
"X288",1.69163005181378,-2.29135185592755,0.000144711514788851,1
"X289",2.18915290496445,4.32971083297779,0.000315642218994806,1
"X290",0.798592461802383,-1.69165825644502,3.7190832466635e-05,1
"X291",2.8422389626267,1.02649153619795,7.46120115698477e-05,1
"X292",1.38794787561193,1.13860003076137,0.000111241751283761,1
"X293",2.06910556262737,-0.0740957549023794,0.00517605951419825,1
"X294",1.22803675209884,0.720090583520717,8.05091847340007e-05,1
"X295",0.180251703383333,-0.98867720413395,0.000642914379671499,1
"X296",1.53095751757407,-0.135134684167479,0.0111103493897263,1
"X297",1.57097807912587,1.2369095423273,8.60524918176394e-05,1
"X298",1.9261516190913,-0.115370043438256,0.100835814728535,1
"X299",1.92411712675379,2.79034234859308,0.000148262669433307,1
"X300",1.1296055335699,0.54487097920361,0.000155706253182376,1
"X301",2.83687653609811,-1.72394624070816,0.0185765685184626,1
"X302",1.76656170626912,-3.60808038259446,0.00830271395785466,1
"X303",2.49033117749705,-0.239026519436276,0.000132817418797073,1
"X304",0.991299108275122,-2.01592748366005,0.000149880023686034,1
"X305",1.4510414080338,0.677704794113261,6.54485701923554e-05,1
"X306",1.66886256054354,1.57222665746073,0.000120236704210642,1
"X307",1.3948477167411,0.217019358035719,0.000112689317983007,1
"X308",1.58173371668141,-0.527231569780831,0.129393433524904,1
"X309",1.80596925565794,1.19510350411993,0.000218882874716887,1
"X310",1.51539253242728,-1.96090040144099,0.0320753010930862,1
"X311",2.67718606121564,0.864253876494245,0.162997841429266,1
"X312",0.772491831812796,-0.649227312781418,8.15662131544842e-05,1
"X313",1.83149325320789,-0.143818574412565,9.6808414191188e-05,1
"X314",1.78016991707049,-3.09458810090902,3.36339965231616e-05,1
"X315",2.04337464757787,1.51621179516931,0.000362082071655192,1
"X316",2.42133575861452,0.7268052238105,0.155403941356588,1
"X317",7.60514525747494,-14.4678029207847,0.0980751707510207,1
"X318",1.15380130069935,0.926277986244934,0.000490195219252233,1
"X319",1.14682949555906,0.611783103362909,0.0678522736267013,1
"X320",0.965652672043734,-3.82931811339222,0.000153098775510533,1
"X321",1.69352541704368,1.68844630024073,0.12035579316827,1
"X322",0.529043148653812,-1.02986583240328,9.89403817713106e-05,1
"X323",1.07235822021684,-0.749255569260496,4.9069632317883e-05,1
"X324",1.64030811060056,1.00369534950237,0.000108434429298981,1
"X325",0.469577757870647,-1.37296644737659,0.000128287410002601,1
"X326",1.8825605216037,0.638971072823934,5.58334483560876e-05,1
"X327",-0.860995812819314,-5.32072128703232,1.32881901225903e-05,1
"X328",0.239022112905537,0.245942523181184,0.000628689008984301,1
"X329",0.111493545857832,-2.16259430344852,0.00133765977763311,1
"X330",1.79887300851948,1.10651168906088,9.67604066291273e-05,1
"X331",0.487372315756543,-2.29463590366682,7.03548608397688e-05,1
"X332",2.52831266840561,2.7761902965253,0.242231033367682,1
"X333",2.22624704658052,2.2915317894099,4.62354338011183e-05,1
"X334",1.8802948939631,2.57984311218647,5.18572022610409e-05,1
"X335",2.99547311391842,-2.69794213882493,0.00256782044195661,1
"X336",1.38162884199894,-1.52023520932867,0.00025769004686593,1
"X337",1.79201275210959,2.02014770714494,3.56697773577061e-05,1
"X338",1.62580203069239,0.0809246320101576,4.02517433777365e-05,1
"X339",1.39275535685955,-1.03878207438334,4.30466124787744e-05,1
"X340",1.21563749779389,-1.11722315937749,2.64455613899153e-05,1
"X341",2.04077422613299,2.73164386637697,0.0584688934183453,1
"X342",0.755763356918634,0.667548408599111,4.29637901054933e-05,1
"X343",1.56226874567089,1.78635736051271,2.93520287034224e-05,1
"X344",1.46938671850297,-0.194781165074454,0.000103558811178503,1
"X346",1.16027707410217,-3.08479654643019,1.90670313122483e-05,1
"X347",1.6831038824362,1.53170938280472,2.73345121804004e-05,1
"X348",1.76617844718994,0.454593233495742,0.023360795841202,1
"X349",2.44394931749061,-1.43634184117878,0.0269827710870056,1
"X350",2.03816534193192,1.82962454155898,0.0312353498979015,1
"X351",1.67240160912729,2.01934663143455,0.000138713278173559,1
"X352",0.914796088890184,-1.09991325605408,3.21515065146871e-05,1
"X353",1.07441902549276,1.35169456898976,0.00239852843382491,1
"X354",1.76003730780225,0.968159385755774,0.116121176934555,1
"X355",2.56848965939429,3.24242126056936,7.86040734704e-05,1
"X356",2.47217815598391,2.5413702427201,3.90906550160378e-05,1
"X357",1.21491008750737,-1.31008910279045,0.0935984387264078,1
"X358",19.4454173057258,-34.13853903398,0.00945011183163292,1
"X359",2.11724899159875,-0.272689970665151,0.0137890874889698,1
"X360",16.7645591151881,-28.1896984990715,0.0552493183713633,1
"X361",1.64052679346648,1.33823246662576,0.0426980498648293,1
"X362",2.35350072801962,2.43526213345797,0.0429791612542797,1
"X363",1.74079965120099,1.97960128372445,0.000171448691249339,1
"X364",1.66381196693219,-1.61452131423622,9.45626507212833e-06,1
"X365",0.800262450872554,-2.56257770392221,1.65171327646404e-05,1
"X366",0.791566436970427,-0.0896399517448569,4.90251182785876e-05,1
"X367",1.69172801110542,1.88857475559996,0.000596538832799605,1
"X368",0.491704499963038,-2.32031374339954,4.19362519004187e-05,1
"X369",0.996798212380548,-3.50517431557791,5.17320000662652e-05,1
"X370",0.950199595480674,-1.67535033149898,0.0378211073763642,1
"X371",1.26061854234876,-0.00487067839792336,6.17172933754501e-05,1
"X372",1.2370494134643,1.36923239163232,0.000205017179311448,1
"X373",1.05480032713973,0.482593217339501,0.013600421590284,1
"X374",0.951289513456389,-0.441812650644884,2.78669055391691e-05,1
"X375",1.37285542397344,1.06464002552445,0.000136316862586545,1
"X376",2.00292385235567,2.79386101248155,4.90239593055602e-05,1
"X377",1.14570000004862,-1.7499419794916,1.00373010970377e-05,1
"X378",0.801726720762631,-0.653866424847584,4.4971471069535e-05,1
"X379",1.47829625262136,-0.401467733215824,0.000203567148386311,1
"X380",1.83941815306697,3.1396367622493,0.000202945272657379,1
"X381",1.58822819647813,-2.67558309651171,1.63630249818516e-05,1
"X382",0.678966999667808,-2.47741114035968,4.22184926084469e-05,1
"X383",2.71260775870159,4.27528183009114,0.00143187889327219,1
"X384",0.766181381890523,0.772245841856968,6.87446143384505e-05,1
"X385",2.6605097079969,4.13697393845789,7.1588586426712e-05,1
"X386",1.06183058641186,-2.51117799187186,0.0326688751101849,1
"X387",1.20153045593261,0.527833557330745,5.84794079983532e-05,1
"X388",2.77160230729395,2.44028882434949,0.0359214677573337,1
"X389",2.38868442151761,1.14506529507021,0.000275510519929488,1
"X390",0.583664505038079,0.729592558832433,6.11104221655282e-05,1
"X392",2.19108529647921,0.930690761709607,0.0258742867516105,1
"X393",0.98390393149665,-1.43028967925116,2.38993638429208e-05,1
"X394",1.55031557071768,1.79989700685073,6.31822496453033e-05,1
"X395",1.40600443025491,0.894407699628218,9.22684277486377e-05,1
"X396",19.0449271954091,-32.7411764831705,0.0275117324166109,1
"X397",1.80776858859601,0.828717621886553,5.08388300462997e-05,1
"X398",1.30761370344559,1.31531547562479,2.8098581114147e-05,1
"X399",1.0209871019625,-2.43892391916482,0.0249502944197253,1
"X400",2.39330149834077,-1.15319756838807,0.0473592372869448,1
"X401",0.0526284891584501,-0.785649309397287,0.00287646865051853,1
"X402",1.6287199773236,-0.598980126059143,0.0269104540522497,1
"X403",0.620679612574243,-1.01753255035493,3.32115313973695e-05,1
"X404",0.879707725676828,-0.216344718651703,2.99556511964711e-05,1
"X405",1.06337204330327,0.432788017297994,2.24426587409687e-05,1
"X406",0.669292364808801,0.682717542804697,5.35485568526283e-05,1
"X407",1.62986169625306,-0.0355220380939964,2.30722025530597e-05,1
"X408",2.2205302065536,0.842492214231499,0.121241551787307,1
"X409",1.65054038386952,1.38015938458112,0.0587514261271659,1
"X410",1.27236948911266,-1.97157939180684,0.0245644479641342,1
"X411",1.77397144906651,1.27689900123847,4.95498813504137e-05,1
"X412",1.67139533230174,2.68865674100847,0.000184184086250819,1
"X413",1.42853080177462,0.259652926015538,0.1331327678537,1
"X414",1.88404560311343,-0.160786782880233,0.000514869753741444,1
"X415",2.1196678599921,-0.546981632524332,0.000376267897855098,1
"X416",1.92820241545222,2.73414628385571,0.000860334854173955,1
"X417",1.79937492994993,-3.41164862394932,5.15302937915128e-06,1
"X418",1.64274133707433,-0.34208185686156,4.60695020538697e-05,1
"X419",2.09585168922681,2.48550110996822,3.13918601156521e-05,1
"X420",0.683239439791033,-1.54017445583547,3.9125313049115e-05,1
"X421",2.29094032106787,0.51773107094358,0.178165170027728,1
"X422",0.89437185053678,-0.647710120435599,6.16403639994255e-05,1
"X423",1.13661989864566,0.650262209320242,3.76357850886091e-05,1
"X424",0.769032965119195,-3.27770916453418,2.75374053905321e-05,1
"X425",2.34063856361025,0.133046277165238,0.0315625269323165,1
"X426",0.798594188196927,0.356962260406222,4.03818276378719e-05,1
"X427",0.450642807484908,-0.903587261852144,5.69933350183021e-05,1
"X428",1.26039111588433,-0.532268938438628,0.00263898200008832,1
"X429",0.219245576189634,-0.726120164945303,0.000262102351697723,1
"X430",1.70734872493511,-0.699655803107548,0.0302509690430082,1
"X431",1.59045984978911,-1.18185517815421,1.68941292991824e-05,1
"X432",3.0039824565786,-5.00979943768033,0.018956727816162,1
"X433",1.78547318664822,3.84678117055577,0.000433948800383383,1
"X434",1.86058054720537,-0.462989083754807,4.55350119036749e-05,1
"X435",1.52132164178773,0.461217105682235,4.54540484380451e-05,1
"X436",0.925021650834148,0.552468151484604,0.000100932839446175,1
"X437",2.16641558354456,-1.06665894829042,0.11330560036336,1
"X438",1.31298316691357,1.553785842044,0.0487752884362117,1
"X439",2.17665581331937,-0.568089479645976,7.2311998451725e-05,1
"X440",0.799448896586053,-2.52395125025221,0.00641309739264374,1
"X441",1.1688993860966,-0.0662634413670658,9.6102970384042e-05,1
"X442",1.05992548741592,-4.66090513147801,9.56951800991349e-06,1
"X443",2.9313652949786,0.253179327979653,0.025741457754941,1
"X444",2.06228079506015,1.62209012227192,6.85683074708782e-05,1
"X445",2.10231366185773,0.54450275436463,6.38999497329555e-05,1
"X446",0.561809924480136,-2.69466192338197,4.28928907665865e-05,1
"X447",1.75644551762831,2.11116080905602,0.0936912302886769,1
"X448",1.65374187962922,2.21826484241794,9.20287511007946e-05,1
"X449",1.24400049338761,0.860771092763857,7.1063862657229e-05,1
"X450",2.02822857580532,-0.842194023386626,3.69109466089001e-05,1
"X451",0.724299204384255,-1.81652092638461,3.04677651302245e-05,1
"X452",1.29360909295584,0.440197165100708,0.000436144216893708,1
"X453",-1.43578778799476,-7.87273589522469,0.00219260393332086,1
"X454",1.83740068427661,-1.07210463552671,0.000119017459094956,1
"X455",2.49318385161086,1.91891825973279,0.00645739220721613,1
"X456",1.09621126344271,-4.44795586468882,1.58164977165392e-05,1
"X457",1.66750406981484,0.543565056049635,5.63309653703239e-05,1
"X458",1.86873491094546,2.85228489484168,0.00948892954005485,1
"X459",1.51646936466146,-2.62098663525026,1.13425917090741e-05,1
"X460",0.755019130711391,-1.08978492470244,6.34682144482948e-05,1
"X461",1.71587168538492,0.595914687553694,4.91823218084045e-05,1
"X462",2.17406723837841,2.26698321741389,0.0687282541024249,1
"X463",2.87529695835796,0.922457750674443,0.113674901573389,1
"X464",0.718803799702279,0.697322976170031,0.000300067684757902,1
"X465",2.01431147483012,1.44100801780238,0.00215605436645691,1
"X466",2.56296721053091,2.10358024707173,0.0365998852029057,1
"X467",1.92985911594764,2.98268872052383,0.000108920322955674,1
"X468",1.0118167175747,-2.02121355468982,0.00523732619541131,1
"X469",0.228499179367881,-0.134474727494217,0.000331040541423569,1
"X470",0.607128519675974,-2.90908635653783,4.71051309423862e-05,1
"X471",2.70239200021785,2.30134986087376,0.00755705897177408,1
"X472",0.440852052206824,-2.08588126624535,7.84449561491571e-05,1
"X473",2.84876577978278,-0.507515925802059,0.0783837042861832,1
"X474",1.09235513421939,-3.17834441719524,7.92189916098139e-05,1
"X475",1.59902967809314,2.37474778225471,0.000201088729239006,1
"X476",2.68750208513009,1.20534431849622,5.42691112971327e-05,1
"X477",1.00453643606058,-1.3442474356127,3.38879850349155e-05,1
"X478",0.59226709046347,0.602005717807039,0.000113438143429664,1
"X479",0.47966953737093,0.323569872286022,0.000112003758204368,1
"X480",1.93298964157605,-0.0339776626141191,0.019785342583381,1
"X481",1.96478642802341,1.49284125173356,7.90405814186253e-05,1
"X482",1.65928848049908,1.25875334486622,0.0775741795123412,1
"X483",1.10417219076475,-0.963191417317403,2.52278756644427e-05,1
"X484",0.890122834256124,-2.30593539383686,2.81333521712609e-05,1
"X485",0.19706084083062,-1.46290414995527,0.000651894236257418,1
"X486",1.37197798323688,0.376858619901109,4.98949797307637e-05,1
"X487",0.898484458420673,-1.09990014242833,3.13902321007704e-05,1
"X488",1.44262289106126,-0.525328160772933,5.05386424821217e-05,1
"X489",2.61284297566902,3.20725619894252,0.0059597229643317,1
"X490",1.99055869992215,-2.159103505122,0.00278763058321727,1
"X491",1.73257884248547,1.43571251799069,0.0226362766815961,1
"X492",13.4378464927375,-26.6513263317225,0.0146170108422217,1
"X493",1.82248143985583,1.50032325981472,0.000103384495251422,1
"X494",-0.01248560705643,-2.90158585548179,0.0356051638988578,1
"X495",2.47902567532246,0.185974703169523,0.0164103227358461,1
"X496",1.94269027300872,2.43094953686587,0.136203468164383,1
"X497",1.48803122657137,-0.188959046617058,4.66865163186355e-05,1
"X498",1.055794327794,-1.09739307907626,2.35686122497663e-05,1
"X499",1.01396942409166,-1.66794793479368,5.72468758954609e-05,1
"X500",2.66366705486132,0.942192071573695,0.0193806785328236,1
"X501",1.53985331127089,3.04470199519959,0.000154505048503322,1
"X502",0.691380118028967,-0.701887969330774,8.00583266137743e-05,1
"X503",0.525294664296682,-1.65185729933663,5.15832413754131e-05,1
"X504",1.4740301566493,0.293574791213979,0.000250051817629946,1
"X505",2.3795895830136,4.14113692863339,0.000331589905238678,1
"X506",2.76140630698047,0.939855007442457,0.000146081865573618,1
"X507",1.76471346575455,1.34153292122916,7.31470013247362e-05,1
"X508",2.89693152619768,2.25705267305334,0.0248720052418457,1
"X509",1.71321658090856,1.89422405405458,0.126548650554341,1
"X510",0.835470057922176,-1.64788790301415,0.0475779158990922,1
"X511",1.24285629050734,2.53440509091819,0.000415584845563426,1
"X512",2.21683290732427,1.53710380488362,0.02262702006886,1
"X513",10.5872511567923,-25.2529515733424,0.00502216005088374,1
"X514",1.51557325724165,1.31401826870324,0.00021988500001167,1
"X515",2.53189330500021,2.67364055188647,0.000618858568138017,1
"X516",0.436656701587075,-0.938191251000454,0.000149461686753104,1
"X517",1.25281984228274,-1.19698770743105,0.0582440302709552,1
"X518",1.44010857432383,1.03621412918382,7.83771155382035e-05,1
"X519",1.82967914181466,1.97409311249312,0.000170450106480617,1
"X520",1.9848988186812,-1.12921939482343,3.67660955931596e-05,1
"X521",1.53006726560654,-3.98464060080445,0.0187863285104677,1
"X522",1.9445717607598,2.7034448809768,7.15547025379981e-05,1
"X523",1.98358530984753,0.919341234214385,4.92137406437816e-05,1
"X524",0.885836828509485,0.150047135326176,7.86327362549878e-05,1
"X525",1.93982229949605,1.4699830727173,4.72414748238002e-05,1
"X526",0.579272762997626,-0.367949691488196,7.01590032122642e-05,1
"X527",1.59861240331536,1.14188686704794,0.000576459351731798,1
"X528",2.21586894438167,1.23059305695306,0.0348965294526576,1
"X529",2.67931124411407,2.92832659827523,8.36084510080362e-05,1
"X530",1.10174260804253,-0.129915190561438,5.93913103401505e-05,1
"X532",2.23531051206786,1.90977523730228,0.00233444673726528,1
"X533",1.54484512518412,0.395473962774523,7.44308316727115e-05,1
"X534",2.25699354748513,2.29699693252242,5.55983484348245e-05,1
"X535",2.2896307213479,-0.947802790221537,0.057448578689763,1
"X536",2.02082969727242,1.56785587848982,0.000326099317938548,1
"X537",0.589676089704279,-0.25749050641204,6.43756093324901e-05,1
"X538",1.72117421256695,1.0240823309563,6.06668746780456e-05,1
"X539",1.18176453950993,-0.82594019491621,0.000544686259054807,1
"X540",1.79695557256074,0.915999915352471,0.000143396412833228,1
"X541",0.990341110067538,0.150134683574428,0.000435822721037085,1
"X542",3.42731037014936,-1.94660333508164,0.0496770218135017,1
"X543",2.0264397161799,2.57697746850065,0.000190501725844987,1
"X544",2.13638045187566,-0.344377916261303,0.00910283379403759,1
"X545",3.89724484129808,-1.42058461545254,0.0332620845456806,1
"X546",1.56600315036112,0.915704912990274,5.4111739724826e-05,1
"X547",0.998089217801617,-0.374722379954377,3.76469354195059e-05,1
"X548",1.99893894602917,-1.70743982830447,0.0561800691510501,1
"X549",0.836929646741455,-1.09294080901158,3.58087485418173e-05,1
"X550",1.98050043794444,1.28063009898582,0.0001156293393686,1
"X551",1.27728896912347,1.64373840578801,8.59312780288756e-05,1
"X552",1.70696680185639,0.905043041326327,0.000104239697814019,1
"X553",2.03907335026087,1.94582088525679,0.00183741376970237,1
"X554",3.93986900332696,-1.27011589657432,0.0421399965517937,1
"X555",1.86637304937576,2.56575102908711,0.000144074062778406,1
"X556",0.116919375784026,-1.41704801351621,0.00105274687386509,1
"X557",1.29446091257077,0.511815378944982,0.000415595862130784,1
"X558",0.922470384888096,0.978262463497959,8.67783536048203e-05,1
"X559",1.82271174328785,-0.144298537901868,0.0254325545112233,1
"X560",3.76247049458922,-0.847322138813406,0.0379612387299709,1
"X561",1.53308222557427,2.66725254609702,0.00103484979361562,1
"X562",1.43563918776648,-1.99769320260036,3.09136252585458e-05,1
"X563",2.39503909827505,-1.43859121251297,0.00243924953412432,1
"X564",1.69069549602698,2.09744716248919,0.000233304868011168,1
"X565",2.96689821844035,1.20541236071506,0.16702939453363,1
"X566",2.30798168426809,1.82440399173736,0.0136021380830829,1
"X567",1.10397568899829,-4.01454060128471,3.73319823558289e-05,1
"X568",2.0527857299068,-1.31554671326766,3.4619016652426e-05,1
"X569",2.58730055368287,0.665188167854134,0.000141322720280442,1
"X570",1.39227705271005,-4.58264623846279,0.0020573998376021,1
"X572",1.95121744348966,-0.0357024321094602,0.000139118940413669,1
"X573",1.43074486119629,0.0399828362679197,0.0374858278860052,1
"X574",1.04907210079943,0.953864375621876,8.25597879031234e-05,1
"X575",1.51814488217649,1.34337035280624,0.000171135707489521,1
"X576",1.88119255464804,-0.284250899815246,0.00296804784965727,1
"X577",2.26757915513276,2.35873514090548,0.000813983738461533,1
"X578",3.62519463979971,1.65583537675489,0.165923965809721,1
"X579",1.13244147274614,-1.10085672685131,0.000101056598830456,1
"X580",2.3510623430949,3.26309001754418,0.0582100250328216,1
"X581",1.34059788992492,1.9988022667329,0.0008141718897261,1
"X582",1.74293595283264,0.925161026173601,0.000164503519831501,1
"X583",2.99430999877964,1.12246642315158,0.16246092420118,1
"X584",2.226485052575,2.81626569679493,0.000131945597929515,1
"X585",2.47467070526782,1.1911550334803,0.00011200497444663,1
"X586",0.119110952459724,-2.9855771381896,0.000748573620360566,1
"X587",0.530753734145384,-3.71482978747459,8.14082439367634e-05,1
"X588",1.40421031132946,-2.09544511808231,2.14473391642098e-05,1
"X590",1.8802288603402,0.45092288228167,0.0211235714611014,1
"X591",1.47345901147048,0.292589501480172,0.0569213615608411,1
"X592",2.31366892505657,2.38651088342729,7.23289250190927e-05,1
"X593",2.25576262394851,-0.576417913032638,0.0453445753788432,1
"X594",0.646863139998044,-1.84511882600202,0.000206240919877067,1
"X595",2.10811982124547,1.01852566832244,0.0266833992511822,1
"X596",3.13138812267261,0.305659154624871,0.00601703297215352,1
"X597",1.09635842766677,0.499182804710398,6.22251828117472e-05,1
"X598",0.324864797526136,-0.63702160033019,0.000198094421057689,1
"X599",0.606877011157631,-1.69440686611098,4.80684317453783e-05,1
"X600",2.55247646598747,1.09072754495669,0.00128595008285966,1
"X601",1.35328211070788,0.993798668030455,0.061112178701812,1
"X602",0.528784226374499,-0.655224351463793,0.000108792058781753,1
"X603",1.36513829029587,-0.755598838874091,0.000125996788185908,1
"X604",0.959595356627115,1.03633260984043,8.70061670268435e-05,1
"X605",1.97492822619072,1.97353948830249,0.000274980123506722,1
"X606",4.02767099815656,-0.0935394932746588,0.0734081531780957,1
"X607",1.64859855685513,-0.910612762241285,6.53554948030892e-05,1
"X608",1.75766425885329,-1.34915088655697,0.000212606417742341,1
"X609",1.01230385620864,-0.966541930193828,4.77499608525519e-05,1
"X610",1.50832689579252,0.797440280591872,0.000126585698178798,1
"X611",0.678080654933346,0.00487110609990879,9.81493777462803e-05,1
"X612",1.51323943767869,0.885535120886459,7.13491757248498e-05,1
"X613",2.15440622909334,-0.606827670032381,0.0515727693776785,1
"X614",2.08203312025026,-0.121380428712428,0.0330783273566009,1
"X615",1.51253593322212,-0.60953667265641,4.47998852622282e-05,1
"X616",0.797424099332697,-0.239345152468792,4.93282900092436e-05,1
"X617",3.70380310212435,-0.418208470090778,0.142861891196065,1
"X618",2.35863409812855,2.66732768026354,0.00222414505217767,1
"X619",1.33242743156513,1.13488111429531,0.00013516677942083,1
"X620",2.21933848612792,1.67871592844971,4.71549212699282e-05,1
"X621",2.72877845093636,-0.329975576654162,0.00501869174036298,1
"X622",1.94607348530071,-0.133726753908663,0.0523367235817123,1
"X623",1.74030953854918,-0.769446993368264,0.0839656783072329,1
"X625",0.352680325357619,-1.08119868141921,0.000157990428494942,1
"X626",1.67224783064158,-0.488990565641818,7.00501267956455e-05,1
"X627",2.09508118974407,2.17186184906993,0.000248600695820014,1
"X628",3.1492909480138,0.156180350051487,0.230726959859275,1
"X629",0.638883694717789,-1.94813913781116,4.71040431161375e-05,1
"X630",3.45731117966489,3.48947533571765,0.0236648945392338,1
"X631",2.5681101415826,-1.70020787779857,0.0213505980998422,1
"X632",1.26616097120669,-0.885812040700431,4.91129367889245e-05,1
"X633",1.24508682982773,-1.90665753121181,5.61900071786453e-05,1
"X634",0.996156038950726,1.64914895758061,0.000257520328205245,1
"X635",2.01207811840546,2.03424012110119,0.116928668000014,1
"X636",1.93582461815,-0.741326758183292,0.0933806919242916,1
"X637",0.123949993372918,-1.32785078279587,0.00115655938011898,1
"X638",0.819498397155021,-2.40383027910417,0.000156534899956887,1
"X639",0.28835949535257,-2.65607411786328,0.000225580338391972,1
"X640",1.89896414713905,0.550831613012431,0.00315079283798868,1
"X641",2.64794972211041,3.7816566900742,9.88960367502943e-05,1
"X642",2.16690651557986,1.69151439101831,0.000146158431550948,1
"X643",1.20345142594768,1.25741504258776,0.000644222481171388,1
"X644",2.7858864944563,2.28345221539443,0.000106231854379392,1
"X645",1.02070091862374,1.61051669955704,0.00225535194249616,1
"X646",1.37546472975381,1.04209326617349,7.21317814279394e-05,1
"X647",1.86668659516449,1.30900864522283,0.214803798691284,1
"X648",2.07480734613727,3.19510211209479,0.000123402332561547,1
"X649",2.20950582007576,-0.214687595725792,0.0297790827267661,1
"X650",1.67610051326466,1.83882468272169,0.00011555632313962,1
"X651",0.857044021707207,-3.04036613273107,0.00015039166234835,1
"X652",3.02448588538513,-1.60622646361187,0.0535905378313865,1
"X653",1.10469059535252,0.384973951506051,6.53026283731092e-05,1
"X654",0.64794238280527,-1.78999881702296,7.38273538376794e-05,1
"X655",1.84145739316957,1.5830988221561,0.000600824830738922,1
"X656",1.26700213902977,2.0905414125243,0.000775147122010245,1
"X657",1.71262382496872,1.14170153741474,0.128166536182804,1
"X658",2.67695054806872,-0.309364143731001,0.110772316621169,1
"X659",1.23195961091644,-1.54479399509244,6.75937851155398e-05,1
"X660",1.40059254481703,0.6965556438572,0.0593235405602101,1
"X661",2.58073001453104,2.92708003751511,0.0136440926727597,1
"X662",2.83139999911186,-1.17899324127312,0.0345527314102942,1
"X663",1.35123145361023,-0.958161697574144,4.88611344177004e-05,1
"X664",1.08824993834255,-0.0917186625576809,0.00038643774747286,1
"X665",1.07579789777873,-0.751993553379683,2.04202303443556e-05,1
"X666",1.71897429623041,0.664772461693675,0.00575194983528776,1
"X667",2.66068824376432,-3.28485307970254,0.00970053725826048,1
"X668",0.659321180489704,-0.457337524796468,4.88646031239693e-05,1
"X669",0.473942281724325,-1.34297580896842,6.66481848242262e-05,1
"X670",0.66953844211422,0.191037990488606,0.000134107718466038,1
"X671",1.44441258228465,-0.558900761664827,0.000369348475672304,1
"X672",2.10615613439399,-1.07931594577351,0.0418057935387094,1
"X673",2.08612779515573,-0.0991476942681509,6.19696810644411e-05,1
"X674",0.33232511709572,-2.15381014729177,6.66861359813247e-05,1
"X675",1.86771703075992,2.0410930654228,0.0280856897285192,1
"X676",2.04603768336228,-0.469048447926449,0.123975626937961,1
"X677",0.695823737997624,0.203729789885735,4.67146850110581e-05,1
"X678",1.55769314940765,0.477491682374469,7.30195130322151e-05,1
"X679",2.4542522375909,1.08292604726768,7.17241565134807e-05,1
"X680",2.70091813423526,-0.498660359717276,0.044374550155861,1
"X681",2.26223495440749,1.53107546444909,4.46768241213023e-05,1
"X682",0.238435157652206,-1.80459246920193,0.000231984528402928,1
"X683",0.556404822629725,-4.91556203062451,3.18662253088878e-05,1
"X684",1.92520883842365,1.58317162431273,0.14164204828899,1
"X685",1.29668758440351,1.42765828775993,0.000384385244155283,1
"X686",1.75083779084088,0.68320639822613,0.000437233914330015,1
"X687",1.50083258200867,1.46947931470154,0.000226020650059391,1
"X688",2.59133503031862,0.146487710565931,0.00252973967423409,1
"X689",2.07162060742805,0.638531465429761,0.00391120303700421,1
"X690",2.21268473941354,3.23443761162963,0.000308461746648752,1
"X691",2.17844881090357,-0.258117583389555,0.0471431142266694,1
"X692",0.582857277520952,0.899268017463338,0.000153212814109407,1
"X693",1.64589541947317,2.76699166112671,0.000332274964286328,1
"X694",1.48863131967861,-2.88146436610212,0.0127598485022008,1
"X695",2.99281915838992,1.14744676531028,0.0030629674828266,1
"X696",2.53035656542277,-1.37973002095958,0.0129983645616458,1
"X697",0.903975002912605,-3.21823669399139,1.73530586880555e-05,1
"X698",2.43715377090818,-1.12013086943968,0.0175841087104981,1
"X699",2.24445061740356,0.474822940432797,0.0387838040440469,1
"X700",2.32385011881478,1.01495539178718,0.171684401518199,1
"X702",1.49189804613876,1.20395180903444,0.000101623953636739,1
"X703",0.436530486569029,-2.1594169470183,5.45274687942855e-05,1
"X704",1.76679024232335,1.63887212325361,0.0001274005671843,1
"X705",2.81938510324793,0.518629084889719,0.062342554432198,1
"X706",0.674198684227632,-2.90657131043257,2.10672584398681e-05,1
"X707",0.706790515933769,-0.202352244308217,3.75946717909252e-05,1
"X708",2.05387492344105,0.293229018449211,0.0245662092162595,1
"X709",1.28685327447477,-0.197657534789784,0.000513028143449012,1
"X710",3.08312949744647,-2.88752556973182,0.25194490715976,1
"X711",2.47505499701255,0.181483607424001,0.0298029933660899,1
"X712",2.14066032984031,-0.881597010453497,0.129587809016013,1
"X713",0.987908875570686,-0.434460037160616,3.39985675817264e-05,1
"X714",1.52939048366067,0.588880334124284,8.24764545586639e-05,1
"X715",2.20170967363655,0.200994213559938,0.00495043400992256,1
"X716",3.44869780566582,-3.42474451875504,0.0366663542343159,1
"X717",1.35266837738177,-1.16479531729494,4.48051332714965e-05,1
"X718",1.33990404277291,-1.34076595342506,3.19829938371949e-05,1
"X719",1.11746692533659,0.480732948860279,0.000177383810863266,1
"X720",0.997422502610986,-0.835066559495639,5.85758075539098e-05,1
"X721",2.09040440906661,2.30723736572562,0.0116180315480581,1
"X722",1.24409696660515,-1.33899706803858,5.08639488555182e-05,1
"X723",1.45267111139053,-2.47672189828043,1.48121835730046e-05,1
"X724",1.9187888230627,-0.570599221946815,0.00167351674669852,1
"X725",0.0525898585729338,-2.81044213936513,0.00414304140298579,1
"X726",1.75952128669825,-2.78588811371618,0.00333122379883261,1
"X727",1.58518448691443,0.764000013802489,0.000349956169286569,1
"X728",2.06508308230075,2.37154698030207,0.0409083761224861,1
"X729",0.482186533570429,-0.312744747392437,0.000374730893731259,1
"X730",1.62040577144979,-0.72350392920851,3.48036912649907e-05,1
"X731",0.308695693232666,-0.985518113780274,0.000116046501679123,1
"X732",2.03806845291065,-0.535398711005883,1.41535977011605e-05,1
"X733",1.54803499095259,0.305108956800588,4.79491214450543e-05,1
"X734",1.76210234890103,1.47575715323607,0.000579947852452692,1
"X735",1.68880798770267,0.875768856382966,6.05801158401884e-05,1
"X736",1.96128856108053,0.43877544247591,5.46106102535683e-05,1
"X737",0.724912831494356,-3.39531460993889,2.69288407269108e-05,1
"X738",1.51517280188813,-0.927422193397053,0.0175215189619356,1
"X739",0.893898089522753,-1.6376037464919,3.95017727521354e-05,1
"X740",1.97609560641688,0.543217464885669,0.00817124284482745,1
"X741",1.86709608321496,1.57409792479502,0.000169366500523423,1
"X742",0.878627790344253,-0.446251163838461,2.62939184740389e-05,1
"X743",17.4850152715223,-33.3757046554452,0.0119302669590364,1
"X744",1.34650016900132,-0.360655866445683,6.63825242823197e-05,1
"X745",2.70614252386382,3.02767236533892,5.70396361611626e-05,1
"X746",1.71702057853556,1.59234748571324,9.58525719332427e-05,1
"X747",0.597472012993979,-2.12310411625181,3.76047485289997e-05,1
"X748",1.88033925449776,2.83393802297808,0.000186747213462571,1
"X749",1.4729848256099,0.671365938917194,0.217204830850397,1
"X750",0.943198583355088,-4.01229371145137,2.24183963759188e-05,1
"X751",2.51033753531408,-0.658608274164679,0.0284152724995304,1
"X752",1.53842252447608,0.292029691167975,0.0140880865411997,1
"X753",1.4448758837477,-1.78649984851141,2.98248061288485e-05,1
"X754",2.34439475422638,-0.140555658357069,0.00175205262848605,1
"X755",0.183264224042137,-1.3969289095432,0.000312829212028034,1
"X756",1.64888532385596,-1.40135403063125,3.46766172072232e-05,1
"X757",1.80663003369826,1.56744146872815,0.000267934904389184,1
"X758",2.44631618784988,1.15287338104819,3.70121518936566e-05,1
"X759",2.95738321458735,0.705077775243211,0.0401522245194344,1
"X760",2.39026918714689,0.625186259059914,0.000844870152026517,1
"X761",2.96121582250485,2.92777279468992,0.0675094734371565,1
"X762",0.809603197766504,-0.865201582853325,2.95300023028251e-05,1
"X763",1.67804943625798,0.0406115733854407,0.000174847112008911,1
"X764",0.864346798046215,-0.819884422309231,2.55878365472264e-05,1
"X765",2.42686342003029,1.48108649601409,0.000367865373143296,1
"X766",0.842426844891681,1.35932129709522,6.63819987585996e-05,1
"X767",0.21344081537857,-2.03071240417513,0.000181874021927928,1
"X768",0.804223247928467,-0.171423692070575,5.17677041247016e-05,1
"X769",1.95935857430178,-1.11539637058369,0.00202743098913388,1
"X770",1.48417068265664,0.0609697989213134,9.01251812261662e-05,1
"X771",0.546273456921304,-1.71523013356751,3.47424334272185e-05,1
"X772",2.1620954373701,3.31189197533054,0.00013647992308355,1
"X773",1.974056371246,-4.1199973967122,0.0431128938010761,1
"X774",0.514482843311782,-0.107374470794471,0.000140588269209429,1
"X775",0.80989161279934,-0.553910680160716,4.15489555955883e-05,1
"X776",0.933534706583776,1.14063242265526,9.68145940182431e-05,1
"X777",2.29764572176456,2.94490099550764,0.0292971297145793,1
"X778",1.41583866119946,2.33739315287828,0.000580700325238251,1
"X779",1.3447508768194,0.752617820222887,0.000902220388753294,1
"X780",5.95948680751235,-9.09457670653077,0.0251969672449795,1
"X781",2.43394990933144,-6.11532363675657,0.0185980875581929,1
"X782",1.27135173899001,-2.11666355005719,1.65012358832588e-05,1
"X783",1.41974399902941,-1.20769644437652,5.04494423452126e-05,1
"X784",3.68893074896029,1.22656055175506,0.118989533021709,1
"X785",1.95404594246072,2.38867689250088,0.0227979660240413,1
"X786",3.06250663244703,0.126317897588262,0.184942059892218,1
"X787",0.785964874366429,-2.29687909296201,3.09412156535522e-05,1
"X788",2.6807912286437,0.0127786254231463,3.62972090841293e-05,1
"X789",1.08380058998386,0.216350523578078,4.57670130783374e-05,1
"X790",0.474180774900164,-1.43032062860319,0.000170474008394179,1
"X791",1.4472219458696,1.92640273114114,6.07371019729778e-05,1
"X792",1.68109402114278,2.71692112271961,0.000293526524441079,1
"X793",0.633780512261372,-0.35497964493244,4.18565516866833e-05,1
"X794",2.64183214688276,0.0154001586051896,3.08083456262606e-05,1
"X795",1.1482299367588,0.83248177381199,5.00355178869926e-05,1
"X796",2.21756240651393,0.115412364679104,0.00586785397817131,1
"X797",2.3680123870868,1.93397407227948,0.031923294790537,1
"X798",1.12488648610249,0.32744894071202,7.08005169903144e-05,1
"X799",0.442383112570497,-0.913520573894379,0.000182673931463263,1
"X800",1.4006324536481,2.56989034766326,0.000141121846687488,1
"X801",1.63409697251157,0.75257046455164,0.0116214145788596,1
"X802",1.5319168318607,2.07364732606098,0.000147147206847142,1
"X803",2.99121876560642,1.53548862641571,0.0221781921648561,1
"X804",14.6230595227559,-28.7214565304246,0.0324421414035733,1
"X805",1.6212714867439,2.42289035144891,0.000383357385268464,1
"X806",2.9191349471808,-0.564909334953146,0.113998119415219,1
"X807",1.08392742027594,-0.905339245754235,3.29226269964383e-05,1
"X808",17.6642667454574,-26.5349962909253,0.134037556949912,1
"X809",1.82396395622363,0.240038702275646,0.0956307695042186,1
"X810",2.43413376701458,3.17392476123247,6.95673139216303e-05,1
"X811",0.6703528598549,-0.134410921849609,9.53455009864276e-05,1
"X812",0.327533064799495,-0.446089367653434,0.000350345345535355,1
"X813",3.95901893299096,-0.769416126838359,0.173736439358113,1
"X814",3.21646019138223,-3.61288573121364,0.0160650331671216,1
"X815",1.5178266822469,0.345497043979005,6.74378094361535e-05,1
"X816",1.52290602174171,1.08825397825514,5.6320500881552e-05,1
"X817",1.11185519845471,-0.105320332443958,7.13582166747097e-05,1
"X818",1.9428028506354,1.86745332755877,7.65655147942771e-05,1
"X819",1.30720069932661,0.403026438924894,8.22708565023601e-05,1
"X820",3.5439299458331,3.35736722455931,0.0221422719895923,1
"X821",1.58163664315995,-0.62088280596604,4.24693161218047e-05,1
"X822",2.23015051710618,1.26533140358328,0.00154041127178343,1
"X823",0.367624004811275,-1.3445597481336,0.000107056324809703,1
"X824",1.00951560352759,0.455111926449869,0.000194721043939771,1
"X825",2.037948637073,1.43123237970312,7.86096368997281e-05,1
"X826",4.30666645535032,-4.42633826042688,0.0291478217346003,1
"X827",0.870861064938972,-1.79539341901537,2.60335451774116e-05,1
"X828",2.0572420103113,-3.65946173856314,0.0261007840749212,1
"X829",0.727294869426238,-3.10514174912806,0.000108109408216672,1
"X830",3.08778825963383,2.46024977367989,0.00970265051718422,1
"X831",0.681710282177293,-1.14386074714514,4.00263458653316e-05,1
"X832",0.912633608057846,0.873009525845701,0.000255677991654846,1
"X834",2.02039122827257,-1.10030242117587,0.0796619680725002,1
"X835",2.35349267837519,0.511650984549917,0.0545101334361043,1
"X836",0.460181905244197,-1.70262552735237,5.7265131254915e-05,1
"X837",1.84976890972885,2.00316192059493,0.000354249248296542,1
"X838",1.0739585790392,0.241510883918216,3.43542507841111e-05,1
"X839",2.93219552725702,3.29783803664674,0.0597077396175972,1
"X840",1.61997675676779,2.00893370402032,0.000486228387528284,1
"X841",2.198203908633,0.238269293885765,0.0813997073894982,1
"X842",2.54986016046682,-4.11306327853926,0.0142234294294589,1
"X843",0.724613206174616,-0.0287985281171682,5.82332776733651e-05,1
"X844",0.483980205110306,-3.14403869138631,5.75833107106701e-05,1
"X845",1.81870759142631,-1.07993570433668,0.00434111777239229,1
"X846",2.5428089567609,0.915014142133911,0.00494483975319468,1
"X847",1.21748722295141,0.722701478205103,0.000102843289912096,1
"X848",1.69314950801215,0.0145304272392758,0.0316092729422891,1
"X849",4.88822644010612,-4.37779459008963,0.0146734592927566,1
"X850",1.11736908394164,-3.53153091143366,1.19838349979249e-05,1
"X851",1.52096203382125,-0.0832959581389879,5.12134834684989e-05,1
"X852",1.21024569129869,-0.166228897074548,0.0292304592132365,1
"X853",1.77429530986288,-1.10387880791681,2.1907578612586e-05,1
"X854",1.54063276716077,-0.0296839300038515,3.67960347464963e-05,1
"X855",1.62994545815154,2.34710373084356,0.000303551322387506,1
"X856",0.381672801408805,-4.72986705810981,6.48135835611255e-05,1
"X857",3.09636471180675,0.850282501066782,0.0166781927535395,1
"X858",0.888603072438718,-0.65631892192436,9.62991805198708e-05,1
"X859",0.899368639610768,-3.39602054629862,0.00019854741289185,1
"X860",1.36206202739296,0.0732963597271354,8.13465327371778e-05,1
"X861",0.747860758187186,-0.231569973360099,5.48031392860424e-05,1
"X862",2.30056861130082,4.34289989416792,0.000578249012279539,1
"X863",1.37054825141373,2.11694571201731,0.00124293180816697,1
"X864",1.63823999724377,1.01614078119258,5.93337353435304e-05,1
"X865",0.731844126051564,-0.144772535372058,8.76736490042039e-05,1
"X866",1.3097285495094,0.625949844416568,8.8003087785938e-05,1
"X867",0.325627885639662,-3.63103263867464,0.000150100488185531,1
"X868",0.754543551498379,-1.18772123702415,4.77387334573947e-05,1
"X869",0.903513182438569,-2.53175044346232,0.00225705742907564,1
"X870",1.13021513167798,1.36156369570431,0.000391796221794261,1
"X871",0.821956236423595,-4.17302750310383,2.76707795758819e-05,1
"X872",0.5506945086656,-0.506862496634445,0.000127056520502936,1
"X873",3.24355194487961,3.00258378101313,0.0186130863333692,1
"X874",1.73822521627755,0.203040499104586,0.00467548071997005,1
"X875",1.54256546041796,1.07199381913649,5.79961399871945e-05,1
"X876",1.96947463746451,1.96399049220119,0.000240497850543937,1
"X877",2.60387673158303,3.778416225395,9.88534469637364e-05,1
"X878",1.34132211170837,-1.44024287630247,1.60149843359037e-05,1
"X879",0.684274463043647,-0.642055212058221,0.000159259956016447,1
"X880",1.5101994795312,-1.78542860940245,0.0139238669254706,1
"X881",1.28957795461473,-0.700601637514357,3.83242019565567e-05,1
"X882",1.38694076572552,1.12656156018865,9.73867815871857e-05,1
"X883",1.18201012895237,0.949326675104458,0.000258180322256121,1
"X884",2.26124005288094,-2.83514314755862,0.00375257765382895,1
"X885",3.17255416947007,-0.0806982596434643,0.0692346332511619,1
"X886",0.469792990374102,-1.4564327595205,0.000194259901423672,1
"X887",2.0164050761977,0.943990733913572,9.71140521623601e-05,1
"X888",0.8806464961975,-3.82447412264344,6.74188093075699e-05,1
"X889",3.51787136430222,-3.18875399386488,0.0446770389286418,1
"X890",2.4153278257365,2.04140695496974,0.000135667418495681,1
"X891",1.9032603109689,0.744616230581527,0.183836559410577,1
"X892",2.72324877815821,-2.55611908753358,0.0149980253252054,1
"X893",1.82574587224793,1.2247262435747,0.000115781176882953,1
"X894",2.81154688087082,0.047679558249355,0.145299751132404,1
"X895",2.98082675228396,3.2993643838848,6.85384886503347e-05,1
"X896",0.610666514911735,-4.9871458623208,4.3305311645443e-05,1
"X897",2.40134810355246,-1.2381774005336,0.00776954860691043,1
"X898",2.38026839816046,0.727437775808302,0.00224872424167248,1
"X899",0.787442999532896,-3.88930525939489,9.63372120249524e-05,1
"X900",2.25850381053732,-0.63737242832002,0.00116445009612642,1
"X901",1.34982418424385,-1.43563583612353,3.39753706389613e-05,1
"X902",1.92788958294997,2.72543811420651,9.56866613100776e-05,1
"X903",1.95472672079713,2.59209058020343,0.000122419843070746,1
"X904",0.678634074502076,0.0495909782458546,0.000782169060821793,1
"X905",1.42625703425932,-1.47487285173208,4.03530621850456e-05,1
"X906",2.08654534478655,2.72156957081514,7.71860063636485e-05,1
"X907",2.13091576317425,3.52839157006409,0.000225835641274953,1
"X908",0.333049379968153,-1.39046590548259,0.000457313588306677,1
"X909",0.529276401182113,-2.80783605785701,9.83674039665465e-05,1
"X910",1.28378761069906,2.14552670655769,0.000134010380500293,1
"X911",2.83044643613974,-0.669552697511486,0.0717518546595516,1
"X912",3.05269533047518,0.636450938477041,0.263478066685924,1
"X913",0.262589567037226,-1.299968139598,0.00028169492627484,1
"X914",1.47219353799329,0.264817197599599,4.31550838978012e-05,1
"X915",1.99755039922768,4.70032828335536,0.00109535110903249,1
"X916",1.52222194784833,-0.608706784982166,0.0112181931202437,1
"X917",0.492400897394816,-0.841025707286209,0.000117528130767162,1
"X918",0.769222287550876,0.0994399837892834,9.92707241783541e-05,1
"X919",2.22327872816415,2.22805650479239,0.038964937981056,1
"X920",2.00415656052411,1.41983049427155,0.000180094063401727,1
"X921",1.06595585070139,-4.41841298085453,2.12193748106558e-05,1
"X922",2.56363378609192,2.26471548536329,0.0494013880254814,1
"X923",2.28788613007287,-1.40926724225744,0.00996218104290872,1
"X924",0.79887004382194,-2.40941898702825,0.00534191932130752,1
"X925",1.53497673530295,-0.485426768978821,3.929509573664e-05,1
"X926",1.66474076965505,1.16155631549787,0.000127734827758019,1
"X927",0.765393585149257,-0.917852534826037,7.18822930251269e-05,1
"X928",2.0164711193381,0.312799139455174,0.22867088849464,1
"X929",1.37151019976809,-1.49734351461552,0.000481609986671035,1
"X930",1.05458606938489,-0.567568665883555,6.68923863604944e-05,1
"X931",3.04523693816886,-1.50266513701882,0.0293585038551324,1
"X932",3.56972542667554,3.72194106865163,0.0345306355725385,1
"X933",1.06847619617315,-0.580634433623838,8.92965833362977e-05,1
"X934",2.78526081454144,0.424788031082232,0.001702589866187,1
"X935",0.613849231069986,-1.13864561573707,0.000128615809796617,1
"X936",0.448589947854262,-0.019197297393868,0.000163650478199904,1
"X937",1.6125947720483,2.06350216309019,0.0384463602626767,1
"X938",1.37281314269303,2.1083039597802,0.0047147098377906,1
"X939",2.14873005237086,0.834649881991231,0.12490382648798,1
"X940",0.897615256809258,-1.47232106889489,0.0465895419840942,1
"X941",2.52550347013752,0.739084306074143,0.252025305778982,1
"X942",0.613134427877778,0.650766987563624,0.000304491137973535,1
"X943",1.21037804268538,-0.900411586802255,0.000332869216673436,1
"X944",1.11470385988821,1.53364687424414,0.000202949602026863,1
"X945",1.44545152341254,-1.0710749036118,0.0823700509529335,1
"X946",1.94419086020381,1.55438942538214,8.1327081803453e-05,1
"X947",1.76017290740819,0.631213453997621,0.0828321355425735,1
"X948",1.08256690398244,-2.72686543070257,4.7567044152408e-05,1
"X949",0.920113554256441,0.381736552998546,0.000222185826082911,1
"X950",2.24150852881986,2.73334692204351,0.000891469075179106,1
"X951",0.638982844118447,-0.409028538656185,0.000287562310322196,1
"X952",0.80607545077553,-2.74392903945673,4.73681644237415e-05,1
"X953",5.35591660029766,-4.58487636507485,0.062471655795204,1
"X954",1.34506148664568,0.401067273151766,6.4863365979088e-05,1
"X955",1.09604405890455,-0.691634098959967,9.38347767158422e-05,1
"X956",0.735085705996519,-1.76556979092884,4.51204466987672e-05,1
"X957",2.15941167728836,2.50938666357294,0.0481923135997766,1
"X958",2.26795178417293,-1.26588507254797,0.022920592257652,1
"X959",0.585094217314234,-1.39948558027677,6.88236803025106e-05,1
"X960",2.63023916622822,2.85244419426515,0.0323922727005066,1
"X961",2.39507652624054,-1.93841171661921,3.23507442925375e-05,1
"X962",1.1683672509553,-0.624988331805923,0.000239834045566674,1
"X963",0.778365702709102,-1.33761044302557,6.13700643383666e-05,1
"X964",2.49098577930269,-0.355755411641478,0.109888859641986,1
"X965",3.75199929750315,-1.35262020684748,0.10164445211601,1
"X966",0.373169576189753,-2.69258037996712,0.000191936996861601,1
"X967",1.92276324615772,-0.384861833558055,0.0322867632939638,1
"X968",4.47449135674666,-1.54968697743178,0.0820098402613575,1
"X969",3.95429628250695,-2.4774427331715,0.0432871044615279,1
"X970",1.63585277009334,1.42975547909429,0.000555585801657031,1
"X971",2.70752913761693,-1.45323519538054,0.063675138549741,1
"X972",11.0639444882503,-8.20504523805289,0.313364385409994,1
"X973",5.93118424675044,-4.72453887071908,0.0426746589068012,1
"X974",2.20110307889258,0.350281018996574,0.0662993683847378,1
"X975",3.20128127563302,3.76166634116593,8.6426311070951e-05,1
"X976",2.4595931889215,1.98607176938823,0.227526653289321,1
"X977",0.387470871547348,-0.301931016529631,0.000226937917453373,1
"X978",1.57566361566818,1.42137647711218,6.53280072049267e-05,1
"X979",1.41163324443942,0.999953506512355,0.000153366534299518,1
"X980",0.162338259009744,-0.0286204286620404,0.00176693262086609,1
"X981",1.15053351172465,-0.0218747677672846,0.000104385552331606,1
"X982",3.48484539998373,0.811815430751242,0.146390701737885,1
"X983",2.08536024569125,-0.68648397973097,0.0246264929774696,1
"X984",0.751441848452659,-0.0434717745593739,9.5257353744071e-05,1
"X985",1.01858521893622,1.34485574437224,0.000416875635955838,1
"X986",-0.0302029483536675,-0.640095514093223,0.0176764599988081,1
"X987",0.947235212826193,-0.593153740643329,0.000250645230200315,1
"X988",2.3792459624813,1.00293735862581,0.123626689962814,1
"X989",1.58763559143857,0.313609217425277,0.074621892883933,1
"X990",2.31159090497037,2.89202365028448,0.00023064487756487,1
"X991",1.14586636741256,-0.216977587946851,0.0196269111587626,1
"X992",1.79388659467713,-1.86988365213493,0.000132988284789291,1
"X993",2.54554968374169,1.55236672818758,0.0437338375289546,1
"X994",2.71535598379171,0.219564531186508,0.0829755843758998,1
"X995",1.64582278755024,0.732370112007481,0.0274999442713463,1
"X996",0.957385787016906,-1.37138349573451,7.58736215565414e-05,1
"X997",3.43729627670555,1.14452468238456,0.000140670150764413,1
"X998",0.644702073772157,-1.19590128732929,0.000112063916524015,1
"X999",2.13227631759759,-5.1910549573342,0.000621156073249407,1
"X1000",1.61322308710401,-0.3309069109858,6.56842832377542e-05,1
"X1001",1.61180080274328,0.21489044749179,0.000188585600996387,1
"X1002",1.68023005467978,1.63398732277794,0.000135373602425659,1
"X1003",1.14072458290966,-0.191189994877864,5.64077283781349e-05,1
"X1004",1.40491313737901,0.953134542434151,0.0001191123074058,1
"X1005",1.94293785516242,3.27325640215229,0.00055064220223104,1
"X1006",1.94932591590456,1.13164267519169,0.0121740681392729,1
"X1007",1.07619934683118,0.6154610402788,0.000213542595095129,1
"X1008",0.926555751880239,-0.514233994128856,7.38297025758437e-05,1
"X1009",1.28201976212559,-0.742540990531904,9.3145191180894e-05,1
"X1010",1.39945916208531,0.5766168309869,8.35629640375133e-05,1
"X1011",2.31600332020091,2.42151791704081,0.0302285212429117,1
"X1012",0.60963628945849,-2.07435665633062,5.54024277275093e-05,1
"X1013",1.68578087712271,-0.527503299973315,0.059704274114077,1
"X1014",1.50921293976199,-1.15799701585135,9.81984493417293e-05,1
"X1015",1.27780118921842,0.656583610477912,0.0001614402098315,1
"X1016",1.01174556460413,-2.94975905223744,0.00828846453300639,1
"X1017",1.60922903568303,-0.904476443129261,0.00744590445529048,1
"X1018",0.876169344963277,1.04579121051964,0.000237317897971203,1
"X1019",0.900254594746735,0.847460980578474,0.000120827961260751,1
"X1020",1.68002693753859,-0.513075839929159,8.50922280301461e-05,1
"X1021",2.02586112839961,-0.75455834421359,0.0160096926606877,1
"X1022",1.58431190782767,-0.471664761394247,0.0091879433789807,1
"X1023",1.69979290028526,-3.1282144406923,6.81978846067598e-05,1
"X1024",2.36069777776246,1.38401268766625,0.00606599974594808,1
"X1025",2.68649301034807,-0.580085153084872,0.0367545251899431,1
"X1026",1.53927290029675,-4.01627823997015,0.0595015000386786,1
"X1027",3.69576937255826,-1.66669892633733,0.103893506836939,1
"X1028",1.31198880283805,1.04110881288223,0.0212116190133634,1
"X1029",1.09336416782687,-1.4965798879903,8.51673719074179e-05,1
"X1030",1.47009209146441,1.4931149562199,0.000330123918318562,1
"X1031",1.18581330031542,1.45045652223529,0.00056894265427883,1
"X1032",1.38085339569206,1.62355044085748,8.10792332973305e-05,1
"X1033",1.46655800557453,-1.06826107044833,4.97890973842868e-05,1
"X1034",0.538948709576656,-0.155435071677716,0.000141681891957477,1
"X1035",1.17333247424926,1.50619217934943,0.00058992284491769,1
"X1036",2.58271109380947,1.80043586945466,0.000470315828999592,1
"X1037",0.357284413035751,-1.698475153082,0.000164285319665671,1
"X1038",0.828899814672248,0.444687282918659,0.000213532822263695,1
"X1039",2.06373905607233,-1.80305234716072,0.000110847591171636,1
"X1040",2.49233829155779,-0.183550662103602,0.00841300507920605,1
"X1041",2.26402438549139,1.97775417726004,8.39696527870654e-05,1
"X1042",1.37752469276175,-0.754750732465639,0.00196667171251559,1
"X1043",0.540602824121753,-2.46277358270581,7.43181013653323e-05,1
"X1044",2.49589180913604,1.576644144433,0.0692886353085543,1
"X1045",2.10112587771416,2.28029601322664,0.00192516544447598,1
"X1046",1.07728559780266,-1.28751854434863,6.73980048703786e-05,1
"X1047",0.985753766862504,1.16084014350264,0.000122398387379748,1
"X1048",0.694896966347818,-1.35930236312303,7.06644793424343e-05,1
"X1049",0.261056331537809,-0.543072075684839,0.000394779039096859,1
"X1050",0.434022009597135,-2.85332728702896,0.000118678539036709,1
"X1051",0.254237576222706,-2.87463901211957,0.000250244214720524,1
"X1052",2.32423511564116,-2.31794743623225,0.0214549768077707,1
"X1053",1.50355203786568,-2.00160201657766,0.00125246415162758,1
"X1054",2.54361745797261,-3.29809950544444,0.000122368236793863,1
"X1055",1.1106991923816,-2.42535113831267,0.0116608003997648,1
"X1056",2.19907896888754,3.10054440851979,0.00219560515192035,1
"X1057",1.03958372520246,-0.0181005049022325,6.74692933280464e-05,1
"X1059",0.404857920357167,-2.75563619591761,8.25708883569204e-05,1
"X1060",1.54099947298983,-3.69445069503485,0.00257161180869994,1
"X1061",0.644131992328535,-1.90951668983485,5.60329790908526e-05,1
"X1062",1.4433272575636,2.36235786205747,0.000327531795031101,1
"X1063",0.960194766396033,1.19892124773431,0.000643843312664288,1
"X1064",1.42681505712077,-1.45188249383843,7.76686024652571e-05,1
"X1065",1.49996433346072,0.223621862650441,7.25220703565771e-05,1
"X1066",0.618564766858772,-2.07579144146667,9.07791915484188e-05,1
"X1067",1.44128974730533,-2.81460241622165,0.0179364006598354,1
"X1068",0.459452851353588,0.641256233999022,0.000197860113848538,1
"X1069",2.07266037145164,2.40738535428762,0.0347038632587555,1
"X1070",2.15740574825616,-0.757476725886281,0.0504093802216139,1
"X1071",2.66385452463195,3.42844892155874,0.0688031535229601,1
"X1072",2.03731890098155,1.72173109234715,0.0320822220704456,1
"X1073",2.76352661479812,2.47172164793876,0.0212241631473969,1
"X1074",0.5379846100629,-2.4453802105679,0.000229877861655807,1
"X1075",1.27810266920679,-0.0527513952898291,6.94124145179851e-05,1
"X1076",2.15462670752622,4.54085009147491,0.000280286810293037,1
"X1077",1.2881744616667,0.526942347435915,0.000419089905114798,1
"X1078",1.85296634400512,0.78313698591813,0.00209071201364494,1
"X1079",0.343022939732299,-1.91205044373217,0.00050593704167634,1
"X1080",2.75880543302815,2.63874700617301,0.0001155993813746,1
"X1081",1.12920456994059,2.22949670164956,0.000199167751189858,1
"X1082",1.43575062324001,-0.532836540938591,6.74871419145047e-05,1
"X1083",1.01830735373083,0.0125196546993731,7.08971364604003e-05,1
"X1084",1.64775288426253,3.51363319736448,0.000342932425982646,1
"X1085",2.17941820258945,3.40126044886962,0.0167111948435761,1
"X1086",1.87365410795655,-1.37381353086455,0.000125228195973948,1
"X1087",2.38228094824345,3.34784791040723,0.000255205644383964,1
"X1088",2.97730648689343,4.14276706700674,0.0259675434526227,1
"X1089",0.595312836020364,-0.960306137477556,0.000129453645509875,1
"X1090",1.98655383555807,2.55750102878557,0.0508410019827748,1
"X1091",0.508126945538453,0.15585133712248,0.000161099593778312,1
"X1092",1.1895240479754,-0.732643736444405,4.33969591793004e-05,1
"X1093",2.53111150329091,1.21747337472976,0.0818174390595155,1
"X1094",1.51391861010723,0.838814590694589,0.0128099140058837,1
"X1095",0.931300105087177,-1.83896739329625,6.07079468149296e-05,1
"X1096",2.55643574717834,0.25108429919397,0.0322697440789765,1
"X1097",2.25044867913312,2.56709564142291,0.011349454979623,1
"X1098",2.43757673447179,-0.561858929672873,0.00013298073178552,1
"X1099",1.88708312823335,1.68377843050476,0.00710074781068896,1
"X1100",0.296395867474554,-1.23814584498229,0.000375246867945171,1
"X1101",1.32953869093011,-1.25798718564992,0.000411213938649427,1
"X1102",0.960642993452915,0.725958527915835,9.1425302185153e-05,1
"X1103",2.31728023486104,-1.13107141400054,0.0653963178546742,1
"X1104",1.45081796686006,0.76279481432417,0.000123955198363988,1
"X1105",2.5188527724731,3.17499811406144,0.155133206761172,1
"X1106",2.05239808959556,-0.810816955862341,0.0138981099300581,1
"X1107",1.44272786315507,-3.68446359840301,1.50101243829599e-05,1
"X1108",1.47675371933489,0.289086896324135,0.0111464798746778,1
"X1109",0.69705112714907,-0.985996253802866,0.000256120480134951,1
"X1110",2.56595453083984,-1.12782526518468,0.0294044492016054,1
"X1111",0.938217910239722,-0.00692318665280425,7.35008871145606e-05,1
"X1112",2.02604921881408,1.59150771524865,9.14453201265564e-05,1
"X1113",1.55377008648326,-0.415828208671626,0.187964379267576,1
"X1114",2.35483683659335,-2.10290503448698,0.0205170932207038,1
"X1115",1.79321494077327,0.357429199652988,0.000198215564506418,1
"X1116",3.88262695095622,-2.68664840080469,0.0197278461073628,1
"X1117",2.40219415416483,1.23889650055186,0.00245011992013231,1
"X1118",0.712554254539887,0.348751230412065,0.000106967975990067,1
"X1119",1.48752856914264,-2.70761479628252,8.76003121080727e-05,1
"X1120",2.26883805798421,2.10770151164192,0.0510563051987351,1
"X1121",2.44261328543008,-0.112657956351155,0.0591059619923896,1
"X1122",2.83731609290768,3.34393166003536,0.000562866248761588,1
"X1123",2.70058734392468,0.0906349335897795,0.0544525209754001,1
"X1124",0.827332812062006,-0.0163241447055293,7.1589919690117e-05,1
"X1125",0.969068996014127,-0.701107501950845,3.3699001933926e-05,1
"X1126",1.64038679678545,-1.08970668830288,0.000127471483433228,1
"X1127",2.02929798326391,2.67531691702244,0.000118625651722905,1
"X1128",1.83096359133487,0.597767017222436,0.000105119080262153,1
"X1129",1.62148850234441,0.117621023118826,3.8654458440197e-05,1
"X1130",1.09471423791697,-0.867304983912675,5.70118496411935e-05,1
"X1131",3.12331450542193,0.790687678839796,0.133728639532772,1
"X1132",0.642105569487413,-1.78025970249051,6.28180742162961e-05,1
"X1133",3.26646032905818,-1.03942448055878,0.0543955970078668,1
"X1134",1.55716611160545,2.78560700294543,0.00107231082342596,1
"X1135",1.41845350179705,0.952417240837156,6.82435174479714e-05,1
"X1136",2.39222143297922,0.489449187127929,0.181303787092287,1
"X1137",1.44593771324834,0.487820035361797,0.00454128420421116,1
"X1138",1.40077739175502,0.621039525547174,0.000318515193721649,1
"X1139",1.88248827325311,-1.58837259454184,0.0503495736657569,1
"X1140",0.913446556349561,-1.56317905661885,3.37222708129916e-05,1
"X1141",1.75372921817561,3.23606217425211,0.000794275566224338,1
"X1142",3.17384231799066,0.7440293101912,0.0352574674190799,1
"X1143",1.38443752982203,-0.0381948017494358,0.000164316392408765,1
"X1144",2.31040604367522,-0.166122798607804,0.135179303075449,1
"X1145",0.552772780819411,-1.15563601896076,9.36609349171074e-05,1
"X1146",3.36931838585076,-0.533688359389055,0.135704759500461,1
"X1147",2.25666306251588,-0.813434388835803,7.7961859980333e-05,1
"X1148",1.46007869428957,-0.557693393613184,4.65525474416985e-05,1
"X1149",1.66977996526369,0.571691539334983,5.13339300814229e-05,1
"X1150",1.9947422349472,-1.3894655160203,0.000300233257205331,1
"X1151",2.13858733360909,0.248132152480477,0.0421916266182759,1
"X1152",0.831137428043602,-0.407577819459831,0.000149766814627671,1
"X1153",3.65005175505922,5.52479894564497,0.000390705654571884,1
"X1154",0.152476728231387,-1.61482821976242,0.000653296737444992,1
"X1155",1.65749863901787,0.98129228407316,5.91015301089041e-05,1
"X1156",0.624701441628496,-1.0577140238715,7.18736287137348e-05,1
"X1157",0.759218885702746,0.652350479226208,0.00012787223182271,1
"X1158",1.27840478808572,-2.42346630314944,0.00685090938467181,1
"X1159",0.660197355873775,-2.68681807292267,5.43175144103652e-05,1
"X1160",0.632043169533489,-1.87518425418984,4.59279809603627e-05,1
"X1161",2.02142643835815,1.79087935836509,0.0313783042776755,1
"X1162",1.60345259353796,2.9338781532491,0.000196529128047453,1
"X1163",1.61478773182015,-0.472885790854534,0.00138392518139352,1
"X1164",1.61043060871124,1.40978608623806,0.000121643307429822,1
"X1165",3.05286259113921,0.866186399678591,0.109951642119004,1
"X1166",1.1319803885414,-3.19339407284393,0.00432231855213956,1
"X1167",0.75805543033287,-0.412751661923315,5.25856324240824e-05,1
"X1168",1.23387765925559,0.561643756015206,0.00177843281325803,1
"X1169",2.09482570332792,1.4365709925857,0.0311062177345832,1
"X1170",0.686405811491313,-2.95940516784492,3.11942401540361e-05,1
"X1171",2.4827813596303,2.33164353486342,0.0980995147564453,1
"X1172",1.0614825879182,-0.993389858965767,3.76665824417763e-05,1
"X1173",1.51997404758652,0.34707554676108,4.18049060713879e-05,1
"X1174",0.352033777366207,-0.950585710262328,0.000130151356721501,1
"X1175",1.29237926378119,0.0542939900339704,6.27353853429144e-05,1
"X1176",2.4110166432975,2.09461271094781,0.0343500285069986,1
"X1177",1.09677300921523,-4.87285463906542,1.65308136745988e-05,1
"X1178",2.44007293681113,0.989981029458005,0.000772508510216943,1
"X1179",0.626627219054014,-1.66616477741433,6.30355087713898e-05,1
"X1180",2.73240249708882,2.53131931128915,0.0511410950010622,1
"X1181",2.33970941222585,1.2553682687579,0.0139718823037004,1
"X1182",0.295989163116173,-2.87965902522637,0.000247122142583278,1
"X1183",2.3410753958393,0.804370010302517,0.00519199554076219,1
"X1184",1.91305627723994,2.94659806894034,0.000153338893867628,1
"X1185",1.77549694123473,0.583038539484941,8.096581215139e-05,1
"X1186",1.2834063889414,-0.0770946623766508,0.000252560921510966,1
"X1187",1.47685151028281,-1.87294164330164,8.48296375964237e-05,1
"X1188",1.44746689264366,-1.60307645330174,4.59306088606496e-05,1
"X1189",3.06157987982853,-0.0638474539239848,0.0147239294668792,1
"X1190",1.18409691926151,0.570394632720798,0.000527897110355147,1
"X1191",2.11303480074101,2.39376608227675,0.000175838106142074,1
"X1192",1.95874642677215,-0.188356636990061,0.0310324748094734,1
"X1193",0.270586992469776,-1.14799938867527,0.000317835588854453,1
"X1194",2.68800573301548,-2.57800085933556,0.0085457434577157,1
"X1195",2.10599883678047,0.0253201955850388,0.0190651294794992,1
"X1196",2.74249501081294,-1.48942857202535,0.198649392440995,1
"X1197",-0.0249545087899625,-2.67031996435314,0.0171109795126358,1
"X1198",1.25927359150232,-0.018342817394427,0.000413015479739679,1
"X1199",2.11970209092544,0.0567081770036446,0.199528905363542,1
"X1200",1.34603523101279,0.789154913709416,0.00051085675687045,1
"X1201",2.5320830320049,3.51350499354052,8.85879346802903e-05,1
"X1202",3.32990930033993,-0.405998366847514,0.0511392504140551,1
"X1203",0.983027714159566,-1.8926167467127,2.31870348634714e-05,1
"X1204",3.04152509189873,3.97495774663143,0.397838718682592,1
"X1205",1.5385591055347,2.07041987719279,0.000154455816618976,1
"X1206",2.11956485124531,-2.50623116413897,0.00360961643894004,1
"X1207",0.300812199377494,0.860610313748779,0.000454492222756631,1
"X1208",1.82811207900002,1.64605715249272,0.165726576295142,1
"X1209",1.69765314386533,0.788282920662661,0.000272076849901151,1
"X1210",1.22257903123485,1.80331168481081,0.026764357088187,1
"X1211",1.99194160745591,1.80044914873484,0.000347777760733831,1
"X1212",2.44501674399495,3.14768320119765,0.000695761524380453,1
"X1213",0.400629163383399,-4.28231562529607,9.26499839155116e-05,1
"X1214",0.71918834559814,-0.816722504307034,6.46483149800508e-05,1
"X1215",0.549141859291901,-0.126559388107293,9.14965374731225e-05,1
"X1216",2.44336172427808,3.30068754736735,0.0806021325163493,1
"X1217",2.49967163489929,-0.660341466352427,9.88854298560278e-05,1
"X1218",3.55358537213256,-0.641406532924748,0.0979422219357753,1
"X1219",1.00935573584388,-2.32514302667608,0.000555771434695198,1
"X1220",1.97763346079585,-0.330397932787271,0.106233788990061,1
"X1221",1.44478451515299,0.112296956800112,9.61495813212146e-05,1
"X1222",2.04332604367762,-0.180826986947636,0.000104705187258174,1
"X1223",1.4210515742831,0.835654711935305,0.000146724728260384,1
"X1224",1.61172868438306,-0.0581247773503562,5.4991839646638e-05,1
"X1225",2.08484497007089,-1.45795113217893,0.00997846771715374,1
"X1226",1.86782517851663,4.04264040003266,0.00189606846199183,1
"X1227",2.27116138048026,2.38578103662751,0.0551007402630065,1
"X1228",0.0388614914142713,-2.5755687306044,0.00797496079731651,1
"X1229",2.75365334573894,1.74628445456111,0.0258870636961135,1
"X1230",0.547983175543848,-0.608426116234265,0.000101127317175222,1
"X1231",2.55597065292077,2.37113221042059,0.00776190821706357,1
"X1232",1.65653488461564,2.37666598462976,0.000312720858576624,1
"X1233",2.09271378517511,3.62741769753036,0.000330212578309364,1
"X1234",1.46074733564892,-0.591820067424558,0.000105074705482843,1
"X1235",1.8846932412107,2.71266183935882,0.000166850383641821,1
"X1236",2.21282049815014,0.483351546512809,3.86970116187852e-05,1
"X1237",1.81870165614437,0.970991145388131,0.000117015124635927,1
"X1238",1.53494570930963,2.8607920129515,0.000197621515035196,1
"X1239",0.636369152884657,-2.71571629896124,6.37712406511926e-05,1
"X1240",1.2143204839509,0.393368780459218,7.16753740948109e-05,1
"X1241",0.652851129114985,-2.84579977872341,3.26786266743128e-05,1
"X1242",2.9550386793072,-1.17387389257073,0.160173023134436,1
"X1243",2.10186282100869,2.1530144200627,0.0121710879639058,1
"X1244",3.24832920769924,-7.79751001756949,0.0376559934003423,1
"X1245",2.89487075401718,-0.139026677844585,0.0380331441519066,1
"X1246",1.23459519221672,-0.373582239218781,4.98995601378524e-05,1
"X1247",1.5105501572731,0.695410284844773,8.35613172590476e-05,1
"X1248",0.375350426554663,-2.24526300013817,0.000167185090415139,1
"X1249",2.57946213556944,1.3649371296278,0.0598475283252263,1
"X1250",1.69437945475964,0.188218357309358,0.000192205849371324,1
"X1251",1.14605005579582,1.33654198414508,0.000145282349978193,1
"X1252",1.95804812483721,-1.28423766312327,0.0525748447645401,1
"X1253",1.90512805069951,1.21354585408493,0.000115459653641567,1
"X1254",1.24502335800736,-2.34316570260769,6.11103439871231e-05,1
"X1255",1.2892175012307,-0.313028636132872,0.0011863839442788,1
"X1256",2.23391971118469,1.29781711569543,0.0773412407949042,1
"X1257",0.800144373632788,0.753086308612248,9.21135449288278e-05,1
"X1258",1.8898440593386,2.26824185677327,0.0248123313589087,1
"X1259",0.344473584706544,-1.30353133905196,0.00016501856831719,1
"X1260",1.40914540568636,0.903174695547466,0.0678422463935813,1
"X1261",-0.0584875630054858,-1.06828288736117,0.00457732589107059,1
"X1262",0.960563842064509,-1.05203363239433,0.00112520177477559,1
"X1263",0.349402307185035,1.25182427657392,0.000625078625717722,1
"X1264",1.85740074759859,-0.531307622737529,3.02532294593402e-05,1
"X1265",1.39737808960714,-0.423899993156178,0.00201481344038403,1
"X1266",1.2003967472127,-0.0963764257317563,0.000129326792795505,1
"X1267",2.67389506078748,1.12716944344924,0.10297203681624,1
"X1268",1.86228358398808,2.26580182275501,0.00025966413736703,1
"X1269",1.88038162213619,0.25746878079976,0.0187810258306804,1
"X1270",1.4088251485529,0.178323254050348,6.89336404032991e-05,1
"X1271",1.58798277749413,1.61639139608681,7.5911266629541e-05,1
"X1272",-0.0560505348624914,-2.6560768168054,0.00468992465320836,1
"X1273",1.93414393368408,2.44509197274024,0.000759752858795422,1
"X1274",1.24654165447626,1.56995738207111,0.000206042347792793,1
"X1275",1.94640282481095,0.422805861211651,0.0146918937801819,1
"X1276",0.651133859997939,-4.50401743653674,0.000493349023164778,1
"X1277",1.53983871412209,-1.31529960430197,0.000242904644049077,1
"X1278",1.23286931257947,0.430962382755974,0.000123689909477839,1
"X1279",2.01029399788759,-0.0169200416925742,0.0524821645261331,1
"X1280",0.48788001601535,-2.03424307437523,6.06114144823086e-05,1
"X1281",0.766385611630111,0.25491338979106,0.000113208658247264,1
"X1282",1.27241979637534,-0.659822073946071,3.82022631203666e-05,1
"X1283",2.49086154050529,2.24285725852551,0.000316034772114072,1
"X1284",2.21481092930194,-2.28422891623473,0.000177831696962122,1
"X1285",1.31809577509536,-1.57538003282594,3.3478496239008e-05,1
"X1286",2.10357351451112,1.37429094002245,0.000140198043725417,1
"X1287",1.9535882829756,1.79692985930661,0.000329774572111122,1
"X1288",3.45187016573377,-1.31942366789003,0.0115226685733324,1
"X1289",2.91205589855131,0.717121391672385,0.0536365437993921,1
"X1290",1.0553675246601,-1.3705499352335,4.26991685549455e-05,1
"X1291",1.66344003923849,-4.38877819040183,0.00363530897363698,1
"X1292",1.54873665933925,1.12523836788095,0.000115040689884449,1
"X1293",2.07409444193297,2.28787873858481,0.010074654937019,1
"X1294",2.28932394741921,0.365756017060661,0.11383121850118,1
"X1295",0.782806456580606,-0.224691128986247,0.000106417656265446,1
"X1296",2.23324592942686,2.29577478691358,6.5419998154365e-05,1
"X1297",0.87683453781309,-2.02539749844063,0.000114645872028668,1
"X1298",1.76751526076361,-1.34446895626967,0.0860972959090104,1
"X1299",1.49092329156701,1.16020841910208,0.000187231038912302,1
"X1300",2.56168336787338,0.683423592714635,5.51257380699156e-05,1
"X1301",1.55387735017439,0.380911625194488,0.000255412970120774,1
"X1302",2.32806293076679,3.40248061883965,0.000398699487908673,1
"X1303",1.04903688802684,1.48678219618688,0.000470322478442746,1
"X1304",-0.0698797455419785,0.0133544457320849,0.0074447779569073,1
"X1305",1.33826124791472,0.776815137053302,0.0666429033357399,1
"X1306",1.48371232779853,0.297260100140873,8.32875302759596e-05,1
"X1307",1.63198902594488,0.174727948400805,0.000127542655729004,1
"X1308",3.18261287290676,0.258751610541952,0.101686223384485,1
"X1309",1.09994812521704,-0.379594478632544,0.000249977569253065,1
"X1310",2.83392719960099,2.77293558901623,6.90938950974787e-05,1
"X1311",0.653194588465664,0.683651374143337,0.000691562112927746,1
"X1312",1.07183248502834,-2.59517259759758,2.29564326816765e-05,1
"X1313",0.0273591759431589,-1.51645797039465,0.0167054935494166,1
"X1314",2.0083143158713,1.74647787263783,0.0419733965072049,1
"X1315",1.6521938491549,2.85675240099982,0.000458393494380117,1
"X1316",1.8843547783108,-0.345432484881924,0.00125826660092081,1
"X1317",2.49678087335469,-0.152908199373241,0.010597751543058,1
"X1318",1.92381836419507,0.838386290537438,0.0155807028011964,1
"X1319",1.5185315641139,-2.34923285223422,9.21399240066225e-05,1
