"F1","SE_F1"
0.350223155609805,NA
0.368248999094706,NA
0.35022241986617,NA
0.438900547984448,NA
0.434834568608195,NA
0.434834568608195,NA
0.210341356842841,NA
0.448338759784832,NA
0.407679690936286,NA
0.456588805191548,NA
0.253508822646426,NA
-0.122458616540832,NA
-0.455227112261849,NA
-0.472312296187612,NA
-0.519346368823261,NA
-1.63904945970392,NA
0.128416845533123,NA
-1.2520150875466,NA
1.3662831949991,NA
1.28064311130675,NA
1.26826194726903,NA
-2.37354402048041,NA
-0.478820271243048,NA
0.0784521602280216,NA
0.012544713167869,NA
-0.0718309162868362,NA
0.012544713167869,NA
-1.59138617098403,NA
0.412997506307205,NA
-0.465949558878503,NA
0.145577003049742,NA
0.141825505391757,NA
-0.37478724097473,NA
0.398770812846052,NA
-0.350227409843726,NA
-0.156663409413564,NA
0.0616308300894073,NA
-0.783523266162559,NA
-0.717637913737495,NA
-0.362997185014102,NA
-0.205863470917486,NA
0.43057664288827,NA
-0.395341495483799,NA
0.108540858991915,NA
0.210365669250967,NA
0.207319001403558,NA
0.130356183836915,NA
-0.763404484808996,NA
-0.188536893201826,NA
-0.188201225041622,NA
-0.403841374562776,NA
-0.502661652015229,NA
-0.71455385792736,NA
0.0396946348166787,NA
-0.0145220630539966,NA
0.468883634903421,NA
-0.43200996617372,NA
0.15395321952286,NA
-0.00818545845017015,NA
-0.0304068818137718,NA
-0.474863285697848,NA
-0.751949073072452,NA
-0.879230103708258,NA
-0.940907595459403,NA
0.353082300214555,NA
-0.684340711987574,NA
-1.60528827248307,NA
-0.771206617992611,NA
-0.740108621616666,NA
-2.32850019991973,NA
-0.0734493071616502,NA
-0.722170139094107,NA
0.231855578185013,NA
0.0953277767469621,NA
-0.549229516926069,NA
-0.491740484797973,NA
-0.267418765238573,NA
-0.115621201101729,NA
-1.09318683972296,NA
-0.00782707561156924,NA
-0.0741802983678643,NA
-0.0336219899806773,NA
1.05111906809731,NA
-0.0373496798111271,NA
0.0282898893843569,NA
0.0881260742842053,NA
-0.0373496798111271,NA
0.37648704376523,NA
0.811029448079944,NA
1.14045087388228,NA
-0.426669976256157,NA
1.36734637372517,NA
1.01844759833506,NA
-1.54056335361907,NA
-1.58598877735581,NA
-1.58599511889935,NA
-1.40043773503582,NA
-1.40044166757448,NA
0.310486967021654,NA
-0.0962736409337784,NA
-1.08820459595741,NA
-1.08718810302879,NA
-0.506724957284028,NA
-0.482534773899549,NA
-1.02830843545124,NA
-1.32570173249643,NA
0.882115377110964,NA
-0.801124273260324,NA
-0.250704156241663,NA
-0.500299056875147,NA
-1.50527040243994,NA
0.461646180589949,NA
0.357179167136648,NA
0.262067501224728,NA
0.523495502747117,NA
0.476351518209437,NA
0.210925281778434,NA
0.154174590111887,NA
1.5408937186001,NA
1.58794775118168,NA
1.5408937186001,NA
-1.51309703933656,NA
0.371856348169077,NA
0.952086521782686,NA
1.18926097573546,NA
1.16982587825832,NA
0.668162280257005,NA
-2.35490496595389,NA
-1.44044063755528,NA
-1.44777838011281,NA
-2.02445628438613,NA
-2.31330306597961,NA
-2.27266047265728,NA
-2.05596170933343,NA
-2.09507210215632,NA
-2.27920878405552,NA
0.196111509414146,NA
0.158463723742939,NA
-1.04181040225963,NA
0.348759290742219,NA
-1.39417379515323,NA
-0.121886881682225,NA
0.309395289440132,NA
0.333797932080463,NA
0.0741926378007635,NA
0.359498906343768,NA
0.163196515998451,NA
0.158329722367345,NA
0.289484485266599,NA
0.305052236605793,NA
0.199507305569675,NA
0.23446652071463,NA
0.326909308727873,NA
0.456062209021766,NA
-0.959398358346048,NA
-1.16897008676076,NA
-1.55195685245845,NA
-1.60837555045936,NA
-1.55207934958867,NA
-0.528466538871101,NA
0.630604077705144,NA
0.794944124006937,NA
-0.178067210767817,NA
-0.252823040051396,NA
-0.127938189982768,NA
-0.332984832239981,NA
-0.579890704307824,NA
0.388595369175745,NA
-0.0866741922988889,NA
0.371474900843699,NA
0.435059210671573,NA
0.563171432451719,NA
-0.556080019091509,NA
-1.01041583719312,NA
-1.0228119080418,NA
-1.37771857611335,NA
-0.0438584430108425,NA
1.09452264378178,NA
0.0550789391215127,NA
0.480105968502665,NA
0.790819087566957,NA
0.786372018605465,NA
1.58379646380191,NA
0.399433125359124,NA
1.34644511761086,NA
2.33081004011594,NA
-0.092617278340691,NA
0.398134087603229,NA
-0.670083827777182,NA
-0.835555633006842,NA
-0.77037630049546,NA
-0.467163468718954,NA
-0.635272514879519,NA
0.0261444640168728,NA
-0.957832515748934,NA
-0.589282130138489,NA
-0.0273874485884675,NA
-0.960813504411109,NA
-0.475589282254634,NA
-0.952490348286632,NA
-0.896348838396709,NA
0.380070989858808,NA
-0.199366139070556,NA
0.128416845533123,NA
-1.48538470577384,NA
0.385239626585416,NA
0.476351518206493,NA
0.0504725861737777,NA
0.421686164329302,NA
-1.53447553231767,NA
-0.00847054380549538,NA
1.12553290516006,NA
-1.74064788241556,NA
1.40983008894947,NA
0.209447677617075,NA
1.5997410959722,NA
1.40983008894947,NA
1.40983008894947,NA
1.40983003329185,NA
0.519520589204261,NA
0.514659684869187,NA
0.923363998927459,NA
-1.33681701403983,NA
0.740904003483868,NA
-0.00101456339712138,NA
-0.0757466533884405,NA
0.768429579250539,NA
0.300817199248931,NA
2.29934563849058,NA
1.63821598767626,NA
-2.30823919015437,NA
-2.37232839774905,NA
0.469292314397383,NA
-2.29520991328046,NA
-2.33273421952692,NA
0.954752616470557,NA
-0.783564273559961,NA
-0.324635027844638,NA
1.55318001566481,NA
1.13246838742163,NA
-0.659096313931829,NA
-1.10007347746396,NA
0.132321670371281,NA
0.815719655065551,NA
0.815696770743444,NA
0.849580114041957,NA
1.12771724315945,NA
0.830970713254366,NA
0.994569697977681,NA
0.830907388845214,NA
0.994569682033925,NA
0.998894696477311,NA
0.397161053782626,NA
0.234315024053798,NA
0.302931096230209,NA
0.426539196043575,NA
-0.62290632746277,NA
-1.11865442832451,NA
0.856183392559189,NA
-0.704814202565396,NA
-0.357862258147021,NA
-0.0616067181568287,NA
0.891325235868856,NA
1.1013435711916,NA
0.286332741636815,NA
1.87013300827957,NA
0.764674712406832,NA
0.754132692638875,NA
0.0848287289224937,NA
0.790819087566957,NA
1.12530795637618,NA
1.029798896814,NA
0.346439227902694,NA
-0.0456478512435042,NA
-0.0456479182314694,NA
-0.0456478193941164,NA
0.77711393942406,NA
-0.0212006319866744,NA
-0.474234314216747,NA
0.0763306199593762,NA
0.173805551274162,NA
-0.486966078895533,NA
-0.488784020830022,NA
0.346501142122709,NA
-0.250569795955967,NA
-0.620163623063997,NA
-0.851196930909594,NA
-0.731437404606173,NA
1.08273778109917,NA
0.72452739853154,NA
0.175605332064112,NA
0.970626939090039,NA
-0.887632952237545,NA
1.19522052240899,NA
1.19524854618374,NA
1.44106942597607,NA
0.36254212166393,NA
0.484558435044264,NA
-1.09715030586745,NA
-1.56151575558136,NA
-0.368394500686,NA
-1.60020469260573,NA
-0.369029148325932,NA
-0.366892615926008,NA
-0.458869595700493,NA
-0.569089535623465,NA
-0.879231653144814,NA
-1.62356544450086,NA
-0.551062139125183,NA
-1.09460506033926,NA
-0.142994175220297,NA
0.63413299904536,NA
2.05891477927046,NA
-0.648399001791473,NA
-1.09536941537706,NA
-0.481599747049089,NA
0.361684041330129,NA
-0.500206491318325,NA
-0.126522446346797,NA
0.18934636473073,NA
-0.462599829371327,NA
-0.690573899289529,NA
0.263166763368671,NA
0.263166763368671,NA
0.263166763368671,NA
0.263166763368671,NA
1.12713127051925,NA
0.886534429345255,NA
2.31367173504911,NA
2.33081004011594,NA
-0.406741081363261,NA
-0.326291182453071,NA
-1.083593344886,NA
2.32761446060436,NA
2.32761446070812,NA
1.75169997795321,NA
2.0627990941462,NA
2.33081004011594,NA
2.33081004009497,NA
2.32761446060436,NA
1.76028029519568,NA
2.32761446070812,NA
1.85583641055833,NA
1.55937311163151,NA
1.94302442129332,NA
2.04121052159885,NA
2.32761446070812,NA
2.29939931725209,NA
2.0482117567859,NA
0.4346657252459,NA
-1.24945118015373,NA
0.0322690628940656,NA
0.0322690628940656,NA
0.0322690628940656,NA
-0.360478291207136,NA
0.0322595154350115,NA
0.0322595154350115,NA
0.0322690628940656,NA
0.787171523028842,NA
0.865367210112617,NA
0.578377932106941,NA
0.303397871813165,NA
0.749853988549457,NA
0.191058186950651,NA
0.523045799189567,NA
0.411219688856437,NA
0.164920229323738,NA
0.381686517796651,NA
0.668485858880558,NA
0.987839505942835,NA
-0.0940554466974149,NA
0.921391380141452,NA
0.463139519584469,NA
0.935205682492325,NA
0.734267954181002,NA
0.574267578735781,NA
0.932659110155414,NA
-1.53106551428774,NA
0.0584200501194828,NA
0.490651930016523,NA
-1.09230045152033,NA
-1.55341003710663,NA
-1.06702169934438,NA
-0.114559138117763,NA
-0.398375537353329,NA
0.324583301061263,NA
-1.47772887469173,NA
-1.03784784494994,NA
-0.292587686932835,NA
0.517266453490429,NA
0.803224431731085,NA
0.40786515995039,NA
0.408317897451521,NA
0.725659820589285,NA
-0.0346237821846649,NA
1.02131160284548,NA
1.0170758211578,NA
2.06279909414621,NA
2.29939931725209,NA
2.04270475945906,NA
2.04270475909437,NA
2.04270475909437,NA
2.33081004011594,NA
-1.64040006394197,NA
-0.0356097317186655,NA
0.0567784747642147,NA
-0.0356097317186655,NA
-0.0356097317186655,NA
0.0567784747642147,NA
0.0620737588619828,NA
0.0567784747642147,NA
-0.0356097317186655,NA
0.106158284633859,NA
1.46637375586899,NA
1.53830652148248,NA
1.53078898413907,NA
1.61539272719632,NA
1.52421409840411,NA
1.47734711602744,NA
1.50281848010943,NA
1.46211087905104,NA
-0.724881889588358,NA
-0.358596470560649,NA
-0.6035984517648,NA
-1.55354909718265,NA
-1.62857450403877,NA
-1.58345850279659,NA
-1.85416517753687,NA
0.497663747431121,NA
0.495809520419124,NA
0.495809520419124,NA
0.643025829614469,NA
-1.50562956792599,NA
-0.760123864216014,NA
-1.02969144085598,NA
-0.771540356109607,NA
0.360101376890306,NA
0.709645855939775,NA
1.16145818828772,NA
-0.48537266639477,NA
-0.48928818312183,NA
-0.505052780074293,NA
-0.48928818312183,NA
-0.486876304828076,NA
-0.489288183121825,NA
-0.630685760694678,NA
-0.485213459617,NA
-0.504882581737879,NA
-0.48928818312183,NA
-0.495928259477141,NA
-0.489524093708162,NA
-0.503189902617281,NA
-0.472969654221985,NA
-0.508100270215829,NA
-0.484931489133205,NA
-0.48928895089166,NA
-0.489288189545324,NA
-1.60817914111525,NA
0.0438488546821381,NA
0.154965242644466,NA
-1.4595591092141,NA
-0.546511637757936,NA
-0.79628716844082,NA
0.408294704325428,NA
-0.0801744228798913,NA
-0.0298250226397712,NA
-0.754203658459819,NA
-0.436354972276051,NA
-0.697178024442351,NA
-0.355743468897341,NA
0.416360303814674,NA
0.154592920799913,NA
0.351532351616585,NA
-0.801699171913767,NA
0.484132477592593,NA
0.77711393942406,NA
1.94302442129332,NA
-0.405240857593869,NA
-0.472428777010319,NA
-0.563876914776515,NA
-1.54208771197763,NA
-1.54377066844375,NA
-0.384747623171189,NA
-0.846328672135282,NA
-0.845710478235136,NA
0.362530838037044,NA
-0.199145709488524,NA
-1.56331554204937,NA
-0.600038381410037,NA
-0.572578513245293,NA
-0.51312703857213,NA
0.270976094964536,NA
-0.272196271276079,NA
-0.581421737125899,NA
0.0664445203967956,NA
0.192855874862341,NA
0.387895620109651,NA
0.339951705887783,NA
0.141975059028171,NA
0.235891305531099,NA
0.767746607442163,NA
0.436093245147447,NA
1.16980246004338,NA
1.69548211129102,NA
-0.956292373672158,NA
-0.645832593447294,NA
-0.0116234490279258,NA
0.247736968187976,NA
1.15836581677173,NA
0.257404012779992,NA
0.562485938366283,NA
0.257404012779992,NA
-0.503455254817778,NA
-0.563229300350404,NA
-0.796608478759835,NA
-1.04998164298058,NA
-0.0365956445736124,NA
1.12771724315945,NA
0.106273874880445,NA
0.280262209224234,NA
-0.571266233008519,NA
-0.409406665901446,NA
-0.430367316468022,NA
-0.404967309464588,NA
1.38615508808175,NA
0.155173924412785,NA
0.506881103954023,NA
0.453769422681121,NA
0.187562932934383,NA
-0.903455457379919,NA
-0.431843624109024,NA
-0.54018563456041,NA
-1.14519632224949,NA
0.91014548812187,NA
1.3356225039014,NA
0.435483338289528,NA
0.600234769395395,NA
0.52175055637457,NA
0.448650430243591,NA
-0.440488246926808,NA
0.00056172306228267,NA
-0.574880613940313,NA
-0.439652266312844,NA
0.292777521443847,NA
0.46366805648966,NA
0.336529386709113,NA
0.426866734357248,NA
0.335174574186358,NA
-0.559078581563876,NA
0.230505838937067,NA
0.265498120253847,NA
-0.495578907872624,NA
-0.717050376642563,NA
0.813639052364554,NA
0.858248084211592,NA
0.280651472567207,NA
0.338573255732012,NA
1.16545380368287,NA
1.12472253841314,NA
1.16831509895319,NA
2.04121117587195,NA
1.10322427784393,NA
1.31190346111666,NA
1.16949822976219,NA
0.827629359333057,NA
0.301240821876728,NA
0.704178001386308,NA
1.24953076749238,NA
1.58962225307726,NA
1.10671682871297,NA
1.1041734900915,NA
0.822197575033232,NA
-0.581037516964725,NA
-0.590431889343641,NA
-0.590431866732717,NA
0.136448344665649,NA
-0.649827876840777,NA
-0.0625305058103617,NA
-0.875843562299353,NA
-0.556341214002664,NA
-0.387438951547949,NA
-1.07750141217039,NA
-0.529400751978728,NA
0.395683418498106,NA
-0.0549160889872084,NA
0.0142753693635886,NA
0.282573199547512,NA
0.729638639174043,NA
-0.36376213437724,NA
-0.026906736505713,NA
0.395683418498106,NA
-0.515010570610425,NA
-0.567204858053169,NA
0.395683418498106,NA
-0.59043186697699,NA
-0.566192996479474,NA
-2.71523665505174,NA
0.790819087566957,NA
-1.57668631079095,NA
-1.55665711119813,NA
-1.58222274881566,NA
-1.59733965448856,NA
-1.67492283741104,NA
-1.61215474943384,NA
-1.61893022488382,NA
-1.58113762362732,NA
-1.55286339012494,NA
-1.61035549670708,NA
-1.58870148849778,NA
-1.42674005399153,NA
-1.56552082518295,NA
-1.56552082518295,NA
-1.597440302954,NA
-0.79570158400659,NA
0.211446308068678,NA
1.02275175136459,NA
-0.672608691971647,NA
0.0277916790759569,NA
0.845769473356133,NA
0.845769473356133,NA
0.330269414386836,NA
0.259189366720501,NA
0.363864907427065,NA
-0.644975650770394,NA
-0.491470610103671,NA
-0.4911904131379,NA
-0.529388483265099,NA
-0.529388476262486,NA
-0.530421144244311,NA
-0.491912213058143,NA
-0.503352774601467,NA
-0.508671093741703,NA
-0.492878779920526,NA
-0.476365924091411,NA
-0.493834562822797,NA
-0.522329091779803,NA
-0.658563730546705,NA
-0.512666683753038,NA
-0.490607423189427,NA
-0.514794979373742,NA
-0.529624417999024,NA
-0.559482497745892,NA
-0.530988257840303,NA
-0.494069882687784,NA
-0.512177586314684,NA
-0.505770972031768,NA
-0.485630470261135,NA
-0.488890615937918,NA
-0.50758049943208,NA
-0.485410703882368,NA
-0.513070215510665,NA
-0.494067978406382,NA
-0.534941211822323,NA
-0.471450274941494,NA
-0.523396311414767,NA
-0.506994980759559,NA
-0.60456541962139,NA
-0.491912213058143,NA
-0.508671093741703,NA
-0.4911904131379,NA
-0.529388483265099,NA
-0.514032332298544,NA
-0.616359905329626,NA
-0.50603966702981,NA
-0.491470620424518,NA
2.330797810771,NA
1.88763975008913,NA
2.0481917030844,NA
-0.634135824203916,NA
2.33081004011594,NA
0.419275569117186,NA
0.421233782314373,NA
0.24383433837524,NA
0.235427810255075,NA
0.1327935562892,NA
0.0292813893039207,NA
0.0150426777294397,NA
0.176676473322715,NA
0.235777448557763,NA
-0.486892030985751,NA
-1.3758257655357,NA
-0.507368709027294,NA
-1.55201199771505,NA
0.154965237969099,NA
0.168791082136023,NA
0.127918339762196,NA
-0.0756099693157223,NA
-1.21516810077282,NA
-0.148453387965262,NA
-0.378013995661185,NA
0.112749097899473,NA
0.0225980423768753,NA
0.0225980423768753,NA
-0.271285804018485,NA
-0.102478063469005,NA
0.154965237969099,NA
0.633368168269111,NA
0.546785079748158,NA
1.18876109857803,NA
0.579855156469867,NA
1.19364348443732,NA
0.332341514509337,NA
0.989273591974095,NA
0.993629390205578,NA
0.484052080028192,NA
0.907788834097709,NA
0.0944854643173046,NA
0.124715150677479,NA
0.5467850384353,NA
0.0120120390189179,NA
0.154174594177915,NA
0.213293942966444,NA
0.5467850384353,NA
0.61217363753295,NA
0.477193506113822,NA
0.136368800987848,NA
-1.04361965087356,NA
-1.63386682148575,NA
0.42503162799097,NA
0.462548655151175,NA
-1.18149924732681,NA
-1.14896177524811,NA
-1.08804307417441,NA
-0.956715409003241,NA
-1.16803006658092,NA
-0.610097732052445,NA
-0.810543133894729,NA
-0.899543614361533,NA
-1.08165022292723,NA
0.51313825176287,NA
0.622403511023862,NA
0.626706170748039,NA
0.419320055171274,NA
0.558662985213283,NA
0.472628081225925,NA
0.529580818914643,NA
0.996487397741463,NA
0.258508039661567,NA
0.11476467908941,NA
0.994904914625643,NA
1.62038458202838,NA
0.296403906081218,NA
0.0302570604864088,NA
-0.148820516786112,NA
-0.73234286250493,NA
-0.4121991988329,NA
-0.262794813957078,NA
1.32030883451295,NA
1.53385149387026,NA
1.28911732640374,NA
-0.119576776033749,NA
0.993629379262314,NA
0.211668813309644,NA
0.0699111657843027,NA
-0.0136337884395255,NA
1.2666174496788,NA
-0.764406936255468,NA
0.0438488546821381,NA
1.41235638035979,NA
0.563812660452843,NA
0.036767531866312,NA
0.212334210880923,NA
0.984784856545406,NA
1.06423663403444,NA
1.05735745642159,NA
1.12031354686461,NA
1.05524262544138,NA
1.06423663403444,NA
-0.0338655122329078,NA
0.514886781829907,NA
1.01844759833506,NA
1.05092193985058,NA
1.16497183515143,NA
1.16497183515143,NA
1.16497183515143,NA
1.16497183515143,NA
-1.04972294740109,NA
-0.00294839318259245,NA
1.55937299125663,NA
-0.731791381537828,NA
0.154084545380284,NA
0.437663118318297,NA
0.341261842195069,NA
0.356820021095019,NA
0.375027516760438,NA
0.265397427763655,NA
0.47637530807126,NA
2.02559027306555,NA
1.57564352702633,NA
1.87013300827957,NA
1.32803125171122,NA
2.05891477927046,NA
2.32761446070812,NA
0.225565938756851,NA
0.477605079139115,NA
0.579573478111357,NA
0.72388194005697,NA
0.165612751965987,NA
-1.02978673676442,NA
0.655150740129659,NA
0.209155711981734,NA
1.07537142265044,NA
-1.14826140733708,NA
-0.301097840235942,NA
0.420860432611816,NA
1.32374076085571,NA
1.0238341900963,NA
0.964148627777244,NA
1.95034382258974,NA
1.30537434986108,NA
1.62046299270336,NA
1.0573574564219,NA
0.929216402173632,NA
0.98646135713686,NA
1.61937360934085,NA
1.64612077824577,NA
2.0627990941462,NA
1.61822426071018,NA
2.06279909414621,NA
1.58794775118293,NA
1.95034382258974,NA
1.4002981537029,NA
1.38733763236573,NA
1.38812492205637,NA
1.39970428410707,NA
1.35779235680508,NA
1.49393218229456,NA
-1.58951102158194,NA
-1.58951102158194,NA
-1.57845085780494,NA
-0.355747286299159,NA
0.205124816365959,NA
-0.580134986710963,NA
-1.33294720144177,NA
-1.29673830460372,NA
0.440701207514772,NA
0.143380225790194,NA
-2.26264687080509,NA
0.0383556223839761,NA
0.0348453124227816,NA
0.0031808166238394,NA
0.00318081661102986,NA
-1.6814291067961,NA
-1.57879004504628,NA
-1.58874382633989,NA
-2.07368878993076,NA
0.838056834622802,NA
1.33093263670177,NA
0.364191645144665,NA
0.506930521602245,NA
1.55578188912826,NA
-0.895786796564601,NA
0.154123000387365,NA
0.356588979074993,NA
0.328323053277459,NA
0.0205185003985246,NA
0.328772428794173,NA
0.328772428794173,NA
0.328772428794173,NA
0.328323053277459,NA
-1.64406671383987,NA
-1.65466501888884,NA
0.331924178003407,NA
0.131817742910523,NA
0.293389475961289,NA
-0.377469971109489,NA
0.782810534308912,NA
-0.110404357277664,NA
-0.0211471423778292,NA
0.270068382492779,NA
-1.33556069096893,NA
0.778886729027091,NA
0.807198401340942,NA
0.781447748925838,NA
1.12530795637618,NA
-1.35853797375727,NA
0.886534429345255,NA
0.886534429345255,NA
0.374626003954902,NA
-0.724927366149797,NA
-0.0152612802747322,NA
-0.0197261592551639,NA
-0.683371459520427,NA
-0.96452079239581,NA
-1.0848331520043,NA
0.790819087566957,NA
-1.58855490269364,NA
0.328152958364616,NA
-0.0952615077034507,NA
-0.00524607607498487,NA
0.560269513635982,NA
0.761069385237025,NA
-0.901039140535434,NA
-1.09418599888128,NA
-0.918210806687139,NA
-0.848500629238787,NA
-0.848718961942231,NA
-0.136007588476537,NA
1.81705852405851,NA
0.546784450242681,NA
-0.475401117573055,NA
0.07538669108505,NA
-1.56605619484759,NA
0.345836988830715,NA
-0.0505425133940707,NA
0.154123001692998,NA
0.154389617886535,NA
-0.508671093741703,NA
-0.487343838309241,NA
-0.466697460947699,NA
-0.492263688283554,NA
-0.471398312438714,NA
-1.58810488751337,NA
-1.55781180314864,NA
-1.56703194751239,NA
-1.58799235607421,NA
-1.57555858955353,NA
0.12856430957777,NA
0.118337563411931,NA
-0.641370145903304,NA
-0.528565457834327,NA
-0.511032018840948,NA
-0.390155585447838,NA
-0.323861786021578,NA
0.848345933394673,NA
0.0598744904291049,NA
0.0999666084068658,NA
0.654964097272161,NA
-0.0394468846373458,NA
-0.0734050879127731,NA
-0.114432484613178,NA
-0.304154016134882,NA
-1.5689827303077,NA
0.154965237969099,NA
0.154965237969099,NA
0.154965237969099,NA
-0.156813700294318,NA
-1.60249114804409,NA
0.323320717509612,NA
1.0092045476385,NA
1.04207474100997,NA
0.28269026146875,NA
0.497785458490468,NA
0.799145838960762,NA
1.06685495604997,NA
1.16487193057374,NA
1.38541456269204,NA
1.06684581174081,NA
1.38541453780379,NA
0.914716747441822,NA
0.420685642633389,NA
1.4939323282694,NA
0.863691429447542,NA
1.86935894568114,NA
0.740107133351911,NA
1.16607629985665,NA
0.759106558499668,NA
1.10844942607407,NA
1.16622229089912,NA
1.06684581174081,NA
0.830659180021854,NA
1.06453281532881,NA
0.313156025679369,NA
1.04491562889629,NA
1.04262508552183,NA
1.61539263954824,NA
0.964937112897351,NA
0.305051819911905,NA
-0.0347921896253309,NA
0.164146992888174,NA
-2.22824123085965,NA
-1.40804700676487,NA
0.41576872715257,NA
0.541899798648906,NA
0.461161743978783,NA
0.467619034179247,NA
-0.53832227099139,NA
-0.539352332126602,NA
0.790819087566957,NA
-1.43451261590778,NA
-0.426748253852418,NA
-0.47242877699513,NA
-0.498403038660543,NA
-1.34377950251816,NA
-0.443206970125641,NA
-0.0473440243143496,NA
-0.937415048038614,NA
-0.340691178675015,NA
-0.846234112202896,NA
-1.58854008795513,NA
-0.322874570049137,NA
-0.471996159613541,NA
0.738128800105809,NA
0.453741666632636,NA
0.641209724363953,NA
-1.03019307715638,NA
-0.514278670182278,NA
0.272337541551434,NA
-0.351188008693761,NA
-0.525156539414494,NA
0.244870039183371,NA
-1.57140140889653,NA
-0.793685217313809,NA
0.47850839130864,NA
0.45289917437972,NA
-0.0973755871432415,NA
-0.711004366940927,NA
-0.270450048588439,NA
-0.948677981344865,NA
-1.0825519427767,NA
-0.746496345092481,NA
-0.930961657902127,NA
-1.06711771055569,NA
-0.496766469005946,NA
-0.846234112202896,NA
2.29939931725209,NA
0.952088357144536,NA
1.04195397328508,NA
-0.81155847555066,NA
-0.719824269637337,NA
-0.231230517782511,NA
-0.419413687385618,NA
-0.13853925370457,NA
-1.58956121629179,NA
-1.58956121629179,NA
-1.58956121629179,NA
-1.57668629814864,NA
-0.357630700347126,NA
-0.466118991657094,NA
-1.59645561332741,NA
-1.61308752815512,NA
-1.62352220515717,NA
0.988882371546277,NA
1.12031354686474,NA
0.757728344121692,NA
0.0908340863243009,NA
0.0403803004267436,NA
1.06349035203637,NA
0.128007290587825,NA
-0.671087707258138,NA
-0.833728132586579,NA
-0.513496290593849,NA
-0.801832279361867,NA
-0.183906240270833,NA
-0.424074163377368,NA
-0.492727713690844,NA
-0.272536312247515,NA
-0.36142390108797,NA
0.783259666017079,NA
2.06279909414621,NA
0.297442685056806,NA
0.907596106330393,NA
2.04270475909437,NA
1.09286693717105,NA
2.04270475909437,NA
2.05891477927046,NA
2.05891477927046,NA
2.05891477927046,NA
2.05891477927046,NA
2.05891477927046,NA
1.40983008894947,NA
1.09574122635305,NA
1.25663514049755,NA
1.33962717964936,NA
1.33962717964936,NA
1.40075268313147,NA
1.05261167074543,NA
0.486907257061506,NA
1.14073087920573,NA
1.33962679438182,NA
0.577319813100077,NA
0.225243906289976,NA
0.245426820577972,NA
1.12827479004518,NA
1.03972726363293,NA
1.16174686296969,NA
0.216376607070004,NA
1.40701876484531,NA
1.45273797342686,NA
0.352330234945167,NA
-0.946834237688025,NA
-0.0433681768954719,NA
-0.726591463162981,NA
-0.54965717761877,NA
-0.0692595162384311,NA
0.114330555600223,NA
0.391853222351307,NA
0.514790619729251,NA
1.95034382258974,NA
0.904820948131894,NA
0.511680929532268,NA
0.360116151939477,NA
0.511066919339325,NA
-0.36072086789539,NA
0.116840100782545,NA
0.653229497997427,NA
0.653230593711699,NA
0.613679230003889,NA
0.653230811818203,NA
-1.33497472376261,NA
-1.56613281356926,NA
-1.56613281356926,NA
-1.33497472376261,NA
-0.126599809150869,NA
-0.250029209394532,NA
-0.878083381605786,NA
-0.573777699599502,NA
0.157784947420438,NA
0.0451710762791563,NA
-1.0211358139181,NA
-0.0127566862373205,NA
0.150840476825808,NA
0.0143216931555199,NA
0.837045509224075,NA
0.790581142814766,NA
-0.855973679606053,NA
0.131187227672463,NA
-0.013633768284598,NA
0.154174567761502,NA
0.590459244955143,NA
0.0193829363650496,NA
-0.116892710688735,NA
0.311266150681574,NA
-1.10782495907979,NA
1.38959633059629,NA
1.49818220387669,NA
-1.18052260764425,NA
1.02280965189817,NA
0.737722386077151,NA
1.49045444745607,NA
-1.56324211067329,NA
-0.653658386386968,NA
-0.655638419628882,NA
0.91034552156624,NA
0.420660532432471,NA
0.420660532432471,NA
1.15127814956763,NA
1.81315052386426,NA
1.39028762317801,NA
1.02394907478045,NA
0.707804828902182,NA
-1.06872565209939,NA
-1.09645522612921,NA
0.41983685996692,NA
1.00309923896337,NA
1.17934349979002,NA
0.717228105124172,NA
0.82883428313624,NA
0.26745704772348,NA
0.863723680837486,NA
0.685289918277671,NA
0.530412303227653,NA
0.863723680846128,NA
0.0682386229395338,NA
0.0682386229395338,NA
-0.138337044332119,NA
-2.30254836246877,NA
-1.60383480179786,NA
-1.59912521714302,NA
-1.58194884711221,NA
-1.65755045940871,NA
0.0461440338141904,NA
0.479540739388571,NA
0.479614477026475,NA
-0.467227785587404,NA
0.320856500995472,NA
-0.495253623542173,NA
-1.60776038294818,NA
1.02396012776799,NA
0.761332941100157,NA
1.05948548315931,NA
1.43582264161862,NA
1.43582264161862,NA
1.583796368792,NA
1.33268192035801,NA
0.813812988623601,NA
1.12032502440106,NA
-1.53082448874375,NA
-0.256204724488463,NA
-0.763256796649991,NA
-0.833259153993953,NA
0.405756411370051,NA
-0.308906940470072,NA
-0.699433046427445,NA
-1.54956282767839,NA
-1.80557628201758,NA
-0.661120076495893,NA
0.647692501556564,NA
0.41046381245282,NA
1.11396732819617,NA
0.979275793885086,NA
-0.0492701162120079,NA
0.294851088011399,NA
0.339664546815922,NA
0.307028452773561,NA
0.348189808457275,NA
0.0866508357852472,NA
0.462824952578013,NA
0.283027694530085,NA
0.141152629204726,NA
0.333643438168308,NA
0.225243906289976,NA
-1.5325946445213,NA
1.26226675368361,NA
0.671336393911296,NA
0.671336393911296,NA
0.671336393911296,NA
0.671336393911296,NA
0.671336393911296,NA
0.444158834144693,NA
0.663469947842587,NA
0.404127076847689,NA
0.281761301485628,NA
0.320275383564698,NA
0.28006292279971,NA
0.308396326296325,NA
-2.32201278342447,NA
-2.37386312521704,NA
0.154174586168969,NA
0.154965237969099,NA
0.195141044875155,NA
0.154965237969099,NA
0.10171056934012,NA
-0.698056377341964,NA
-0.574355599930096,NA
-0.888589867624717,NA
-0.80440851671628,NA
0.222858615278059,NA
-0.123309816298398,NA
-0.674227856248144,NA
0.294996760763512,NA
0.0381462047345965,NA
-1.49318337316681,NA
-0.748333907552449,NA
-0.151472758214078,NA
-0.151472757118912,NA
-0.136243646424957,NA
-0.443071401621426,NA
-1.56540773993121,NA
1.26519473908924,NA
1.33268115044685,NA
1.09278541256053,NA
0.510864007625143,NA
1.1258446015078,NA
0.934319637771979,NA
0.532139624864095,NA
0.783259911632916,NA
0.548676517788501,NA
1.41159142116056,NA
1.57564359990054,NA
1.57564352702633,NA
1.61691563180037,NA
1.66413762491236,NA
1.69537925296028,NA
2.2993993184552,NA
1.76028024256311,NA
2.05891477927046,NA
1.14171965144382,NA
2.05891477927046,NA
2.32761446070812,NA
1.10941905558532,NA
0.343940533514457,NA
1.3278852826476,NA
1.36973021332796,NA
0.248219979079059,NA
0.313628190635915,NA
1.14181015141444,NA
1.51474477611664,NA
0.502746764156099,NA
1.67916343116129,NA
1.66413762671556,NA
1.34334257031177,NA
1.15779784554135,NA
1.04852708763478,NA
-1.39891514580517,NA
1.24617108004265,NA
1.3945758542637,NA
1.32803124296697,NA
0.907798112698654,NA
1.51384618845623,NA
1.21551226062325,NA
1.43670661661888,NA
1.12031354686474,NA
0.97582560818643,NA
0.60059381901555,NA
0.97582560818643,NA
0.484275994649751,NA
0.677126721579499,NA
0.582191271528842,NA
1.44186138646643,NA
0.826629350052741,NA
0.826629350052741,NA
1.15185953378722,NA
-0.976773034761726,NA
-0.980284547608694,NA
-1.80557628201758,NA
-1.49908281142667,NA
-1.94587509541328,NA
0.654155145734199,NA
0.513530989741538,NA
0.398093064064298,NA
-1.53861963006253,NA
-1.41965416571216,NA
-1.3097307235649,NA
-1.20989940623051,NA
-1.3084325766355,NA
-0.126265719504422,NA
-1.45061513021364,NA
-0.0105739367685014,NA
0.119283641598028,NA
-0.384282519225092,NA
-0.507924078271025,NA
0.0378168656669007,NA
0.590476837241471,NA
1.12530795637618,NA
1.05948548123191,NA
1.12032503697843,NA
0.0902702667753425,NA
0.176864313329712,NA
0.848345398530203,NA
0.178693017889823,NA
0.392180994058262,NA
0.254060242350616,NA
0.36085049569522,NA
0.0442131928127969,NA
-0.485528048113126,NA
-0.474319765475144,NA
-0.685220978432722,NA
-0.851196930909594,NA
0.169884659414905,NA
-0.849497894543863,NA
-1.6768194120993,NA
-0.995067021224517,NA
1.09575546839771,NA
-1.14366262073916,NA
-1.03439749271462,NA
-1.13540748737094,NA
-1.52277359501557,NA
-0.608587590162032,NA
-1.66947554257913,NA
-1.6693488386566,NA
0.506881103954023,NA
0.506881103954023,NA
-1.53548988471467,NA
-0.0551576056604869,NA
-0.625956796233143,NA
-0.676603601839063,NA
-0.390802030754227,NA
-0.676595262543368,NA
-1.55849503927939,NA
0.135937101086491,NA
-1.6579147466987,NA
0.456801574991278,NA
0.456801574991278,NA
-0.439664650397937,NA
-0.711007774647341,NA
-1.60141316076605,NA
-0.648373507393718,NA
-0.344644176730782,NA
-0.359358140321823,NA
0.464371213506891,NA
0.662949809626512,NA
0.73535817275598,NA
0.50471251487248,NA
-0.43059236703656,NA
-0.283681674402141,NA
0.601488728769043,NA
-0.555266013926304,NA
-0.667773152364892,NA
-0.0893491655805562,NA
0.123193481084823,NA
0.196111509414146,NA
0.263753754414249,NA
-0.325122161311048,NA
-0.638924478468317,NA
-0.178175235045507,NA
-0.935053179626011,NA
-0.57552391977709,NA
-1.58881621883935,NA
-0.624161888049766,NA
-0.979368992911239,NA
-1.20551788955048,NA
-1.00350053450555,NA
-0.875900095684736,NA
-0.939314157680977,NA
0.280261349174358,NA
-0.291436345523745,NA
-0.385138322997542,NA
-0.183906240270833,NA
-0.901039140535434,NA
0.45799184200707,NA
-1.19418453576749,NA
0.288071820297654,NA
-0.98519419237979,NA
-0.291436345523745,NA
-0.900839321479132,NA
-2.30075450631229,NA
-2.37353149495331,NA
-1.85416517753687,NA
0.537698188376918,NA
0.529527989005702,NA
-1.53204813937542,NA
-1.54550547279716,NA
0.54421154391035,NA
-0.508543632480135,NA
-1.021070484983,NA
-0.501179290177486,NA
-1.3840559475109,NA
0.491449364990519,NA
1.2838851988812,NA
0.0271313220266555,NA
-0.708180082204623,NA
-0.501054411755904,NA
-0.243827031666276,NA
-0.833690545582731,NA
1.1366806733951,NA
1.1364271406,NA
1.75272868022802,NA
1.75272844634643,NA
1.75266479081344,NA
-0.0500583212325487,NA
0.0179191367129521,NA
0.474841472398912,NA
0.180853773349078,NA
-0.267302299290975,NA
-1.56331554204937,NA
0.296320708905109,NA
-0.0312740023560179,NA
-0.0484903150382969,NA
0.577983984084058,NA
0.263871351961856,NA
0.502932600238202,NA
0.470846408765893,NA
-0.621789262012411,NA
1.27395461975782,NA
0.606736224017999,NA
0.994793748635569,NA
-0.580073520279011,NA
-0.4926250425439,NA
-0.621167590220702,NA
-1.08342314963989,NA
0.426313652478699,NA
0.237926251410025,NA
0.398093064064298,NA
0.368161460875731,NA
1.16169000762038,NA
0.638057708343503,NA
0.0310089559785316,NA
-0.360328142230207,NA
-0.360328142285488,NA
-1.10240557375831,NA
0.539909456077953,NA
0.979275793885086,NA
0.539909456077953,NA
-0.0322139080231138,NA
-0.27942038580756,NA
0.441619579830448,NA
0.124846158019495,NA
0.169884833764313,NA
0.886104382091752,NA
0.811549524072503,NA
0.538621719470409,NA
-0.675968939109552,NA
-0.0962725493220833,NA
-0.159680136134636,NA
0.475740274443699,NA
0.405770100201484,NA
0.425695213437115,NA
0.851857976037316,NA
1.0247527133993,NA
0.48450950198534,NA
1.4496535906462,NA
-0.0574097184514874,NA
1.1331439457626,NA
0.473969159903562,NA
0.154965237969099,NA
0.154965249066567,NA
1.14482421888762,NA
0.19492691903206,NA
0.638768611898437,NA
0.490732370625996,NA
0.464807188778637,NA
0.227684390754134,NA
0.704572506065849,NA
0.1611460425141,NA
-1.23693625634465,NA
-1.61546557051379,NA
-0.676322281224717,NA
-0.470722492120697,NA
-0.0866741922376713,NA
-0.982447030397939,NA
-0.999299732610106,NA
0.440068021675966,NA
0.032372782280807,NA
0.187983218317185,NA
0.12841685499889,NA
0.128416845533123,NA
0.148315455423683,NA
0.102177194225633,NA
-0.0500583212325487,NA
0.0591993006444358,NA
-0.0456479182314694,NA
-0.262668897109589,NA
-0.19448130792905,NA
-0.0456479182314694,NA
0.123213774843336,NA
0.106257305267257,NA
1.12630466527424,NA
0.830890136149315,NA
1.05735745642159,NA
1.05735745642159,NA
1.05735745642159,NA
0.830890136149315,NA
1.36754792949419,NA
0.867153166310313,NA
0.213910686290401,NA
0.377256586513289,NA
-1.54906313366182,NA
0.603845961461214,NA
0.756986655275529,NA
0.588630178069672,NA
0.907021907963118,NA
0.988530125954729,NA
1.06423663403444,NA
1.09950715860547,NA
1.09950715860547,NA
-0.952996093556313,NA
1.02130767213221,NA
0.907021907963118,NA
0.993625359857548,NA
0.148035364204811,NA
1.12771724315945,NA
-1.60034564070238,NA
-1.67655194191041,NA
-1.70607391048158,NA
-1.4560545616717,NA
-1.4174929572149,NA
-1.57666639676989,NA
0.506881103954023,NA
-0.475328616709724,NA
-0.119724685759257,NA
-0.160942372482938,NA
-0.528908452956977,NA
1.69548216003746,NA
-0.666278035776663,NA
1.81545958603627,NA
1.74961761466469,NA
1.61539263954824,NA
1.15709215266681,NA
1.16545380368287,NA
0.193518688467756,NA
0.375047646595812,NA
0.681604920120658,NA
0.321795435434041,NA
0.666956742539282,NA
0.0206266470813135,NA
0.167300360380365,NA
-0.00291664595447594,NA
0.154965237969099,NA
0.154965237969099,NA
0.154965237969099,NA
0.154965237969099,NA
0.290732374334862,NA
0.42043883172688,NA
0.290732374334862,NA
0.194432114880476,NA
0.247846371317211,NA
-0.142168474635157,NA
0.237329833389906,NA
0.193340719476992,NA
-0.618657194378147,NA
0.882115377110964,NA
-1.08646522006664,NA
-0.940335298840748,NA
-1.11845932093732,NA
-1.15877393279181,NA
-0.940335298840748,NA
-1.23632075098955,NA
-1.34579873699965,NA
-0.847762955916875,NA
0.513379525255937,NA
0.527020458170469,NA
0.188650847681277,NA
0.463804612565816,NA
0.422656800953076,NA
0.536583180895242,NA
0.498273400293896,NA
0.498273499178117,NA
0.50643307881598,NA
-1.55190914125081,NA
-1.68606914053138,NA
0.77711393942406,NA
0.0956920645369798,NA
-0.174197279038085,NA
-0.263651940845671,NA
-0.549653720185272,NA
-0.954011652457252,NA
-0.835755318414077,NA
-0.371186285858667,NA
-0.371186285858667,NA
-0.3844445168148,NA
-0.314422565624301,NA
-0.322934148777347,NA
-0.516698984188965,NA
-0.334330570157964,NA
-0.0162240026890144,NA
0.195056800841701,NA
-0.287648288122214,NA
-0.208599037747193,NA
-0.208599037747193,NA
-0.383257978687685,NA
-0.383257995801977,NA
-0.958665040965359,NA
-0.942071391636591,NA
-0.935358076187833,NA
-0.855404973682326,NA
-0.948877454225223,NA
-0.797025448011223,NA
-2.33204200449215,NA
-1.10734043188957,NA
-0.945202838473344,NA
-0.616577632879449,NA
-0.560761488066779,NA
-0.600318632978959,NA
-0.740492648377866,NA
-0.807693050424708,NA
0.137527846922594,NA
0.192764650063576,NA
0.208484253174595,NA
0.295034783781279,NA
0.2540138328976,NA
0.315384898693065,NA
-1.56691778698552,NA
-1.66561497888065,NA
-1.62687965015323,NA
0.103821224857962,NA
-1.09283640644363,NA
0.142641291908612,NA
0.34416808539385,NA
-0.13599414700819,NA
0.0448148853628006,NA
0.0107415447078167,NA
0.847237559867312,NA
0.251548427322885,NA
0.089794286913456,NA
0.262894634968087,NA
-1.61852699531892,NA
0.0092823684069326,NA
0.193192234033098,NA
-0.497215858607527,NA
0.15718090678278,NA
0.238614243681273,NA
0.224330717470897,NA
0.111219492871271,NA
-2.18013100752466,NA
-2.31350490113216,NA
-1.8785167214274,NA
-0.828342523069497,NA
-0.349912091529947,NA
-1.13060951755597,NA
-0.788312070016638,NA
-1.0595949951009,NA
0.0564570735525579,NA
0.420446661226863,NA
-0.424455031060219,NA
-0.720583766141398,NA
-0.873233357933654,NA
0.624853733252705,NA
1.36968362223485,NA
2.0627990941462,NA
1.61824074153112,NA
1.10636210736275,NA
1.59462355254503,NA
2.29331624681686,NA
1.61270041679833,NA
1.6906668754744,NA
1.38110341101639,NA
1.4786339919604,NA
0.570707988224272,NA
1.65075119569444,NA
1.69669754609649,NA
1.31635363463878,NA
1.23885339851682,NA
1.43582264161862,NA
1.41926783865735,NA
0.265743405000566,NA
0.469092722798363,NA
-0.270216481279295,NA
-0.0412259043252947,NA
0.443239823085536,NA
0.469076565349168,NA
0.470815835933746,NA
0.37772421890425,NA
0.484292745785793,NA
-1.48468021386142,NA
-0.687390500222973,NA
-0.812485126844538,NA
-0.171292864290319,NA
-0.372555587402724,NA
0.103216021411572,NA
-0.475328616709724,NA
0.352969655766855,NA
-0.161066210356242,NA
-0.872491922916489,NA
-0.598404403718409,NA
-1.54673304009746,NA
-0.956558574160467,NA
0.0768202004406152,NA
0.443298073008296,NA
-1.0988160831039,NA
-1.09664897413146,NA
0.167794227504538,NA
0.503800175170121,NA
0.126281479867468,NA
0.429187204425236,NA
1.56033062169435,NA
1.43582264161862,NA
1.75038313902127,NA
1.43582264161862,NA
-1.1233626609604,NA
0.0221003087354987,NA
0.988975512504688,NA
-1.56331554204937,NA
-0.620163623063997,NA
0.72452739853154,NA
0.154965237969099,NA
0.154965237969099,NA
0.154965232187117,NA
0.154965237969099,NA
0.154965241004038,NA
0.154965237969099,NA
0.0974123898893157,NA
1.62038667220703,NA
-0.340691178675015,NA
-1.44482362329941,NA
-1.16822529435862,NA
-1.95286398565262,NA
0.290732374334862,NA
-2.3410635312752,NA
0.808435442615682,NA
0.788546704039245,NA
0.31886368007531,NA
0.199347145583632,NA
-0.775335634426152,NA
-0.770877248062992,NA
0.506881103954023,NA
0.539811222514058,NA
-0.483280720440002,NA
0.293139518755992,NA
-0.124501037382855,NA
-0.496522809466134,NA
-0.636102821586881,NA
-0.122458616540832,NA
-0.242586383853383,NA
0.343222539244901,NA
-0.874537881396168,NA
-0.409898590261775,NA
0.0812717467905244,NA
-0.53811295451021,NA
-1.03986517952268,NA
0.344581995196868,NA
0.0553483652414135,NA
0.279144172978506,NA
-1.11094078930844,NA
-1.21004709616625,NA
-1.28406393284277,NA
-0.503039460500076,NA
-0.650503275755504,NA
-0.731437404606173,NA
0.0537170507546505,NA
-0.155674728676996,NA
-0.789738123688968,NA
-0.790977599318952,NA
-0.917235340804338,NA
0.154913073682991,NA
0.154965237969099,NA
-1.68142871225838,NA
-1.68284509986235,NA
-1.68139206742927,NA
-1.72668289155404,NA
-1.68142872127578,NA
-1.71795377052992,NA
-1.72668289155404,NA
-1.68139167230564,NA
1.53384380662648,NA
0.165068827607908,NA
1.09279908723324,NA
1.63659517010725,NA
1.62046299270336,NA
0.795750672048214,NA
2.32761446070812,NA
1.16323294196498,NA
0.962406030893968,NA
-0.391038680144597,NA
2.04270475945906,NA
-0.391038680144597,NA
1.61270045932505,NA
1.39456715547428,NA
1.39456715547428,NA
1.33320372271004,NA
0.59128088342103,NA
1.88767789773933,NA
1.240392578993,NA
-0.112694031633927,NA
1.58929168798306,NA
1.58379644043139,NA
1.52205188211212,NA
2.32761446070812,NA
1.58379644043139,NA
1.36385232518475,NA
1.95034382258974,NA
1.15732670672808,NA
2.32761446060436,NA
2.33081004009497,NA
1.33343722354105,NA
1.58223312646581,NA
1.68077189271994,NA
1.58223312646581,NA
1.35928357262727,NA
1.74167874463741,NA
1.66413762671556,NA
1.54580058664524,NA
1.58929156509443,NA
1.55937299125663,NA
2.32761446060436,NA
1.94302442129332,NA
1.01849631608717,NA
1.6461207757594,NA
1.08245604190498,NA
1.52167625856143,NA
1.54132010839996,NA
1.55937299125663,NA
2.32761446070812,NA
1.94302442129332,NA
2.04121052203819,NA
1.01849631608717,NA
2.04270475909437,NA
2.02538667815764,NA
2.04121052203819,NA
1.12531021454078,NA
0.0276157613876768,NA
0.00739136394571233,NA
0.0325306876797725,NA
-0.239778841903821,NA
-0.48303111079492,NA
-0.00719740863781065,NA
-0.374053428149693,NA
0.121917251436479,NA
-0.345168075272467,NA
-0.302186348048601,NA
0.0607114606738034,NA
0.39867314464806,NA
0.377492469904685,NA
-0.401711175224652,NA
0.154965241004038,NA
0.154965235222055,NA
0.154965237969099,NA
0.154965237969099,NA
0.27540249660283,NA
0.298060315537887,NA
0.290713943947861,NA
-1.5771311982446,NA
0.35909375578663,NA
0.0711371685093237,NA
0.515764843280985,NA
0.515764843280985,NA
-2.30513249743026,NA
-2.37584047642929,NA
-0.507924158217757,NA
-1.58796492182184,NA
-1.3758257655357,NA
-0.132282301012798,NA
-1.51572455759319,NA
-0.868672664097119,NA
-0.495691591695137,NA
-0.538250396214429,NA
-0.507924158217757,NA
-1.54394723797518,NA
-1.57522896120984,NA
-0.0912655046505801,NA
0.148386547763068,NA
-0.0456479182314694,NA
0.225806974467021,NA
-0.0034377244224345,NA
-1.135174904092,NA
-1.15830404480325,NA
-1.73358098250944,NA
-0.492802233782978,NA
-1.55327281891183,NA
-1.15275770706005,NA
-1.3973276295688,NA
-1.25044368303786,NA
-1.00620991599056,NA
0.610047097713536,NA
0.424066582568754,NA
0.425598575482261,NA
0.425598556872177,NA
0.688766735933393,NA
0.358332553822155,NA
2.32761446070812,NA
0.728800812112152,NA
0.447595454607745,NA
0.465920028457972,NA
0.505927392225705,NA
0.437969870753952,NA
-0.206872305273109,NA
-1.27336401107333,NA
0.610047097713536,NA
-0.0758884289682119,NA
0.75978338943378,NA
0.245048804939519,NA
0.0841228238866921,NA
0.174899265197175,NA
0.711332239590031,NA
1.09166530146871,NA
1.43582264161862,NA
1.33268192035801,NA
0.859996889364957,NA
1.40983008894947,NA
1.33347864361016,NA
1.32274870963754,NA
2.33081004011594,NA
0.799676510232819,NA
0.766570551016183,NA
0.489948723980311,NA
-0.605428080629695,NA
-0.712732987061264,NA
-1.58856972373824,NA
0.469077990345566,NA
0.0411385114831432,NA
0.738246627161296,NA
0.786723538614931,NA
0.280134988417379,NA
-0.306645921993142,NA
-0.123309816298398,NA
1.5458006476352,NA
1.02130767213221,NA
1.36968359636794,NA
2.02538667990763,NA
0.460488629816233,NA
0.460488629816233,NA
0.600720039966047,NA
0.786789770776161,NA
-2.31297026460827,NA
-2.32198740303784,NA
-0.71870104840166,NA
2.2993993184552,NA
0.11619741163373,NA
2.2993993184552,NA
2.05891477911518,NA
2.04270475909437,NA
-2.37354401989314,NA
-1.57871331214887,NA
0.506881103954023,NA
-1.4923577014503,NA
0.0773273829974716,NA
-0.338855888811484,NA
0.198828356920276,NA
-0.392412049685068,NA
0.329789677656716,NA
-0.741128072429761,NA
-0.590900688959166,NA
-0.326629306026664,NA
-1.54973353263805,NA
-1.16186564544567,NA
-1.62565469282705,NA
-0.0142699552044175,NA
-0.0574293321526366,NA
0.0318706408165768,NA
0.100494187579525,NA
0.152303744809982,NA
-1.08342314874325,NA
-0.349761874952029,NA
-0.602077264342264,NA
-0.840938708139466,NA
-1.59138327520161,NA
-0.340691178675015,NA
-0.129117332820402,NA
-0.708448421516423,NA
-0.913960609491321,NA
-0.556349610143229,NA
-0.846234112202896,NA
-1.08692461074317,NA
-1.597440302954,NA
-1.45679322273683,NA
-0.113539048424003,NA
0.0065819623381303,NA
0.692500093053665,NA
0.079097476840984,NA
0.0419562290160522,NA
0.466778620344691,NA
0.476332152687803,NA
-0.297744467866261,NA
0.531965408567709,NA
0.509048890323759,NA
-0.150365087811605,NA
0.505086753726734,NA
0.527936626886377,NA
0.45123325611394,NA
0.478639585512842,NA
0.482315646299974,NA
0.462780887688183,NA
0.478639585512842,NA
0.30152114411281,NA
0.194626115950805,NA
0.177551969335591,NA
0.527660686351826,NA
-0.296663716818042,NA
-0.274014993084936,NA
-0.256120093904721,NA
-0.195442629038058,NA
-1.00304319412285,NA
-0.65611500561647,NA
0.114366868562056,NA
0.0490645812602824,NA
0.0162025715128976,NA
0.121587617756289,NA
0.126742403693536,NA
-0.114960271287535,NA
0.00136167395970376,NA
-0.0746644529465214,NA
-0.450934370582044,NA
0.0467636878554699,NA
-1.14892158235632,NA
0.154965237969099,NA
0.146008210342343,NA
-2.38617495596321,NA
-2.38001028263477,NA
0.312896044047865,NA
0.313030248514175,NA
-0.013633768284598,NA
2.33081004011594,NA
0.983667720741494,NA
0.111870576404466,NA
0.323092409831435,NA
0.817520046127974,NA
0.832245607627465,NA
0.81629452866657,NA
1.76754878272479,NA
1.94302442129332,NA
-1.57522896120984,NA
-1.51442287722714,NA
-1.5752324873689,NA
-1.54135887661751,NA
-1.53113624701685,NA
-1.54133655626275,NA
-0.509587241733808,NA
-0.611253867790264,NA
-0.0664327469179926,NA
-1.68592213842642,NA
-1.57992113641429,NA
-1.61633938103981,NA
-0.981757478066486,NA
-0.637317050710422,NA
-0.819114947383636,NA
-1.43314173186863,NA
-0.672032526384452,NA
-0.788822096320273,NA
-1.54290214397795,NA
-0.667900842371689,NA
-1.53257992090454,NA
-1.66241765371299,NA
-1.61409117731079,NA
-1.59152521742973,NA
0.118035070534004,NA
0.969053992406162,NA
-1.51733339191981,NA
-1.58852555312278,NA
-1.61856821259797,NA
-1.62956154774474,NA
0.169884833764313,NA
-1.15071229025283,NA
-1.59769707804957,NA
-0.702406647664451,NA
-1.10654242912415,NA
0.626699940066533,NA
0.370947583313431,NA
0.739915509116385,NA
1.58379632822743,NA
0.118695091776157,NA
1.52167620059648,NA
1.94302442129332,NA
0.0665703138051382,NA
0.721273529100653,NA
0.756026523683095,NA
0.609719430599128,NA
-0.0135828309272858,NA
0.195141046191054,NA
0.150840460520497,NA
0.162972631364484,NA
0.154965239609528,NA
1.61898778659276,NA
0.238712255602843,NA
0.418010079436612,NA
0.29802442917372,NA
0.295542620296345,NA
0.308816995258299,NA
-0.708550209463992,NA
-0.440211736966851,NA
-0.55913906629912,NA
-1.33631768672454,NA
0.805064384352492,NA
-0.925261667591352,NA
0.539075428208936,NA
0.461230517189298,NA
0.485092608989693,NA
-2.05249197511171,NA
-1.52950950456285,NA
-0.506552107212174,NA
0.419204326779118,NA
0.195455403857471,NA
0.438900895238254,NA
1.12599310561137,NA
-2.6918266720424,NA
-0.488582339506429,NA
-0.506620172279193,NA
-1.04777190759917,NA
-0.225786806589867,NA
0.262294257024987,NA
-1.72861400435106,NA
2.31367173504911,NA
2.31367173504911,NA
0.879692143660663,NA
-0.299501860066923,NA
0.998223601492049,NA
0.782506840412351,NA
2.3136717352964,NA
2.05891477927046,NA
1.33313034568347,NA
-1.11191879301932,NA
0.0860541392674643,NA
-0.0572145262543768,NA
0.0404430700248037,NA
-0.0514829550498063,NA
0.103420133719127,NA
-0.00902742347837586,NA
0.139392939853685,NA
0.0252221072730612,NA
0.444545884453785,NA
0.0150359851801858,NA
-0.742385069721708,NA
-0.974481995017321,NA
-0.974481995017321,NA
0.788840839694305,NA
0.297442685056806,NA
0.959370107821322,NA
2.33081004011594,NA
2.33081004011594,NA
1.05277890055708,NA
1.59349264012248,NA
2.33081004011594,NA
2.32761446070812,NA
2.32761446070812,NA
1.38536387559874,NA
-0.158061112635043,NA
2.0482117567859,NA
2.04121052203819,NA
2.0481917030844,NA
0.470838384720699,NA
0.0371681594543952,NA
-0.0563923778051042,NA
-2.31024851217459,NA
-1.12875517874632,NA
1.30480301392169,NA
-0.885685960918677,NA
0.961186827024846,NA
1.14080338939399,NA
1.63813885527144,NA
1.63813885527144,NA
1.58603684278768,NA
1.41618909241755,NA
0.120610934207167,NA
-0.0932559790612038,NA
2.0481917030844,NA
2.04121052203819,NA
-0.474766750676853,NA
-0.850844246209739,NA
-0.472528383308083,NA
-1.973893278343,NA
-1.12384157602056,NA
0.030399730577197,NA
-1.37957485245518,NA
-0.724927366149797,NA
-0.109592471339872,NA
-1.65937114040562,NA
-0.615070893301412,NA
0.234134273742651,NA
0.204222753911349,NA
-0.258005177927066,NA
0.103646035501012,NA
0.103646035501012,NA
-0.500205939002237,NA
-1.11750479617397,NA
-0.569126286291954,NA
-2.27990730925727,NA
-0.520727595632609,NA
-0.568110408201564,NA
-0.00640759854160582,NA
0.158719583643059,NA
0.104657354332054,NA
-0.00690200584090218,NA
-1.50042057817541,NA
0.42468900495,NA
0.438354462679083,NA
0.476375300703529,NA
0.204511877813038,NA
0.20015886106915,NA
0.166407582535546,NA
-0.0952105730857502,NA
0.117531269794682,NA
-0.0883092825753522,NA
0.330916876803422,NA
-0.0198370773856484,NA
-0.0424060008193354,NA
0.0721356841729056,NA
-1.22068973158175,NA
-0.030938341201893,NA
0.096985633505327,NA
0.691070342156194,NA
0.475356592423088,NA
0.487862179485026,NA
0.203888600960292,NA
0.172034827640628,NA
0.172034737933207,NA
-0.87219743512077,NA
-0.775885893946446,NA
-1.1225776048363,NA
-0.00295111945786008,NA
0.000343258618525845,NA
-0.0473949803740987,NA
0.579781228531399,NA
-0.111329910390052,NA
-0.0259046089464461,NA
-0.0883092823975035,NA
-0.0189533395551879,NA
-0.0883092823975035,NA
-0.0883092299677801,NA
-0.0760417702302589,NA
-0.25634290371601,NA
-0.25634290371601,NA
-0.351788616020545,NA
0.0426182179430898,NA
-0.746996755147325,NA
-0.606447694524652,NA
0.988530125954729,NA
-2.64675083152606,NA
1.38924033714274,NA
0.0951847743301464,NA
2.32761446060436,NA
1.98299666067637,NA
2.05891477927046,NA
0.411238297244891,NA
0.800455671457385,NA
0.716665873538948,NA
-0.586448982559648,NA
-0.639623822947366,NA
-0.0904106365988667,NA
-0.360478291207136,NA
-0.00295117647477396,NA
-0.0491164529307848,NA
-0.06480035813877,NA
1.54089371860168,NA
1.10324998193228,NA
1.68077189271994,NA
0.896396047236534,NA
0.156846842190871,NA
0.833102492211658,NA
-0.764798327968081,NA
-0.286379117638445,NA
1.54089371860168,NA
1.11156637165875,NA
1.17237600949712,NA
0.903356615869161,NA
1.0917709408854,NA
1.54089371860168,NA
0.886534429345255,NA
0.881886597538631,NA
1.5593731116291,NA
2.32761446070812,NA
2.3136717352964,NA
-0.631913173829526,NA
0.278032256727948,NA
0.769805931819686,NA
-1.01144567103467,NA
-1.62319468670761,NA
1.18663319031615,NA
1.18663325532921,NA
0.41223903419886,NA
0.211061769666274,NA
0.141975059028171,NA
0.141974927299217,NA
0.19910256527321,NA
-1.74099231104729,NA
-0.472315789354588,NA
-0.922933720137984,NA
-1.1119574386505,NA
-0.832467190650299,NA
-0.0187581982592766,NA
-0.0256996446182498,NA
-0.0187581982592766,NA
-0.0206532171955641,NA
-0.0187581982592766,NA
-0.712149168660989,NA
-0.249446512812092,NA
-1.42650196039175,NA
-0.999614266384023,NA
-0.939634711573376,NA
-0.714415192703484,NA
-0.881805281585541,NA
0.18563920247693,NA
0.600588533473654,NA
-1.56321983933845,NA
2.32761446070812,NA
2.2993993184552,NA
2.2993993184552,NA
-2.31297026460827,NA
-0.725908522030691,NA
2.29934563849058,NA
0.104049054596852,NA
2.33081004011594,NA
0.910442645772523,NA
0.910698977322855,NA
0.935116955028129,NA
1.16109446095946,NA
1.06113263099314,NA
0.934617696855935,NA
-0.364899617397407,NA
-0.956673418586001,NA
0.985313258206225,NA
0.886534429345255,NA
0.886317788323862,NA
0.529674665554427,NA
-1.24339758921292,NA
-1.42605111220242,NA
-0.92040088798136,NA
-1.20037692546989,NA
-0.723809677346587,NA
-0.819114947383636,NA
-0.667900842371689,NA
-1.40181563976076,NA
0.154965239609528,NA
0.42576504951932,NA
0.586705179744533,NA
0.426698763474151,NA
1.100883311547,NA
1.00598338898938,NA
2.330797810771,NA
2.33081004011594,NA
2.32761446070812,NA
1.29351773686973,NA
0.962078186752821,NA
1.37056791295386,NA
0.905435294512841,NA
0.316733808146719,NA
1.1723759745952,NA
1.16495964709077,NA
0.950124927059987,NA
1.16552773892507,NA
1.10963519593309,NA
1.16552770234188,NA
1.02080502712377,NA
1.16424443429753,NA
0.892023267045485,NA
1.1723759745952,NA
0.886536265078627,NA
1.18924814211162,NA
0.894659550687246,NA
0.912781740914514,NA
2.330797810771,NA
2.3136449955086,NA
0.819185747295758,NA
2.33081004011594,NA
2.29939931725209,NA
0.876820292225119,NA
1.37437567341865,NA
-1.66786051313899,NA
-0.474661135213798,NA
-0.845482970844527,NA
-0.721109930199076,NA
-1.1033052387694,NA
-0.712732987061264,NA
-0.681819958715161,NA
-0.582015829260264,NA
0.576209772802367,NA
-2.06504540515069,NA
-0.352321585356378,NA
0.589892825913838,NA
-0.161069516315461,NA
-0.151781042227208,NA
-0.027500689714753,NA
-0.102173340366422,NA
0.0970113131484531,NA
-0.152383571372561,NA
0.467882249472182,NA
-0.0632250495304794,NA
-0.112936217542637,NA
1.67602295511314,NA
0.814861074728238,NA
0.046923683731843,NA
0.230808732269822,NA
-0.176490178694121,NA
-0.136491144275152,NA
0.790819087566957,NA
0.929216402173632,NA
0.929216402173632,NA
0.929216402173632,NA
-0.122856939510902,NA
0.283974614773694,NA
-0.247689648025162,NA
-0.807845004468659,NA
-0.767332213591819,NA
0.26530681136862,NA
0.320580287839484,NA
0.395408096030365,NA
-1.65937114040562,NA
-0.724927366149797,NA
-0.50360178253867,NA
-1.56331554204937,NA
0.301292224325556,NA
0.482548606707526,NA
0.126281479867468,NA
2.33081004009497,NA
1.07748954059577,NA
0.144605464555634,NA
1.12673875422469,NA
1.71747286932916,NA
0.443521289577108,NA
-0.675970811834271,NA
-0.956715409003241,NA
0.429837909436112,NA
-0.333419332620227,NA
1.41727537816429,NA
0.81875704824959,NA
1.15780725024598,NA
0.427060446675514,NA
1.63181818224818,NA
0.800206615293654,NA
0.779512157537597,NA
0.136965094660201,NA
0.81875704824959,NA
-0.966734216544163,NA
-0.75732600240087,NA
1.66413762671556,NA
2.02538667815764,NA
1.66413766816371,NA
2.3136717352964,NA
0.477448589311922,NA
0.398960692247742,NA
0.777113242689195,NA
0.801243182683208,NA
0.796173397833124,NA
0.671336393911296,NA
2.33081004011594,NA
2.33081004011594,NA
1.07267531435874,NA
0.111865735326344,NA
0.111865735326344,NA
0.44989499393013,NA
0.268795724182596,NA
0.268795724182596,NA
0.44989499393013,NA
0.0404107992525113,NA
0.329870222444019,NA
-0.582296906340236,NA
0.057097010267995,NA
0.0723539396344838,NA
0.0375274712593867,NA
-0.382351855103699,NA
-0.021833420122067,NA
0.162727300350013,NA
-0.0913336186442921,NA
-1.59928015764955,NA
-1.59928015764955,NA
-0.613562591724698,NA
-0.613562591724698,NA
-0.58354747189179,NA
-0.58354747189179,NA
-0.344879197386967,NA
0.577387391675331,NA
-1.60618778010975,NA
-1.58363177686513,NA
0.421220788692426,NA
-0.00294845149972041,NA
0.0827003722824205,NA
0.0322595154350115,NA
-1.10763348983297,NA
-1.66627353135089,NA
-1.18149924732681,NA
-1.08198916064318,NA
0.704572506065849,NA
-1.66627353135089,NA
-0.486716234672244,NA
0.796173397833124,NA
0.0598744904291049,NA
0.125695320632149,NA
-1.53559130306847,NA
-0.464735729091274,NA
-0.513349667651639,NA
0.894727649447803,NA
0.321138421086615,NA
0.345696086793455,NA
0.344491358008507,NA
0.282744003547548,NA
-0.811314432971221,NA
0.498121396596994,NA
-0.00389044305556415,NA
-2.3220172611678,NA
-0.134689557341742,NA
0.768257965868326,NA
0.395453469688881,NA
0.253579548593121,NA
0.37554005666288,NA
0.398378412797566,NA
-1.03865274664073,NA
-0.432055792041798,NA
0.473311996204815,NA
0.272641907888113,NA
-1.64162358646306,NA
0.00580404258710846,NA
1.12031354686461,NA
-2.45229036331489,NA
-2.0079489310634,NA
-1.4201371417048,NA
-0.552948973107698,NA
-0.0301186888404328,NA
-1.51334367276302,NA
0.0235492804620195,NA
0.783217671534577,NA
0.814347929874156,NA
-0.147285517871146,NA
-0.588722516766846,NA
-1.49004668893468,NA
0.579576625201321,NA
0.740977006020904,NA
-0.181362211706673,NA
-0.55559974634402,NA
-0.956058683189058,NA
-0.405972671822647,NA
0.738305244035552,NA
0.779811033141827,NA
0.801249302309596,NA
0.780337678969632,NA
-0.342494094720941,NA
0.38196727420934,NA
-0.427201301634492,NA
-0.427192094612768,NA
-0.321841590488704,NA
-0.305583793173414,NA
-0.472943225828416,NA
0.205064644488468,NA
0.251211332716448,NA
0.251211332716448,NA
0.386547175956098,NA
-1.1949650397071,NA
-0.546942551252259,NA
-0.625670118805257,NA
-0.192970142388979,NA
-0.540318059701021,NA
-1.09460794040704,NA
-0.943072675885601,NA
-0.0129061774470835,NA
-0.0661484574051853,NA
-0.0661484574051853,NA
-0.0670799682795923,NA
-0.250763898583281,NA
-0.0277261629460753,NA
-0.504275574571641,NA
-1.35951425121002,NA
-0.986195569181299,NA
-0.22803017069759,NA
-0.691407052592252,NA
-0.597825470215899,NA
-1.09460794040704,NA
-0.149576937811063,NA
-1.0107833585168,NA
-0.914752803980596,NA
-0.603418302910714,NA
-1.00244731834693,NA
-0.731878204657629,NA
-0.801755028935553,NA
-0.7178212985381,NA
-0.929401095733627,NA
-0.853675488079703,NA
-1.29664647720147,NA
-0.0684602235883433,NA
-0.989456616580199,NA
-0.525489255459121,NA
-0.622590025053099,NA
-1.06815146380536,NA
-0.664106926699886,NA
-0.801551748537948,NA
-0.525528984882467,NA
1.12771724315945,NA
-2.12803347062338,NA
0.417640906579632,NA
-1.08975927391087,NA
-0.450445093124651,NA
-0.502924706658366,NA
-0.486892030985748,NA
-0.487821309461538,NA
0.0145554017942756,NA
0.0231110916844262,NA
-0.621518391885183,NA
-1.03986517952268,NA
-1.47475261762463,NA
-1.02837853406746,NA
-1.68298491436485,NA
0.984784856545249,NA
-0.938332793718322,NA
-0.883907580746098,NA
-1.62591427142861,NA
-0.942848729163304,NA
-1.4001475804729,NA
-0.614395242214176,NA
-0.3324272137541,NA
-0.148877286184052,NA
0.750482710718539,NA
1.2698724896327,NA
0.0123976916096546,NA
0.716835212427237,NA
0.0785054966457151,NA
-0.502765804245791,NA
-1.4855093213878,NA
-1.21001078640692,NA
-2.36040590565184,NA
-2.2949096537318,NA
-2.33343826629588,NA
-0.677960531220629,NA
-1.08718810302879,NA
-0.133506477166584,NA
0.152660156475377,NA
2.31367173504911,NA
1.55726345266043,NA
2.33081004009497,NA
2.31367173504911,NA
1.58379646380191,NA
1.52167611666944,NA
-0.529666759890364,NA
-0.6283793932793,NA
-1.58794641076404,NA
-1.59453723651505,NA
0.506881719802413,NA
0.513373924781285,NA
0.513373924781285,NA
0.633925215051642,NA
0.49939457649293,NA
0.221119992871645,NA
1.1583546069222,NA
0.90459641435364,NA
0.0018164423648071,NA
0.903048075237271,NA
0.453934893599828,NA
0.721668672131415,NA
1.09608338559984,NA
1.09451316336237,NA
0.0322595154350115,NA
0.538621719470409,NA
0.232846975937865,NA
0.232846854440833,NA
1.16145818826148,NA
0.988534132340476,NA
0.491421614211939,NA
1.33886866894246,NA
-1.2104928946789,NA
-1.03438495302589,NA
-1.12255173125272,NA
-1.10205710456603,NA
-1.00018235585009,NA
-0.340691178675015,NA
0.0111996707528134,NA
0.0111996707528134,NA
-0.311302107899434,NA
-0.29013760692261,NA
-0.29013760692261,NA
0.230622006216859,NA
-1.00327596256009,NA
0.536833104397775,NA
0.602631555196408,NA
0.126281479867468,NA
-0.663491392669742,NA
0.476259449564013,NA
0.434503367571584,NA
-0.949316204209697,NA
-0.636392249230983,NA
-0.33757755335537,NA
-0.321531994251134,NA
-0.389381652282327,NA
-0.882701558366423,NA
0.442149191208361,NA
-0.570717718594149,NA
-0.559604387554239,NA
-0.513557552644754,NA
-0.464735729091274,NA
1.12601897380105,NA
1.12016846971118,NA
0.22524389490959,NA
-1.64122058251528,NA
-2.37033819503623,NA
-1.1699192576129,NA
-0.834542626662466,NA
-0.533844912374562,NA
-0.818767876626392,NA
0.427889625447266,NA
0.146735479562037,NA
-0.188620273521895,NA
-0.0136848109255422,NA
-0.695630413878112,NA
-0.0188215574867851,NA
-0.000304938074288213,NA
0.0428016882944921,NA
0.353139559070559,NA
0.286301952405765,NA
-0.086906792136522,NA
-0.36524933156943,NA
-1.08684174652539,NA
-0.502765804245791,NA
0.0530749675805905,NA
-1.4855093213878,NA
0.286301952405765,NA
-1.54589158816686,NA
-0.553296945100366,NA
-0.65340746971257,NA
-0.462672430029892,NA
-0.515214993950079,NA
-0.459676740303779,NA
-0.291025845629493,NA
0.503662518001135,NA
0.515765029532877,NA
-0.885212996225756,NA
-0.679043742664763,NA
0.509657106673288,NA
0.600442892215808,NA
0.502175131632991,NA
0.239636637897137,NA
0.801071099949201,NA
0.850656593213328,NA
0.574622029877506,NA
-0.430190349344705,NA
-1.56730515235125,NA
0.376074584527327,NA
0.891323061476364,NA
0.509606846374838,NA
1.05930961239685,NA
0.530721761282296,NA
0.537006754440324,NA
-1.37006388469677,NA
0.0260988257917692,NA
-0.077027356745235,NA
-1.56331553217686,NA
-1.12953405300261,NA
0.340375745935827,NA
0.198196938783753,NA
-1.57464748679043,NA
1.27397907162517,NA
1.27397908333604,NA
1.27397908333604,NA
-0.558230374013869,NA
-0.329160276663472,NA
-0.609285184965545,NA
0.0345503464731391,NA
-0.702406647308324,NA
-0.449750119020882,NA
0.0347951155943912,NA
-0.0675857764352826,NA
-1.02189673458738,NA
-2.01166740895542,NA
-1.02809776805981,NA
0.0347951155943912,NA
1.05764138829534,NA
1.11430247491985,NA
0.243600630789306,NA
0.491211301570965,NA
0.486576353671497,NA
0.0803017008616273,NA
0.0802849982318125,NA
-0.0574317844300325,NA
0.440044756343048,NA
0.439295632477608,NA
0.675874685789949,NA
0.0321835776715656,NA
0.032183573788555,NA
-0.972064101264994,NA
-1.03074719219122,NA
-2.21018072285715,NA
0.238919290549389,NA
-0.800438172328404,NA
1.36837683248098,NA
0.993629379261843,NA
0.870040890321311,NA
0.925094420846988,NA
0.858225911581238,NA
0.258928017523968,NA
0.258928017523968,NA
-2.36320863425286,NA
-2.32127941582174,NA
0.677541594291645,NA
1.10053564545803,NA
2.04013419234183,NA
1.75651462910399,NA
1.10636210736275,NA
1.86930318975037,NA
-0.341344328851791,NA
0.0994910717256195,NA
0.144619291391281,NA
0.506881103954023,NA
-1.64951497819015,NA
-2.36371572329822,NA
-0.491575315697301,NA
-0.0869471728009495,NA
-1.15973757507944,NA
1.10345646519673,NA
1.09704877512345,NA
0.1541230083214,NA
0.905146478421264,NA
0.767064599514317,NA
0.92306494479771,NA
1.14833558447862,NA
0.301090654041173,NA
1.40401851832815,NA
-0.228615471796018,NA
-0.154490471376243,NA
1.35254685504437,NA
2.05891477927046,NA
-0.153920728227623,NA
-0.0356097317186655,NA
-1.13653655508501,NA
-1.43395444813322,NA
-1.36268871475464,NA
-1.1597622555274,NA
0.526419544269607,NA
0.766025396657752,NA
-1.35254674930947,NA
0.0910486000640786,NA
-0.324635027844638,NA
-0.997153268674184,NA
-0.207919042716659,NA
-1.41673970575336,NA
-0.706556029796451,NA
-0.384533968280563,NA
-1.54880627116059,NA
0.446306556617482,NA
0.993629379262314,NA
1.53735077242149,NA
2.31367173504911,NA
2.33081004009497,NA
2.0482117567859,NA
1.01701253837653,NA
1.25861568122624,NA
1.09452264378178,NA
1.05961022988328,NA
1.05736586211367,NA
0.488143410938213,NA
0.488143410938213,NA
0.929216402173632,NA
1.0870535742856,NA
0.319746326094397,NA
0.769592057156837,NA
-0.56191610607544,NA
-1.33166121117544,NA
-1.42128394538739,NA
1.50194029364538,NA
1.55981176568513,NA
-0.293543476809678,NA
-1.40144197284702,NA
-0.972874952535586,NA
0.288438197474714,NA
-0.256291347893192,NA
0.291934310732458,NA
1.60500717343843,NA
0.227955039674485,NA
1.13163064318926,NA
1.01543835573268,NA
1.17542548995734,NA
-1.04052127849682,NA
-0.241914684749003,NA
-0.0227320431650674,NA
-0.0324662228446081,NA
-0.0444143758272541,NA
-0.0227320431650674,NA
0.00379613270849203,NA
-0.0277303975603981,NA
-1.58936731217118,NA
0.886534429345255,NA
0.984792298137246,NA
1.12031354686461,NA
1.06653163410238,NA
0.848345933394673,NA
0.815513224942397,NA
0.848345383279272,NA
0.882119272062033,NA
0.796925813989809,NA
-0.446374909508584,NA
0.823486692853757,NA
0.801623382531658,NA
-0.26225914628364,NA
1.05596680289097,NA
0.749860741469119,NA
0.367967663407476,NA
0.207331464193631,NA
0.248824385345031,NA
-0.562439028518856,NA
-0.562444355166101,NA
-0.568011717677157,NA
-0.744801439710923,NA
0.0550195227865407,NA
-0.111770752981326,NA
0.291854847020227,NA
0.181839778179313,NA
0.181839778179313,NA
-0.279487374826415,NA
0.275787238090792,NA
0.507237550667228,NA
-1.52828613843773,NA
-0.648436692898838,NA
-0.974575454830152,NA
-0.838666747875318,NA
0.237313267929699,NA
0.217559134617477,NA
0.123213771633092,NA
-0.244233115281039,NA
-0.52519895238978,NA
-0.525652841961535,NA
-0.980151203099666,NA
-0.51891898979182,NA
-0.823396479405643,NA
-0.785889047612552,NA
-0.434989290351879,NA
-2.03590848209784,NA
-0.63086772676683,NA
0.19136771713727,NA
0.225918452043268,NA
-0.115045892685695,NA
-0.0863653551670499,NA
0.607346142467659,NA
0.0128462453455302,NA
0.500530922908329,NA
0.461116068424478,NA
0.48897326922117,NA
-0.607828894656336,NA
1.71110078149694,NA
1.35800662314011,NA
0.0322595154350115,NA
1.71157974907692,NA
1.62602062170156,NA
2.04821211172502,NA
1.73001103024444,NA
1.68077192971172,NA
1.53342423439231,NA
1.34710415381502,NA
0.0258415142505965,NA
1.76109546878309,NA
1.4171558956934,NA
1.51598864987039,NA
0.013582033103747,NA
-0.00294843947864377,NA
0.939121294980241,NA
0.197973843403412,NA
0.0274497322866698,NA
-0.0760094438144252,NA
0.0241560775765193,NA
-0.100679374934126,NA
-0.0568739149253512,NA
-0.00291142324284433,NA
-0.113776553751576,NA
-0.793727481224025,NA
-0.861030473469347,NA
-0.556905504271217,NA
-1.53587739072274,NA
1.12512716849987,NA
1.749582726297,NA
1.59735875413114,NA
-0.013633768284598,NA
-0.439486808091387,NA
0.011491046304103,NA
-0.293252013388784,NA
0.309348859120801,NA
0.800526843905782,NA
-1.61927495209593,NA
0.205112155813593,NA
0.986435346433418,NA
0.505105880233622,NA
0.579071322049823,NA
0.839220134700682,NA
-1.41116313808434,NA
0.709904429330729,NA
0.25661372394686,NA
-1.37778550067633,NA
-0.803985291904522,NA
-0.803985291904522,NA
-1.66932124693507,NA
0.397342556740657,NA
1.17675389037292,NA
1.06824250310421,NA
0.928550732320165,NA
-0.0794284581975531,NA
-0.0792932462864476,NA
-0.0792932462864476,NA
1.58794775118293,NA
1.58794775118293,NA
-1.57354025258566,NA
1.36283193706075,NA
1.02462401775435,NA
1.10335917598812,NA
1.10393779073965,NA
1.12031354686461,NA
1.12529513499777,NA
0.154965241004038,NA
1.35252919092716,NA
0.809322154117518,NA
-0.529288587022394,NA
-0.50792415821775,NA
0.504177108581202,NA
0.478764868326853,NA
0.539224029832104,NA
0.524278849458221,NA
0.544698365010648,NA
0.524278604879561,NA
0.59341985189846,NA
-0.671850157959742,NA
-1.12131878205284,NA
-0.75622587302594,NA
0.0098831967385367,NA
-1.58192221894412,NA
-1.57367825463111,NA
-0.326364555913854,NA
-0.760704825495752,NA
-0.00968164994028428,NA
-0.00968164994028428,NA
-0.00968680228864209,NA
-0.151472757118912,NA
-0.00968681393423848,NA
-0.292634220064268,NA
1.47734711602744,NA
1.47734711602744,NA
1.62602062170156,NA
1.62602062170156,NA
1.39200836301503,NA
1.39200836301503,NA
-0.00968680228864209,NA
-0.0758606620106427,NA
0.325481905999781,NA
0.77711393942406,NA
0.191118369564094,NA
-0.114472515090207,NA
0.2705679258222,NA
-0.0985657627121198,NA
0.34183630197577,NA
0.781447748925838,NA
0.77711393942406,NA
0.77711393942406,NA
0.77711393942406,NA
0.77711393942406,NA
0.127522119281012,NA
-0.116915314142543,NA
-1.06738417592329,NA
0.500804685634657,NA
-0.481155241179445,NA
0.502120806454968,NA
0.886246361418203,NA
0.886246370125552,NA
0.850468069100838,NA
0.850468069100838,NA
0.0504725706062709,NA
0.0504725706062709,NA
0.0504725706062709,NA
0.261422844182021,NA
-0.0837884359516441,NA
-0.658191029521244,NA
-0.985706642796952,NA
-0.486892020461142,NA
-1.3758257655357,NA
-0.0192323801976172,NA
-1.14841915509952,NA
-1.14176546876577,NA
-1.62844709741524,NA
-0.950009181265724,NA
-0.748150732291941,NA
-1.62270630852959,NA
0.180017021594688,NA
0.0455026418055835,NA
-0.620388588617863,NA
0.298202786727713,NA
0.172582557953898,NA
0.219771535094301,NA
0.225284372128153,NA
-0.669443549329286,NA
-0.636707316248184,NA
-0.885308441169307,NA
0.367570907637103,NA
0.881543711183179,NA
0.939632154374837,NA
0.429563041892063,NA
-0.504362188781634,NA
-0.540958723628392,NA
0.121968476376682,NA
0.0897942845983833,NA
0.044814885069957,NA
-0.0669333026621743,NA
0.886534429345255,NA
-0.497881102105356,NA
-0.00902730188961236,NA
-0.0949556767425008,NA
0.437044744271438,NA
0.12320940760173,NA
0.191606029389932,NA
0.891874232353773,NA
-1.61377168314208,NA
-1.53990922691508,NA
-1.50827371815994,NA
-1.54241481938465,NA
-0.50360178253867,NA
-1.56331554204937,NA
-1.58723223682357,NA
-1.11404493837688,NA
-1.55262687480239,NA
-0.906559264766077,NA
0.196396288790508,NA
-1.0083214881455,NA
-1.49851555573715,NA
-0.855842945923378,NA
-0.855798398815115,NA
-1.15358721540287,NA
-0.179989662148783,NA
-0.749006436241064,NA
-1.28700591001169,NA
-1.28700591001169,NA
-0.451434787117283,NA
-0.450469395281656,NA
0.482823016993732,NA
0.449670724422179,NA
0.251617640998881,NA
0.26540499021041,NA
0.310624404571309,NA
0.237888380984564,NA
0.228745150230123,NA
-0.229545302060882,NA
0.0585774995656699,NA
-0.0746501214692817,NA
-0.346488292026018,NA
-0.258005177926236,NA
-0.585842551813745,NA
-0.845482969264888,NA
-1.08082885971856,NA
-0.142802487204979,NA
-0.25759953982809,NA
-0.523569594134783,NA
-1.60434751704827,NA
-1.56525410019213,NA
-1.58707839138788,NA
-1.18381311556199,NA
0.139154627995471,NA
-1.22614972011509,NA
1.15185576745227,NA
-0.0456478383934776,NA
0.478102847805656,NA
2.04013418931649,NA
2.04121117587195,NA
0.58051234853322,NA
0.597304728081102,NA
0.0855994574365907,NA
0.360133003439606,NA
-0.077751945914774,NA
0.168363792580916,NA
1.24953076749238,NA
0.122501759558805,NA
1.11965920732431,NA
0.994181356818442,NA
0.801421956356325,NA
2.02538667815764,NA
0.696795910471955,NA
0.744115284109443,NA
-0.59300744780693,NA
-0.862582947911763,NA
-0.695379491894622,NA
-0.685475865156707,NA
-0.845113634966236,NA
-0.66849259257808,NA
-1.11857654501145,NA
-0.872801246506945,NA
-0.990477990195454,NA
-0.739476905059016,NA
-0.508646223276965,NA
-0.489964808359024,NA
-0.586455850452031,NA
-0.478370917560349,NA
-0.67424429839593,NA
-1.0333482478325,NA
-0.562942293152783,NA
-0.481764430844817,NA
-0.862599150721064,NA
-0.879364494977347,NA
-0.49141013246488,NA
-0.49141013246488,NA
-0.496087230292093,NA
-1.27129091891279,NA
-0.49141013246488,NA
-0.918333656610845,NA
0.8853469414165,NA
-0.942071391636591,NA
-0.61452904755513,NA
0.13752799704248,NA
-0.194562566578979,NA
-0.620530428506116,NA
-0.639501779987076,NA
-1.14896177524811,NA
-1.13590225470734,NA
-0.956715409003241,NA
-0.217616520897178,NA
-0.725043234565812,NA
0.232460621876169,NA
-0.322611966332868,NA
-0.960558697870238,NA
-0.298203891474201,NA
-0.235202253116325,NA
-1.09071283390618,NA
-0.707514361906327,NA
-0.525156603637742,NA
-0.439475703970369,NA
-1.09008793384804,NA
-1.64168454114505,NA
-0.505315676962533,NA
-0.121480326699031,NA
0.196396288790508,NA
0.208235445941185,NA
-1.5609965994064,NA
-0.404358508594397,NA
-0.92170533349026,NA
-0.135711525196933,NA
0.793735826830313,NA
-0.727957409011045,NA
-0.26627662858926,NA
-0.926946635599682,NA
-0.507377959768831,NA
-0.52090998955985,NA
-0.434239403653186,NA
-0.497222010341677,NA
-1.55111357654255,NA
-0.901039140535434,NA
-1.6063094825624,NA
-1.41404772538331,NA
-0.44499950902255,NA
-0.0956908405058635,NA
-0.484297120848624,NA
-0.265131709428894,NA
-0.238661748608063,NA
-1.2501482737932,NA
-0.388107878001256,NA
-0.340691178675015,NA
-0.340691178675015,NA
-0.614245621031717,NA
-0.345881781834515,NA
-0.636003754046142,NA
-0.635386957427346,NA
-0.598404403718409,NA
-0.427421257871795,NA
-0.711004366940927,NA
-0.270450048588439,NA
-0.855517165300313,NA
-0.948677981344865,NA
-0.349761874952029,NA
-0.626410857355334,NA
-0.784453023023125,NA
-1.29592590546533,NA
-0.602077289667353,NA
-1.06629474470031,NA
-0.745975463445482,NA
-0.56022222345415,NA
-1.1213139521026,NA
-1.40067994881152,NA
-0.494070642064037,NA
0.187375440858331,NA
0.195081165178817,NA
0.0208432447892999,NA
-1.65937114040562,NA
-1.50531822876663,NA
-1.56331554204937,NA
-1.57668944904679,NA
-1.55596894837682,NA
-0.60882626481958,NA
-0.792630687464949,NA
0.0701419447608085,NA
-1.21866313332592,NA
-0.150629945512429,NA
-0.28208534900421,NA
-1.59831362521513,NA
-1.56331553217686,NA
-1.5879985533137,NA
-1.57668944904679,NA
-0.963629165925577,NA
-1.13976342800554,NA
-1.57747148595006,NA
-1.58797135974478,NA
-1.03617211152415,NA
0.209498444535646,NA
0.707528974021632,NA
0.0120642467003417,NA
0.154965237969099,NA
0.110119858808318,NA
0.0945166904137448,NA
1.55578188912826,NA
0.154965237969099,NA
0.182929664206012,NA
0.188583835231234,NA
0.328789652579989,NA
-1.57668944904679,NA
-0.780444428117207,NA
-0.764410227831164,NA
-0.854888808074909,NA
-1.05324655550416,NA
-0.943159996903861,NA
0.994797865479996,NA
1.5142984768336,NA
0.288003890772691,NA
0.757890002437551,NA
0.288003890772691,NA
0.790819087566957,NA
0.436362072977634,NA
-0.284401427858695,NA
1.30352845623154,NA
0.764101727545653,NA
0.768213570876543,NA
-1.56615504191254,NA
-1.5766718561084,NA
2.04270475945906,NA
0.527651736901024,NA
0.561009886099559,NA
0.279258113461479,NA
0.454721700392985,NA
0.430460609783716,NA
0.527651736901024,NA
0.527651736901024,NA
0.561009886099559,NA
1.76163008393417,NA
-0.503601772884529,NA
-1.60476723898683,NA
-1.65353526751129,NA
0.429718899917222,NA
-1.58751651362524,NA
-1.57578460572424,NA
-0.801396172883007,NA
-0.801396172883007,NA
0.086820909393148,NA
0.45447062821164,NA
0.209913874208491,NA
-0.767820085069915,NA
-0.819013647622347,NA
-0.57287106476918,NA
-0.673058854952746,NA
-0.655466042330087,NA
-0.699871594751399,NA
-1.57668944904679,NA
-0.606068169358897,NA
-0.492729696548136,NA
0.128416845533123,NA
0.128416845533123,NA
0.0306356053777442,NA
0.187562932934383,NA
0.560912272023089,NA
-1.04496960909325,NA
-0.758196214851384,NA
-0.512652950556546,NA
-0.413455710132662,NA
-0.691878592211555,NA
-0.487742121827831,NA
-0.616547742528729,NA
-0.599397189180145,NA
-0.659162760294792,NA
-0.630083825626186,NA
-0.679858014172467,NA
-0.571947831812297,NA
-0.571947831812297,NA
-0.876420816221624,NA
-0.851196930909594,NA
-0.649679040776771,NA
-0.649679040776771,NA
-0.628940482717874,NA
-0.670635434692648,NA
-0.680294329005558,NA
-0.73122144345085,NA
-0.722480635254597,NA
-0.771277580370572,NA
-0.065844977601395,NA
-1.46022125990514,NA
0.41291369434151,NA
0.480198855942962,NA
0.618046813155767,NA
-0.0470825168087491,NA
-0.0470825168087491,NA
-0.466593986753958,NA
-0.300604529104005,NA
-0.338378701933815,NA
0.0428017074541055,NA
0.1541230083214,NA
0.25661372394686,NA
0.50692989493638,NA
0.506881103954023,NA
0.506881103954023,NA
0.535650786568764,NA
-0.307692185779346,NA
-0.29947827275773,NA
0.37750565139513,NA
-1.10402248044003,NA
-0.887953849007872,NA
-1.28968584692213,NA
-1.09458990137082,NA
-0.435514548923537,NA
-0.490299907927146,NA
-0.405198301438803,NA
-0.416541396398605,NA
-0.458582249027474,NA
0.475564603116957,NA
0.0953467742734095,NA
0.388541510690659,NA
-0.536575120016491,NA
-0.570277305891145,NA
0.202004470245267,NA
0.168788658849647,NA
0.50700596134716,NA
0.398065741775845,NA
1.05948548315899,NA
0.590476837241471,NA
0.586805686644762,NA
0.00890790573058863,NA
-0.0444715530560666,NA
0.834732551254248,NA
0.817612669345056,NA
-0.997983529989684,NA
-0.158325901897928,NA
-0.181332765107003,NA
-0.0456479050525734,NA
0.195141045343749,NA
-0.74134602480143,NA
-1.30618147739795,NA
-0.152468991710057,NA
-0.050966135909512,NA
-0.42268040948797,NA
1.55543619767018,NA
1.5962377950568,NA
1.56576386607135,NA
1.55543619767018,NA
1.68077192971172,NA
1.58473046453415,NA
1.61270041679833,NA
-2.30137750051238,NA
1.55543621625622,NA
1.01426726297779,NA
-1.71920487704916,NA
0.511264699692338,NA
-1.55464585581071,NA
0.336626241589341,NA
0.300724542480495,NA
0.727034691827228,NA
0.212397715086977,NA
0.220290716510662,NA
0.827585693865401,NA
0.581805439651073,NA
0.336626241589341,NA
-0.361385173475521,NA
0.355518390289552,NA
-0.535713470996399,NA
-0.581410521240952,NA
0.238323239831504,NA
0.7628447381991,NA
0.781493177035491,NA
0.803925148074062,NA
0.608668528327662,NA
0.352400287579046,NA
1.06653163410263,NA
1.12720124499421,NA
0.405335944454523,NA
0.469584890814304,NA
-1.64536361797773,NA
0.295849209104098,NA
-1.02256355017057,NA
-1.65760950342656,NA
-1.79679955168605,NA
-1.66792768551702,NA
-1.05332003759945,NA
-2.29690938973054,NA
1.12591179359562,NA
0.823562866357034,NA
1.41235637997401,NA
0.539905086058307,NA
-0.06480035813877,NA
0.961436720221309,NA
-1.02045432528793,NA
-0.307717247858522,NA
-0.790079950626842,NA
-0.493074245531601,NA
-1.65447957852177,NA
-0.636774465191457,NA
-1.32702207712826,NA
-1.12249508602678,NA
-1.23760123571553,NA
-2.98827063519148,NA
-0.74332116527187,NA
0.714874022156999,NA
0.780029662450283,NA
0.158535490416953,NA
0.497319945312654,NA
-1.07434964272484,NA
-1.58723223682357,NA
-1.11404493837688,NA
0.37246089501139,NA
0.377376802237594,NA
-1.60860249258145,NA
-1.7658081471845,NA
-1.76581241402965,NA
-1.74062241393618,NA
-1.76581235984761,NA
-1.67311080652997,NA
-1.74676953669473,NA
-0.00295117647477396,NA
-0.00294845149972041,NA
-1.08458532706072,NA
-0.00294845291525458,NA
-1.09217768920537,NA
0.080291070475731,NA
-1.08692461074318,NA
-1.09207806783223,NA
-1.09208464579671,NA
-1.08692461074318,NA
0.260985955157413,NA
0.278662275691349,NA
0.273733281633807,NA
-1.64778283487958,NA
-0.813277484971912,NA
-0.620246325261804,NA
-0.99164583952611,NA
-0.260334438717836,NA
1.58379642323746,NA
1.08693038630866,NA
0.469047943513875,NA
0.396373836915697,NA
-0.699729555699643,NA
-0.517221595849783,NA
-0.690823765072812,NA
-0.621193401226029,NA
-0.682293390405332,NA
-0.53021760338404,NA
-0.755197330304107,NA
-0.787509523480272,NA
-0.547050136373361,NA
-0.957214620535074,NA
0.3878959996967,NA
-0.53428236033299,NA
-0.53428236033299,NA
-0.551510569763873,NA
-0.63343731204324,NA
-1.58796136244062,NA
-0.880168227803105,NA
-1.16995495141374,NA
0.205025607785061,NA
0.555762506662573,NA
0.455172286045611,NA
0.455172286045611,NA
0.496163047303957,NA
-0.556418107897603,NA
0.555762506662573,NA
0.475472190887373,NA
0.43818233259638,NA
0.830236766492008,NA
0.73629970677809,NA
0.443216855852706,NA
0.373314276275389,NA
0.232670535037939,NA
0.110897730457254,NA
0.170378579811821,NA
0.252127215701031,NA
0.0819702978686445,NA
0.348394417296291,NA
-0.0680644550571113,NA
-0.556080019091509,NA
-0.556080019091509,NA
-0.556080019091509,NA
0.608171494127204,NA
0.509606846374838,NA
0.301963545533838,NA
0.263579524264146,NA
0.18515712054124,NA
0.502175131632991,NA
0.221987112749704,NA
0.369801307377599,NA
0.85558677933889,NA
0.116296261809132,NA
0.116296315444471,NA
1.12638428061712,NA
0.755144293980938,NA
0.881635072008181,NA
1.14752334102376,NA
-1.4303498737653,NA
-0.186321009229768,NA
0.0156137084536123,NA
0.154965225271881,NA
1.02130767213221,NA
1.14750865515988,NA
0.67028789428026,NA
-0.146875619124814,NA
-0.109527328501018,NA
-0.0338742750012948,NA
-0.313694397304125,NA
0.275732624417732,NA
0.251085174609663,NA
-1.17041958709346,NA
-0.751999948150698,NA
-1.56447397110019,NA
-0.109592471339872,NA
-1.34331463918217,NA
-1.19567967598905,NA
-0.734882235173486,NA
-0.856303188840688,NA
-0.202669039761441,NA
-1.52302213124142,NA
0.551603010747679,NA
0.790819087566957,NA
-0.750299735361388,NA
0.399004460440474,NA
0.632518253618733,NA
0.154418354826516,NA
0.441212677140941,NA
0.441212677140941,NA
0.154965237969099,NA
0.106235328132994,NA
0.116661352869533,NA
0.176039489060207,NA
0.142924320512252,NA
-0.0398651168033731,NA
0.505111061222722,NA
-0.922557486642699,NA
-0.60784186317533,NA
-0.90203178443894,NA
-1.34305072951502,NA
-0.638041059299158,NA
-1.69978557354446,NA
-1.4560545616717,NA
-1.57530247909134,NA
-0.904579429239682,NA
-0.171292864290319,NA
-0.57866377989891,NA
0.0902481903829138,NA
-1.63113978991712,NA
-0.250311540121576,NA
-1.52995169377704,NA
-1.53158998780662,NA
0.469067925294334,NA
0.463833600380212,NA
-0.353245218326884,NA
-1.09637614302518,NA
0.929216416713581,NA
0.929216404435792,NA
1.6006553619408,NA
1.39387045252314,NA
1.42442785090729,NA
2.32761446060436,NA
2.16221595028994,NA
1.49111274123047,NA
2.33081004011594,NA
1.63818067808864,NA
2.33081004011594,NA
1.86935894568114,NA
2.32761446060436,NA
2.04121052159885,NA
2.05891477927046,NA
2.330797810771,NA
0.929216404435792,NA
0.929216404435792,NA
0.929216404435792,NA
0.929216404435792,NA
-0.126265719504422,NA
-0.0205444914621376,NA
0.143410314188571,NA
-1.31664908764271,NA
0.146821612598311,NA
0.263167041452137,NA
-0.83399131067986,NA
0.405140169804925,NA
-0.0706529431368386,NA
-0.310357575051527,NA
-1.56331554204937,NA
-1.56542523522298,NA
-0.587636327336431,NA
-0.514080917350174,NA
-0.503669162213926,NA
-0.693988665609386,NA
-0.299490214368432,NA
-0.65965374320227,NA
-0.681012493248587,NA
-0.720490218332744,NA
-0.393796798921644,NA
-0.529657172755749,NA
-0.368644155093,NA
-0.536404479278377,NA
-0.515542185994172,NA
-0.777001517320534,NA
-1.12009216035384,NA
-0.529721705538896,NA
-0.431428669038222,NA
-0.33612533849815,NA
-0.546433099769859,NA
-0.679389237308588,NA
-0.710373176395895,NA
-1.3662333520747,NA
-0.0202511802983819,NA
-0.0202511802983819,NA
-1.00743668917526,NA
-0.969572337594361,NA
0.198988752769237,NA
0.198988752769237,NA
-0.419217985964574,NA
-1.57372722990312,NA
-0.736138450080936,NA
-0.723468119030823,NA
-0.340297278814118,NA
-0.385138322997542,NA
0.1541230083214,NA
0.1541230083214,NA
0.214073549352149,NA
-0.103830262640686,NA
1.56169722780099,NA
1.59463994222858,NA
1.583796368792,NA
1.68463111027129,NA
1.55937311163151,NA
1.68017294803704,NA
1.5438797627082,NA
1.65777846583485,NA
2.02538667815764,NA
1.43517666165295,NA
1.51892579534145,NA
1.36871264251282,NA
1.62602062170156,NA
1.47734711602742,NA
1.0566841857019,NA
-0.496437990013475,NA
-0.340340046860143,NA
0.503417329355876,NA
0.790819087566957,NA
0.790819087566957,NA
0.790819087566957,NA
0.780027809328506,NA
0.783605187307172,NA
0.790819087566957,NA
0.790819087566957,NA
0.790819087566957,NA
0.779811033141827,NA
0.790819087566957,NA
0.790819087566957,NA
0.154469985920841,NA
1.0594766231405,NA
1.05947662314081,NA
0.537231027328901,NA
0.602040998825109,NA
0.986814269064924,NA
-1.32625566838708,NA
-1.07921655498838,NA
-1.37006388469677,NA
-0.984188151521645,NA
0.0260988257917692,NA
-0.0806138126811899,NA
-0.119372760899231,NA
-1.49784506424631,NA
-1.55158818315439,NA
-1.51935596026869,NA
-1.55159144037325,NA
-1.48553755190193,NA
-1.4861007672151,NA
-1.4987285861669,NA
-1.49865471249527,NA
-1.50478675921156,NA
-1.48544962215642,NA
0.356803455661117,NA
-2.30201401030561,NA
-2.2932458928374,NA
0.479592703506169,NA
0.510469907386944,NA
0.544698365010648,NA
0.475337711836628,NA
0.524278604879561,NA
0.524278604879561,NA
0.476589837258096,NA
0.945937894604951,NA
1.34928648060652,NA
1.40983008894947,NA
1.40983008894947,NA
1.71011896378946,NA
1.71011896378946,NA
0.882115377110964,NA
0.0322690628940656,NA
-0.545847834695951,NA
-1.35932450181223,NA
-0.474549710236989,NA
-0.802538596142848,NA
0.503780269548265,NA
0.396063357296342,NA
0.396063357296342,NA
0.424803237323351,NA
-1.26477361633583,NA
0.929216416713581,NA
-0.514179375858955,NA
-0.234229378232933,NA
-1.12226674552323,NA
0.246907440090184,NA
0.0508304188780006,NA
0.26568722523596,NA
-0.214706232946582,NA
-0.141623899532331,NA
0.134553268178875,NA
-0.792923134309375,NA
-0.857577229168458,NA
-0.130227461493543,NA
-0.520071505219576,NA
0.261414962075606,NA
-0.218428075471931,NA
0.141380945067136,NA
1.76419724030392,NA
-0.0438276123160734,NA
-0.00690716587525095,NA
0.136637846709157,NA
-0.628692694403779,NA
-0.267225021159417,NA
-0.628692694403779,NA
-0.690497771447639,NA
-0.628692694403779,NA
0.491319707227002,NA
-0.966354958666867,NA
-0.355750588856552,NA
-0.432784173751564,NA
-0.840098752644617,NA
-0.308973540301456,NA
-0.308973534526076,NA
-0.615800185272075,NA
-1.04507571838499,NA
-0.321057262079477,NA
-0.325787307104787,NA
0.123213946429298,NA
-0.801124273260324,NA
-0.478397394039381,NA
0.472127963030984,NA
0.432421170399197,NA
0.540183776082294,NA
-0.764149378729853,NA
-0.636875149022057,NA
-0.383795966472982,NA
-1.66192218807492,NA
-0.36727374892014,NA
0.390620178168411,NA
-1.19662552562052,NA
0.348771906032147,NA
-0.384203574404615,NA
-0.455292187014839,NA
-2.31081885651098,NA
-2.31081885651098,NA
-2.28331391197684,NA
-2.33068722471615,NA
-2.31076469168697,NA
-1.42328417383489,NA
-2.31081885651098,NA
-1.42327755432904,NA
-0.170137992128254,NA
2.33081004011594,NA
2.32761446070812,NA
0.408534223357426,NA
2.33081004011594,NA
0.433285026836861,NA
1.41186645893796,NA
0.433285026836861,NA
2.32761446070812,NA
1.56033045955434,NA
1.11010164153335,NA
-0.364849158328186,NA
-0.430651780310864,NA
1.32846651024355,NA
2.29939931725209,NA
2.04121052203819,NA
-2.3825765593542,NA
2.2993993184552,NA
-0.288345893007469,NA
0.893299730306689,NA
-0.408037366750457,NA
-1.32253843122001,NA
2.32761446070812,NA
2.32761446070812,NA
0.433285026836861,NA
1.06410558031497,NA
0.196944012091121,NA
-0.369832783103591,NA
2.33081004011594,NA
2.33081004011594,NA
0.200983333467378,NA
1.40841714392411,NA
0.944961053508607,NA
1.04524969318833,NA
1.12016846971118,NA
2.31367173504911,NA
1.95034382258974,NA
0.865117028360096,NA
1.36708233505575,NA
2.0627990941462,NA
1.15771120194545,NA
0.21487719923098,NA
1.12031354686474,NA
-0.486892030985752,NA
2.32761446070812,NA
1.84199944921732,NA
1.27397907162517,NA
1.1761508133278,NA
1.21056835301127,NA
1.09192132808283,NA
1.12584458747414,NA
0.456545662787886,NA
1.13243091855626,NA
1.13647048536763,NA
-1.57795166575188,NA
1.37080323486476,NA
1.60265178498095,NA
1.62038458202838,NA
2.31367173504911,NA
1.86668589106568,NA
-0.268854038389927,NA
-0.0261968454720792,NA
-0.466605298683856,NA
2.33081004009497,NA
-0.613769026252122,NA
-0.740332437016541,NA
-0.740332420958865,NA
0.317898847483735,NA
0.277344545365828,NA
0.205955341652985,NA
0.845770422860097,NA
0.273139528782887,NA
0.251309295586947,NA
0.816088238864626,NA
-0.00739501774584476,NA
0.366759769364306,NA
0.308407053354955,NA
0.376266080606487,NA
0.360527412981601,NA
0.0732817156577258,NA
-1.82580395607365,NA
-2.36513021634214,NA
-1.00951815931386,NA
-0.778023170864514,NA
-0.940011444463761,NA
-0.516207292737557,NA
-0.38382510391365,NA
-0.781614806054994,NA
-1.12606290063894,NA
-0.401529861844389,NA
-0.43065177909954,NA
0.160762420251412,NA
-0.707619696807472,NA
-0.560844240759991,NA
-0.272295701930955,NA
-0.267194610124077,NA
0.160513518938866,NA
-3.24460646903801,NA
0.819040589848148,NA
0.765807231903277,NA
-0.267081731148873,NA
2.33081004011594,NA
-0.373462725269356,NA
-0.302325807545561,NA
-0.243986588425834,NA
-0.347888602325023,NA
-1.30533695195549,NA
-0.290549986474788,NA
-1.20216766470005,NA
-1.21246018687359,NA
-0.219135081389384,NA
-0.325735871782609,NA
-1.23423985732521,NA
-0.318718088886233,NA
0.664622329135803,NA
-0.330692855184567,NA
-0.318718088886233,NA
2.32116954652729,NA
-1.2520150875466,NA
-0.783523266162559,NA
-0.362997185014102,NA
-0.717637913737495,NA
1.79738541236402,NA
2.32761446070812,NA
1.84199944921732,NA
0.290678506864816,NA
2.33081004011594,NA
0.296207716665114,NA
-0.388011789737876,NA
-0.523824939312677,NA
0.502670893265136,NA
0.0567760132559436,NA
-0.0356097317186655,NA
0.0567760132559436,NA
-0.126313629882104,NA
-0.124816431010707,NA
0.0847624537005514,NA
-0.0691182413576367,NA
-0.0627988719919674,NA
-0.0356097317186655,NA
0.845769473356133,NA
-0.0646923790872404,NA
-0.216113547830005,NA
-0.245572209979918,NA
-0.258089491931467,NA
0.588124842756919,NA
0.588124842756919,NA
0.588124842756919,NA
-0.0697324180844514,NA
1.86935894568114,NA
-0.82620172936223,NA
1.12673876521126,NA
0.0119457782492247,NA
1.11253495072489,NA
-1.63116334468476,NA
0.434677431298915,NA
0.290732374334862,NA
0.459709544139986,NA
0.407038637925289,NA
-0.624104829745093,NA
-2.08831395997124,NA
-0.757129812235868,NA
-0.227356320470995,NA
-0.175420490213785,NA
-0.475060863981588,NA
-2.6420154269738,NA
-0.697284137970224,NA
-0.928552725453768,NA
-0.598823496144718,NA
-2.87642257730315,NA
-0.301600783924835,NA
-0.259709165900792,NA
-0.264153657195437,NA
-0.264153657195437,NA
-0.2315488397897,NA
-0.256544752352109,NA
0.0224921467451965,NA
-1.54958764335609,NA
-0.120678913608825,NA
-0.130893792555059,NA
-2.90919234754202,NA
1.55726343091296,NA
1.14343966722709,NA
1.68017294803704,NA
1.68017294803704,NA
2.04270475945906,NA
-1.23918621196551,NA
0.276298472671173,NA
-0.325354215570532,NA
-0.439631835470232,NA
-0.844598757808764,NA
-0.546540314285363,NA
-0.546540314283257,NA
-0.288080648039082,NA
-1.04801776696849,NA
-2.96430407527808,NA
-2.96430407527808,NA
-0.671111443185306,NA
-1.04525330239937,NA
-0.334395324828903,NA
1.92453803970033,NA
2.2933177959764,NA
-0.367561237584982,NA
0.782291684136938,NA
1.0212382346629,NA
2.06694195518652,NA
1.13236473356659,NA
1.06424520946204,NA
-0.10357777927139,NA
-0.10357777927139,NA
-0.744850182506817,NA
0.308407053354955,NA
-2.38743046896697,NA
-2.24828120924888,NA
-2.42013844435074,NA
-2.32855282925526,NA
0.649615626178438,NA
-2.36232028401845,NA
-2.34949135867405,NA
-2.30324444022492,NA
-2.38057001272632,NA
-2.36107722730882,NA
-2.36107722730882,NA
-2.27760090913932,NA
-2.31946596335611,NA
-2.32199416014882,NA
0.647691431851276,NA
0.77566587150907,NA
1.61539260695524,NA
-0.389226688383399,NA
-0.389226688383399,NA
-0.206980987219028,NA
0.979275793885086,NA
-0.356819659649936,NA
-0.457317110083629,NA
-0.787556539722034,NA
-0.701656905117879,NA
0.548820794836574,NA
0.50700596890014,NA
-1.7522368970138,NA
0.485089181150734,NA
-0.281768902630032,NA
-0.24755942954573,NA
-0.572451144710366,NA
-0.276238402173069,NA
0.0801750663070657,NA
-0.721609163513487,NA
-0.540658201584581,NA
-0.264456767229494,NA
-0.359347382631896,NA
-0.44400469957624,NA
-0.838254777009977,NA
-0.436051762326856,NA
-2.90920714711491,NA
-0.34334835620295,NA
0.75258207632752,NA
0.70001998295063,NA
0.00379613270849203,NA
-0.377593495335468,NA
0.841920864658398,NA
1.94302442129332,NA
-0.359347515963383,NA
1.35852433626231,NA
0.648380179894573,NA
0.82570953988344,NA
0.806485281168537,NA
0.65863107402574,NA
0.994000265488766,NA
0.994088502435605,NA
0.994000265488766,NA
-0.288447895370263,NA
0.896490514922835,NA
-0.228406585640007,NA
-0.290868549248348,NA
0.798287164953922,NA
1.10556173628338,NA
0.919738245200877,NA
1.15772490628629,NA
0.00318081661102986,NA
0.00318081661102986,NA
0.271397254512778,NA
0.308396326296325,NA
0.268794736630879,NA
-0.36792192368334,NA
-0.243249161168852,NA
0.376983672866106,NA
-0.371653527735186,NA
-0.593105820899052,NA
-0.593105820899052,NA
-0.593105820899052,NA
-0.423778862170248,NA
-0.351385655923418,NA
2.33081004009497,NA
-0.874258508809529,NA
-1.55373776018331,NA
-0.0146774801755532,NA
-0.989665566578589,NA
-0.929417768953689,NA
0.100508807128205,NA
-0.929417768953689,NA
0.747939659323692,NA
0.639622903986299,NA
-0.558664696432598,NA
-0.509722448056525,NA
-0.325638139037237,NA
0.482860547941257,NA
0.760762801531395,NA
0.798412383393723,NA
-0.381610562902828,NA
-0.335163106998042,NA
-0.367934226201574,NA
-0.36793429067937,NA
-1.42354339868241,NA
-0.209681397809579,NA
-0.653201239058142,NA
-0.764547949549113,NA
-0.317283033379116,NA
-0.262648384364359,NA
-0.457400036431051,NA
-0.253958227928436,NA
-0.494961828574847,NA
0.180876387549538,NA
-0.347442860413513,NA
-0.2672250307601,NA
-0.327164818287745,NA
0.700594202605987,NA
0.0773005858043245,NA
0.59603715408456,NA
0.841706938445436,NA
0.593352616103905,NA
0.649402025575701,NA
1.06083025788598,NA
0.484171619567666,NA
0.616155070936227,NA
0.674583601076224,NA
0.545766538006053,NA
-0.247559429672812,NA
0.132946817803487,NA
0.373486997638178,NA
-0.393143432600293,NA
-0.846805532944288,NA
-0.459804304556863,NA
-0.42332223503672,NA
-0.206980987219028,NA
-0.83160876225831,NA
-0.120970820012573,NA
-0.21053858278381,NA
-0.0668658883253341,NA
0.377422763808092,NA
-0.32985049330534,NA
0.377422763808092,NA
-0.0767683122031805,NA
-0.911266134277244,NA
0.212434729822358,NA
-0.165405207306997,NA
0.212434729822358,NA
-0.420986323093291,NA
-0.0310197177352567,NA
0.182268076296707,NA
0.395780004282392,NA
1.07971331417864,NA
-0.230413920845326,NA
-0.354207806050829,NA
-0.041896386277217,NA
-0.041896386277217,NA
-0.52200030878791,NA
-0.185586624709559,NA
0.398499686893838,NA
0.482276818653195,NA
-0.360721518248595,NA
-1.11050397014729,NA
-0.291189611988744,NA
-0.698576734854868,NA
-0.00380339434338835,NA
0.136637846709157,NA
-0.00690716586778601,NA
-0.00690716587525095,NA
-0.359554073674814,NA
-0.0971284335136877,NA
0.468403230098354,NA
-0.347313354402609,NA
-0.291989375687212,NA
-0.350652083037207,NA
-0.268313430598383,NA
-0.348387812991834,NA
1.64612077824577,NA
-0.234017767932276,NA
-0.795693101360948,NA
-0.263653398534901,NA
-0.240962759446257,NA
-0.222904907159999,NA
-0.290994521527795,NA
-0.618046555534445,NA
-0.499995734099253,NA
-0.454498318440804,NA
-0.331637531829966,NA
0.0655266912345019,NA
0.112769532269813,NA
-0.00244902586976725,NA
0.125856273209073,NA
-0.100331627066326,NA
-0.044657644154073,NA
-0.219446023673972,NA
0.799676510232819,NA
0.785114981732333,NA
0.785114981732333,NA
-0.593248716799757,NA
-1.41300112379913,NA
-1.41300112379913,NA
-0.356587635024647,NA
-0.346906808000561,NA
-2.3070428707772,NA
-2.32067636008057,NA
-0.248576316626633,NA
0.398305939362345,NA
0.455581303641373,NA
-0.206820824567792,NA
-0.518435608142621,NA
0.906811018005782,NA
-0.892305933454259,NA
0.473332176734804,NA
-0.443290894112391,NA
-0.902488986689696,NA
-0.374812107379739,NA
-0.343332180106215,NA
2.32761446070812,NA
1.03392688862033,NA
2.0482117567859,NA
-0.656784620205138,NA
-0.0876040323902582,NA
0.171433112170849,NA
1.49892726465962,NA
1.54776911148166,NA
2.33079781069912,NA
-0.743536763378318,NA
-0.26491220447639,NA
-0.0718213812686719,NA
-0.0354976245955062,NA
-0.0718213812686719,NA
-0.0718216319483973,NA
-0.389198276692591,NA
-0.281757889426249,NA
-0.247504377668236,NA
-0.247504377668236,NA
-0.281720838396387,NA
-0.483328428221674,NA
-0.389219017940298,NA
-0.359347382493279,NA
0.460348676193065,NA
0.235427810255075,NA
-2.99564803027388,NA
-3.45996822858466,NA
-2.99870859592295,NA
2.25885683300271,NA
-0.321985879160711,NA
-0.267054595154654,NA
-0.389190582656495,NA
-3.64913808997814,NA
-3.45996822858466,NA
-0.986406917082882,NA
0.308407053354955,NA
-0.321228745026534,NA
-0.329310555424926,NA
-0.334395019780505,NA
-0.288648144959224,NA
-0.841992505780652,NA
-0.291574490127593,NA
0.23542779285214,NA
0.264568052186837,NA
-0.0241011108042128,NA
-0.201860765223093,NA
-0.276213008828482,NA
-0.247834873375147,NA
-0.283510860626289,NA
-0.278125052699999,NA
-0.436027633819315,NA
-0.884118159223187,NA
-0.364837829942137,NA
0.0221543148945458,NA
-0.175192550165544,NA
-0.326043404719548,NA
-1.12982336271253,NA
-1.61016509645017,NA
0.152700381957572,NA
-0.4803097259168,NA
-1.56988942888912,NA
-0.168449714358918,NA
-0.240985117929269,NA
0.277900702547128,NA
-1.61016509645017,NA
0.0678912404775617,NA
0.217014235166337,NA
-0.288923578157724,NA
-0.260846026227901,NA
0.765575979554362,NA
0.71206207350104,NA
0.650558579306224,NA
0.708808010646539,NA
-0.909792585325973,NA
-0.98630213719152,NA
1.36329929092425,NA
1.18989697882908,NA
1.36329929092425,NA
1.35783406372481,NA
-0.285385876718278,NA
-0.359554073674814,NA
-0.231466491021411,NA
-0.870204741884462,NA
-0.429910705229567,NA
-0.509718438137727,NA
-0.223209938681677,NA
-0.170480312953859,NA
-0.292954160132445,NA
-0.311860635891283,NA
-0.359554073674815,NA
-0.127627403012023,NA
1.10962508852477,NA
-2.09396225821652,NA
-2.34716482840918,NA
-0.740343478570832,NA
-2.01250550703727,NA
-1.96909474959418,NA
-2.37354401989314,NA
-2.07947836020523,NA
-2.07866871963516,NA
-2.06298752022297,NA
-2.06394585920446,NA
-2.06394585920446,NA
-2.04784823076797,NA
-2.0906393398193,NA
-0.264679921330267,NA
-0.387112678662532,NA
-0.556569044194971,NA
-0.556569044194971,NA
-0.282073253298077,NA
-0.374042603426476,NA
-0.0998239704559783,NA
-0.276238402173077,NA
-0.374708082236367,NA
0.7228163666773,NA
-0.197033996524532,NA
-0.365951952169807,NA
-0.279713631617724,NA
-0.329303242128642,NA
0.651351957756145,NA
-0.361616215894651,NA
-0.377780055023867,NA
1.13000238141586,NA
1.12988166701641,NA
1.19493579020742,NA
0.355046087821091,NA
-0.188427240224209,NA
-0.188427240224209,NA
0.533438975228381,NA
-0.260017453420999,NA
0.0348700592487865,NA
0.751930999500122,NA
-0.389190582656495,NA
-1.53907374059266,NA
-0.355544222113858,NA
-0.250499966968154,NA
-0.397836317441017,NA
-0.389216163646223,NA
0.704572506065849,NA
-0.201453807215204,NA
-0.292031672484363,NA
-0.807599642266526,NA
-0.830269104867321,NA
0.830319499022735,NA
-1.07620446803054,NA
-0.377780055023867,NA
0.0736542138454046,NA
0.0674498461564136,NA
-0.0420686992419284,NA
-0.377557944947692,NA
-1.08073075170257,NA
-0.382761745051809,NA
-0.842952723384165,NA
-0.382761745051809,NA
0.511413308474514,NA
0.338976532364553,NA
-0.430651780310864,NA
0.291857872199304,NA
1.39941398954805,NA
1.13313066297248,NA
-0.641006976037021,NA
-0.371110712884135,NA
0.0962587169415126,NA
-0.361986676978638,NA
1.32800386544515,NA
1.1201800152474,NA
0.314480599232711,NA
1.47125866303124,NA
1.68463111026717,NA
1.06453281532881,NA
1.06453281532881,NA
0.100603704497954,NA
1.1201800152474,NA
-0.0986114271906772,NA
-0.398920836086161,NA
-1.64122058251528,NA
-0.673520934931355,NA
-0.458428366677106,NA
0.0622082151517037,NA
-0.217620523416767,NA
-0.73965258698718,NA
0.905303351893361,NA
-1.05594672584441,NA
1.12570990708403,NA
-1.49749952051689,NA
-0.330679215575913,NA
-0.301568582066786,NA
-2.90909518936746,NA
-1.5872167036447,NA
-3.11180784942899,NA
-0.380643261757985,NA
-0.561612460898339,NA
-0.424655393974871,NA
-0.0661494312933702,NA
-0.389190582656495,NA
-0.327677081477748,NA
-0.7672726809667,NA
-0.0530916172814796,NA
-0.279548938192138,NA
1.86930159022934,NA
-3.45892612252839,NA
-0.305090097458781,NA
-1.07429517787856,NA
-1.08115517360334,NA
-0.930621347771887,NA
-1.41047307902877,NA
0.855137936909209,NA
-0.259159889433902,NA
-0.188849256257122,NA
-0.327262075832641,NA
-0.407076292094174,NA
-0.26769303549072,NA
-0.104684780860333,NA
-0.10357777927139,NA
-0.317902941194037,NA
-0.253146746522518,NA
-0.430451204266594,NA
-0.389190582656495,NA
-0.41052276964447,NA
-0.206980987219028,NA
-0.389187689636622,NA
-0.302500316573365,NA
-1.40606249062882,NA
-0.323868602236699,NA
-0.527577765604252,NA
-0.926335696823478,NA
0.294476567603481,NA
-0.330581782829104,NA
-0.308650605145287,NA
-0.372438903381369,NA
-0.411997254143052,NA
-0.86019515795021,NA
-0.495953423266902,NA
-0.510828650247813,NA
-0.319728784920582,NA
1.51823016493396,NA
-1.5364852568406,NA
0.407470258456522,NA
1.76028024256654,NA
-0.378523748121391,NA
-0.682792096212551,NA
-0.806500869556891,NA
-0.418923379717327,NA
0.524278849458221,NA
0.524278849458221,NA
0.524278849458221,NA
-0.77844677468242,NA
0.524278849458221,NA
0.524278849458221,NA
0.493789425955493,NA
0.524278849458221,NA
0.473250597191948,NA
0.237128416872442,NA
-1.65791471726193,NA
-0.865534912565712,NA
-0.653610780280698,NA
-0.466046587518693,NA
-0.328315960022815,NA
1.66035196985183,NA
2.04121052159885,NA
2.33081004009497,NA
2.330797810771,NA
2.29939931725209,NA
-0.358243084711584,NA
2.31367173504911,NA
2.33081004009497,NA
0.0785054966457151,NA
0.0785305816720126,NA
0.137590237367916,NA
2.0482117567859,NA
2.32761446060436,NA
-0.247942053163917,NA
0.486956263208335,NA
0.308407053354955,NA
-0.447421319232511,NA
-0.91660160466444,NA
-0.445551005399398,NA
-0.176011208191079,NA
-0.557385908202744,NA
0.441917035645598,NA
-0.38536387174443,NA
0.122382781409366,NA
-0.267225034197002,NA
-0.230693774955415,NA
-0.334311426139714,NA
-1.06156945127576,NA
-0.132160954744936,NA
-0.270890392035494,NA
2.3136717352964,NA
0.220876769001153,NA
0.164147271881182,NA
-1.98547011632981,NA
-0.264912193279494,NA
-0.856902296638171,NA
-0.693712182053044,NA
-0.386740655337565,NA
-0.890540763365784,NA
-0.48778581313911,NA
-1.5739388338524,NA
-0.729970619303596,NA
-0.829761032747434,NA
-0.554810016839082,NA
-0.295891513586247,NA
-0.260846027378977,NA
0.507005320326872,NA
0.506881103954023,NA
-1.67597110426822,NA
-1.5863908702789,NA
-0.38433993173247,NA
-0.127506771990634,NA
-0.328094855722117,NA
0.1104645850806,NA
-0.319834082634727,NA
-0.515479338332077,NA
-0.327677081477748,NA
-0.267054595154654,NA
-0.727532387228655,NA
-3.45996822858466,NA
0.0298816831432248,NA
0.103133892540899,NA
-0.288031118414173,NA
-0.288080648039082,NA
-0.387049177710996,NA
-0.288031118414173,NA
-0.688423030352209,NA
-0.800187065188925,NA
-1.11970934400611,NA
-0.286694341649237,NA
-0.562793841771655,NA
-0.893305282779145,NA
-1.09820131790508,NA
-0.728809485844129,NA
-0.373249113923748,NA
-0.383795966472982,NA
-0.376600822434035,NA
-0.571877032361723,NA
-0.383795955580759,NA
-0.886536426402619,NA
0.201742922955281,NA
-0.062841418297434,NA
-0.0456774638727577,NA
-0.383833505004495,NA
-0.497994724640145,NA
-1.1453857454593,NA
-3.45996822858466,NA
-0.223711478683737,NA
0.164085050881728,NA
0.195925797670901,NA
-0.929365163514607,NA
-0.335841737617225,NA
-0.63552976663626,NA
-0.94747805083553,NA
-1.02535989802733,NA
-0.94747805083553,NA
-2.38387846102528,NA
0.266832381679431,NA
-2.39272242911102,NA
-0.447447668526955,NA
-0.356139920832114,NA
-0.0783287216116592,NA
0.0620737588619828,NA
-0.50576873309301,NA
-0.327626691339179,NA
-0.0243212471948576,NA
-0.406875445737993,NA
0.123213981704076,NA
-1.31088265323174,NA
-0.19419972184813,NA
-1.0217420579873,NA
0.790819087566957,NA
0.796154539675384,NA
0.790819087566957,NA
0.81303743098999,NA
0.796154539675384,NA
0.697140821827321,NA
0.84845915429943,NA
-0.505623709803014,NA
-0.977856774751647,NA
-0.24755942954573,NA
-0.104684780860333,NA
-0.247504377798065,NA
-0.371653527735186,NA
-0.558966516044391,NA
-0.371653527735186,NA
-0.371653527735186,NA
-0.593105820899052,NA
-0.593105820899052,NA
-0.593105820899052,NA
0.371842207424928,NA
0.524278849458221,NA
0.52692874298739,NA
0.462136393781349,NA
0.524278849458221,NA
0.498697781408449,NA
0.498697781408449,NA
-0.798716725543944,NA
0.108902221699942,NA
