"Model_Name","Theta_ATLAS","SE","Num_Items","Time_Taken_Sec"
"namespace-Pt/Llama-3-8B-Instruct-80K-QLoRA",0.256767377732025,0.0996911990485796,49,3.28620982170105
"mlabonne/Beyonder-4x7B-v3",1.26140083959449,0.0998508019238148,104,2.68465113639832
"Evillain/StarDust_20B_v0.2",-1.03997923144312,0.0997869029055075,62,1.37191915512085
"leveldevai/BeagleMist-7B",1.30596340964525,0.0998280052257897,111,2.51775360107422
"cookinai/DonutLM-v1",0.721046146558388,0.0992425603741256,40,0.984256505966187
"kwchoi/DPO_mistral_7b_ultra_0124_v1",-0.777995151344548,0.0998562604107211,62,1.29895901679993
"EmbeddedLLM/Mistral-7B-Merge-14-v0.2",0.992698001576093,0.0994186723960163,58,3.5865216255188
"soniox/Soniox-7B-v1.0",0.241809292886948,0.0991084727765617,44,1.71822905540466
"ibivibiv/multimaster-7b-v6",1.2226991016391,0.0999968769315894,98,2.99867606163025
"Isaak-Carter/J.O.S.I.E.3-Beta10-7B-slerp",0.367913183279538,0.0999065954337358,46,0.974156856536865
"JaeyeonKang/CCK_Asura_v1",0.415036018860738,0.0993465170588067,45,2.2026469707489
"giraffe176/WestLake_Noromaid_OpenHermes_neural-chat",0.583018642414912,0.0999477987628709,43,3.99259805679321
"xDAN-AI/xDAN-L1-Chat-RL-v1",0.140125008081866,0.099907953190092,44,0.966075658798218
"Nhoodie/Meta-Llama-3-8B-Uninstruct-function-calling-json-mode-model_stock-v0.1",0.613883978427139,0.0996414748465375,44,2.18407464027405
"abacusai/MM-OV-bagel-DPO-34b-c1000-250",0.757931236800908,0.0994693620823016,37,0.813714265823364
"Changgil/K2S3-Mistral-7b-v1.46",-0.491379715404973,0.0997546021837521,59,1.27217125892639
"Test157t/Echidna-7b-128k",0.0923042984940226,0.099514321184007,45,0.969460248947144
"netcat420/MFANNv0.2",-0.579501751925366,0.0998933903858046,59,1.18436717987061
"CohereForAI/c4ai-command-r-plus",-0.0389265439541992,0.0997727812889924,51,2.06727600097656
"ZhangShenao/0.001_idpo_declr_4iters_iter_4",-1.0242703117776,0.0994676208986234,61,4.96749591827393
"Ppoyaa/Lumina-5.5-Instruct",0.414822483807144,0.0991680826378464,49,1.98808574676514
"ajibawa-2023/General-Stories-Mistral-7B",0.468685669868507,0.0995060049639636,45,2.39495182037354
"BTAgent/BTAgent-v0.1",-0.737157792784378,0.0996162246712384,63,1.37025332450867
"flammenai/flammen23-mistral-7B",0.832015530186531,0.0995594073392424,42,1.70996856689453
"perlthoughts/Chupacabra-7B",0.485923940963491,0.0992311547935033,46,2.86542510986328
"jingyeom/freeze_KoSoLAR-10.7B-v0.2_1.4_dedup",-0.771529801160906,0.0999586282512456,60,1.27026891708374
"Eric111/Snorkel-Mistral-PairRM-DPO-openchat-3.5-0106-laser",-0.0505416312511824,0.0992673063152184,48,1.98896384239197
"indischepartij/MiniCPM-3B-Bacchus",-0.0512291590867866,0.099328169845911,48,1.99119591712952
"abhishek/autotrain-mixtral-8x7b-orpo-v1",0.143035374894767,0.0996364838901799,46,0.992863416671753
"CultriX/MergeTrix-7B-v2",1.11686613609049,0.0985270173953358,82,2.48089575767517
"openthaigpt/openthaigpt-1.0.0-70b-chat",-0.684207676614068,0.0996735517518548,63,2.59993553161621
"LeroyDyer/SpydazWeb_AI_BASE_128k",-0.263630092106233,0.0997007657495739,50,1.58587074279785
"bn22/Nous-Hermes-2-SOLAR-10.7B-MISALIGNED",0.432535528417578,0.0992396913810616,47,0.994793891906738
"Danielbrdz/Barcenas-13b",-1.83347765753684,0.0996457652923944,112,5.66141867637634
"chatty123/mistral_rank8_packing",-0.504090807009226,0.0994218372696858,58,1.2841362953186
"StrangeSX/Saraa-8B-ORPO-AUNQA-16bit",-0.592925315055032,0.0994466836929356,62,2.55846190452576
"migtissera/Synthia-70B",-1.3099595104315,0.0991788417529098,68,2.18929719924927
"vikash06/doctorLLM",-1.35226382443055,0.099485786990838,68,1.50017333030701
"jeonsworld/CarbonVillain-en-10.7B-v3",0.319632279108402,0.0992371006473587,45,0.995167016983032
"mlabonne/NeuralBeagle14-7B",1.25882109712414,0.0996815556851259,105,2.30544185638428
"InferenceIllusionist/Excalibur-7b",0.911359175235937,0.099884828489533,47,0.962312698364258
"ibivibiv/dolphin-ultrafeedback-dpo",-0.128678914188436,0.0996355796049658,49,0.998535394668579
"dillfrescott/trinity-medium",0.619530543988123,0.0993653130521273,44,0.980764865875244
"TeeZee/Xwin-LM-70B-V0.1_Jannie",-0.546981244130197,0.0993309533813794,62,1.28229737281799
"LeroyDyer/Mixtral_AI_base_128k",-0.262407938685743,0.0996742033533873,51,1.15725803375244
"jondurbin/airoboros-34b-3.2",0.015962545147582,0.0999523705866541,46,1.65720319747925
"robinsmits/Qwen1.5-7B-Dutch-Chat-Dpo",-0.609455775937233,0.0994339412280055,63,1.37766242027283
"NurtureAI/neural-chat-11b-v3-2",-0.0587053593571736,0.0991422738692878,48,1.07187342643738
"allknowingroger/Lamma3merge2-15B-MoE",0.45167509535631,0.0992919382154909,46,0.98011326789856
"NousResearch/Yarn-Mistral-7b-64k",-0.759853514778858,0.0995983474923892,62,1.28407454490662
"BlouseJury/Mistral-7B-Discord-0.1-DPO",-0.761865322370706,0.0995395430125032,62,1.37352347373962
"cookinai/NeuralLlama-3-ORPO",-0.758444660106044,0.0999209843072463,61,2.3827006816864
"Eric111/UltraCatunaMayo-DPO",1.28674184278269,0.0996107530276437,112,2.5880663394928
"Kukedlc/NeuralKrishnaMath-7B-slerp",1.38425734019898,0.0992440916879308,99,2.17867517471313
"GritLM/GritLM-8x7B",0.24265145294013,0.0997254903970678,46,0.987632274627686
"Minirecord/Mini_DPO_test02",-0.587868540308336,0.099536680313514,60,3.77569723129272
"MaziyarPanahi/Llama-3-8B-Instruct-v0.8",0.394867507697551,0.0997384045103532,45,1.04947590827942
"Inv/Elbrus-7B",-0.496738063532312,0.0998244093946008,59,1.27802658081055
"PocketDoc/Dans-AdventurousWinds-7b",-1.48011241822512,0.0999079110407035,75,1.66526341438293
"sail/Sailor-1.8B",-3.30167167755653,0.175638852777748,500,13.9417102336884
"cloudyu/mistral_11B_instruct_v0.1",-1.02586313997695,0.0995084565096634,59,3.8568971157074
"v1olet/v1olet_marcoroni-go-bruins-merge-7B",1.34880249643231,0.0998511939445854,109,5.58485746383667
"Alsebay/L3-test-2",0.515073619992598,0.0992662720765608,46,1.06260967254639
"paulml/NeuralOmniBeagleMBX-v3-7B",1.27654274936907,0.0998206455867519,108,2.46680998802185
"robinsmits/Qwen1.5-7B-Dutch-Chat-Sft",-0.53626016956918,0.0996512043761105,58,3.07005929946899
"MayaPH/GodziLLa2-70B",-0.358298590944229,0.0994069233073831,56,1.78370070457458
"Steelskull/Umbra-v2.1-MoE-4x10.7",0.492576482485728,0.0994734883214246,46,1.9653172492981
"TeeZee/GALAXY-XB-v.03",-0.2331295141434,0.09929117383354,50,2.48202013969421
"cookinai/OpenCM-14",1.10232605607968,0.0992682827951415,77,2.98368263244629
"PracticeLLM/SOLAR-tail-10.7B-Merge-v1.0",0.407902604832321,0.0991858830685782,45,1.04713296890259
"EleutherAI/pythia-2.7b",-3.56932139821582,0.209661615667162,500,15.8521237373352
"Weyaxi/Bagel-Hermes-2x34b",0.49691176094732,0.0998036441008704,45,2.835294008255
"TheBloke/robin-33B-v2-GPTQ",-1.17062785896549,0.0992010075728701,62,3.56970906257629
"SC99/Mistral-7B-summ-lora-tuned-8h",-0.286531925862339,0.0988068871201289,55,1.95522403717041
"alykassem/ds_diasum_md_mixtral",-0.0309709127839902,0.0997801555673352,47,3.56461191177368
"yleo/EmertonBeagle-7B-dpo",1.47934284901542,0.0986334708018969,30,1.31981301307678
"ResplendentAI/Paradigm_Shift_7B",-0.154640433773618,0.0999128693478662,50,2.02341890335083
"quantumaikr/quantum-v0.01",1.10708385218637,0.0998656585925235,76,4.41796803474426
"stabilityai/stablelm-2-1_6b-chat",-0.0695496144256967,0.0991371647204413,49,2.41318106651306
"kimou605/shadow-clown-BioMistral-7B-DARE",0.480137629180196,0.0994195354636871,46,2.02087473869324
"Aspik101/StableBeluga-13B-instruct-PL-lora_unload",-1.86299491491995,0.0999810355652186,115,6.23336625099182
"vanillaOVO/supermario_v1",1.18788442341796,0.0999275646216322,90,3.21838521957397
"vicgalleorg/test1",0.267083910469566,0.0998324946514734,43,3.02576756477356
"shyamieee/Padma-SLM-7b-v3.0",1.49103382593636,0.095397788602789,30,0.747264862060547
"CausalLM/7B-DPO-alpha",-1.29723191680037,0.099847329293531,65,2.61857724189758
"perlthoughts/Chupacabra-7B-v2.01",0.627821663677781,0.0998388927922,42,3.9510178565979
"grimjim/llama-3-experiment-v1-9B",0.444629692482243,0.0996640757037131,44,3.40437316894531
"mayacinka/CalmeRity-stock",1.48759257365066,0.0962293844059278,30,1.40349340438843
"Swisslex/Mixtral-Orca-v0.1",-0.509289967684998,0.0991677704046887,64,2.14649176597595
"aboros98/merlin1.4",-0.0706313073577625,0.0994410414233231,48,2.10526585578918
"NotAiLOL/Yi-1.5-dolphin-9B",-0.159991741488106,0.0994312361027911,52,2.70404458045959
"genaicore3434/Mistral-7b-instruct-v0.2-summ-sft-bf16-e1",-0.503338759756539,0.0992239988835398,60,3.5223708152771
"automerger/ShadowYam-7B",1.43156520784864,0.0994903065164604,63,3.93086242675781
"FuseAI/FuseChat-7B-VaRM",0.666062906217882,0.0993248779920852,42,2.53912138938904
"aiplanet/buddhi-128k-chat-7b",-0.509864387960805,0.0997076692789003,58,1.81091165542603
"saishf/Top-Western-Maid-7B",0.831022740050314,0.0977620506295179,44,1.92894983291626
"amu/dpo-Qwen1.5-0.5B-Chat",-3.055643631182,0.148547175065467,500,14.3457205295563
"PulsarAI/MetaMath-Chupacabra-7B-v2.01-Slerp",0.900308808423039,0.0993662114696712,48,1.59828972816467
"vihangd/smartsolmix-4x10.7b-v1",0.276672738549113,0.09949040736515,44,2.95162487030029
"aerdincdal/CBDDO-LLM-8B-Instruct-v0.1",0.24647059897158,0.0997512914805984,43,1.87565231323242
"Yuma42/KangalKhan-DesolatingRuby-7B",0.646429392548284,0.0996336115473834,41,2.24268412590027
"nisten/BigCodeLlama-92b",-0.519076482548872,0.099822950419932,61,1.84019589424133
"LeroyDyer/Mixtral_AI_CyberTron_DeepMind_III_UFT",-0.132591939559119,0.0995605797364253,48,1.20207929611206
"Locutusque/Llama-3-Orca-2.0-8B",0.167463597538198,0.0998090518710243,45,1.03436636924744
"meta-math/MetaMath-13B-V1.0",-1.74417283148952,0.0996667633222821,102,2.8068642616272
"nbeerbower/llama-3-bophades-v2-8B",0.519076338969086,0.0995922485988776,46,1.81368541717529
"Undi95/C-Based-2x7B",-0.232903193876598,0.0999205223462996,50,3.8047776222229
"shadowml/Mixolar-4x7b",0.296381295394436,0.099472799670676,44,2.57846903800964
"BFauber/lora_llama2-13b_10e5_r128_a64",-1.02290932913828,0.0996735383113507,60,1.49179029464722
"bhavinjawade/SOLAR-10B-OrcaDPO-Jawade",0.258835450858003,0.0999941571305804,43,1.79060912132263
"bababababooey/mergekit-slerp-mntqhzv",0.209306767252155,0.0993517633142409,44,1.06361484527588
"liminerity/Omningotex-7b-slerp",1.29687127925363,0.0998385501086349,111,5.36747169494629
"nlpguy/ColorShadow-7B-v3",-0.0843098062435012,0.0994401796808629,49,1.36656212806702
"ibivibiv/multimaster-7b-v4",1.12238732371162,0.0998076478583229,80,2.19631123542786
"leonarad/hope_for_7b_1.1v",-1.26857032854607,0.0996982356713591,63,4.30958914756775
"TheBloke/OpenOrcaxOpenChat-Preview2-13B-GPTQ",-1.79095038559339,0.0990740379592687,107,5.53722310066223
"eren23/NeuralDareBeagle-7B-slerp",1.25902986584189,0.0998839849468057,104,3.7008261680603
"Kukedlc/neuronal-7b-Mlab",1.0163019163882,0.0999094558925465,62,1.40280222892761
"M4-ai/Orca-2.0-Tau-1.8B",-0.63067045409572,0.0999575856178036,60,1.42497301101685
"JaeyeonKang/CCK_Asura_v2",0.275724627421339,0.0995482669531807,43,2.78377628326416
"giraffe176/Open_Maid_Samantha_Hermes_Orca",0.303855882697276,0.099507936718248,43,1.10356903076172
"camel-ai/CAMEL-13B-Role-Playing-Data",-2.01322351544484,0.0998715461125915,145,7.73072409629822
"TheBloke/WizardLM-30B-Uncensored-GPTQ",-1.25304547713611,0.0995615168028315,64,3.18740606307983
"aboros98/merlin1.5",0.00237575571157004,0.0996340856308882,46,1.08691668510437
"Kukedlc/Smart-LLama-3-8b-Python-v5",0.254029211415489,0.0991178600320819,44,2.00882363319397
"viethq188/Rabbit-7B-DPO-Chat",0.247061256536983,0.0990928860628249,53,2.27234959602356
"nlpguy/T3QM7X",1.50554465400921,0.0926948897231222,30,0.772834300994873
"cstr/phi-3-orpo-v9_16",0.411863670790787,0.0993947578460142,46,1.8282458782196
"crumb/apricot-wildflower-20",-0.808498566488345,0.0994721192630737,61,1.59961986541748
"migtissera/Tess-7B-v1.4",-0.320393304267311,0.0995162685080551,52,2.72215104103088
"vince62s/phi-2-psy",0.239143724423224,0.0995645527693879,44,1.02894401550293
"core-3/kuno-dogpark-7b",1.24635880252918,0.0998794439075208,105,3.48198819160461
"field2437/phi-2-test",0.00983825767987921,0.0994903830032979,46,1.42437148094177
"psmathur/model_42_70b",-1.35391702881194,0.0990342657081195,69,1.6651656627655
"jondurbin/nontoxic-bagel-34b-v0.2",0.0696368989301793,0.0999238295392592,45,1.89256739616394
"lcw99/llama-3-10b-it-ko-2024-0527",0.267938269822914,0.0993764713596747,44,2.51690530776978
"YKM11/Mistral-7B-adaptv0.9",1.23396191106864,0.0999090144163307,99,2.62042474746704
"nlpguy/T3QM7",1.47614506494152,0.0985248286453207,30,0.87337327003479
"automerger/Inex12Yamshadow-7B",1.29535447389785,0.0996869246031143,109,5.584153175354
"uukuguy/Orca-2-13b-f16",-0.0728389588924005,0.0997601049575716,49,1.49840784072876
"grimjim/zephyr-wizard-kuno-royale-BF16-merge-7B",0.625234545034328,0.0999584539015984,42,1.35889434814453
"Aryanne/Westest-7B",0.928193574309651,0.0991210469944209,51,1.20909237861633
"Gille/StrangeMerges_31-7B-slerp",1.44653681687029,0.0994512403098729,49,2.11249232292175
"Qwen/Qwen2-beta-72B",0.322492451437925,0.0997529667265473,46,2.00057697296143
"leonarad/hope_for_7b_1.0v",-1.23985371522881,0.0999731508077273,63,2.20609831809998
"jambroz/sixtyoneeighty-FNCARL-7B-slerp",1.24444876987843,0.0999118021915618,102,2.51971554756165
"mvpmaster/pmmpk-EinstainMorcoro14KrishnaHercules-7b-slerp",1.00878157622496,0.0999129985450158,60,1.9899628162384
"sequelbox/DiamondForce",-0.841067337028474,0.0995888836062542,60,2.88046312332153
"Kukedlc/NeuralSynthesis-7B-v0.3",1.46699050773305,0.099215390886073,33,0.787957906723022
"Langboat/Mengzi3-13B-Base",-0.0371345634912249,0.0996960420837491,47,1.89712858200073
"ibndias/Nous-Hermes-2-MoE-2x34B",0.478220980689823,0.0994290471815217,46,1.32385015487671
"yam-peleg/Experiment31-7B",1.30596413527114,0.0998672388365232,110,3.71560668945312
"Test157t/Prima-LelantaclesV6.25-7b",0.539513426070176,0.0997937211890203,47,0.920626163482666
"flammenai/flammen27-mistral-7B",0.993947760541304,0.0999183602225661,58,2.98647689819336
"Kquant03/Ryu-4x7B-MoE-bf16",0.203802798709559,0.0996543617440352,47,2.1908917427063
"DeepMount00/Phi-3-Mini-4K-Boost",0.64026838039124,0.0998810949952733,42,1.39317321777344
"lcw99/llama-3-10b-it-kor-extented-chang-pro8",0.222669603830103,0.0998640454894489,45,2.30387902259827
"Technoculture/MT7Bi-alpha-dpo",-0.806335385033162,0.0999364441210128,60,3.0905077457428
"EleutherAI/llemma_34b",-0.235238657754508,0.0996453571951567,54,3.07641077041626
"Suduk/Llama-3-8B-Viper-16bit-1",-0.748021260756314,0.0995673983778276,62,1.50723671913147
"jsfs11/MoEv4Config-TestWeightedTIES-7b",1.49902465177799,0.0936400422061841,30,1.16277837753296
"icefog72/IceLatteRP-7b",0.566740324583466,0.0999545509163036,45,1.20295739173889
"ZhangShenao/0.0005_llama_4iters_bs128_5551lr_iter_1",0.519934989072988,0.0999774358510912,45,2.0041983127594
"Test157t/Prima-Pastacles-7b-128k",0.394803665392902,0.099496933962081,45,1.03226065635681
"cookinai/BruinHermes",1.03014635837521,0.0995319672778615,65,1.49588537216187
"rwitz2/go-bruins-v2.1",1.03019192595735,0.0998805344224824,63,1.41663956642151
"NLUHOPOE/experiment2-cause-non",-0.784006453133193,0.0996737462370665,62,2.81097173690796
"indischepartij/MiniCPM-3B-OpenHermes-2.5-v2",-0.437413095633792,0.0991038112329791,58,2.67677116394043
"SCE/Mistral-7B-summ-ia3-pruned20",-0.47039739115148,0.0999905999715535,61,1.22586846351624
"gagan3012/MetaModelv3",0.308553186678422,0.0990400716947788,44,1.62985730171204
"Eurdem/megatron_1.1_MoE_2x7B",0.787246979206625,0.0997155448133602,38,1.30409669876099
"Weyaxi/neural-chat-7b-v3-1-Nebula-v2-7B",-2.3792019088666,0.0991204970583427,351,8.90595650672913
"binbi/MoMo-70B-V1.2_1",0.2282395682535,0.0999220581251305,44,1.01867413520813
"allknowingroger/Neuralmaath-12B-MoE",1.21501734108115,0.0998115818355525,97,4.41094875335693
"CHIH-HUNG/llama-2-13b-FINETUNE3_3.3w-r16-q_k_v_o",-1.78441671158685,0.0999656428951528,104,4.19599890708923
"SC44/Mistral-7B-private-oia",0.99149366224316,0.0984770517903595,63,1.55128765106201
"adamo1139/Yi-34B-200K-AEZAKMI-RAW-2301-LoRA",0.0729784739800036,0.0994942033489853,45,2.34716844558716
"FPHam/Karen_TheEditor_V2_STRICT_Mistral_7B",-0.75150512350468,0.0994250610072535,61,1.53682994842529
"hfl/llama-3-chinese-8b-instruct",-0.417307717991868,0.0995323357077432,56,2.30981278419495
"Xenon1/Eclipse-7B",0.538988633167015,0.099973868926467,45,2.1059877872467
"maywell/PiVoT-0.1-early",0.0613864816436814,0.0999330577403345,45,1.46086883544922
"Sao10K/Shiki-m7",0.198642186806651,0.0994615634107237,48,1.7809751033783
"PulsarAI/MetaMath-OpenHermes-2.5-neural-chat-v3-3-Slerp",0.755220580399695,0.0996361562645852,38,2.1014244556427
"Cran-May/Test2_SLIDE",0.517114540100564,0.0998920289272338,45,1.11020469665527
"abhishekchohan/mistral-7B-forest-merge-v0.1",-0.0241253108094489,0.0997296298526833,47,2.08026647567749
"titan087/OpenLlama13B-Guanaco",-1.81663299360777,0.0989311361532117,112,3.59783530235291
"vilm/Quyen-Plus-v0.1",0.259825833531233,0.099249290888957,44,1.48279356956482
"dreamgen/opus-v1.2-7b",-0.530913267271744,0.0997002398131151,59,1.57911610603333
"N8Programs/Thestral-v0.2",0.0468911121411016,0.0995867206932463,45,1.89042711257935
"Azazelle/Sina-Loki-7b-Merge",-0.0239546324601965,0.0988763669001778,50,2.11210417747498
"Samee-ur/NeuralPipe-7B-slerp-DPO",0.818244792729998,0.099244805002713,41,1.93423008918762
"Muhammad2003/TriMistral-7B-SLERP",0.192249143820077,0.0999508901498115,43,1.01244974136353
"swap-uniba/LLaMAntino-3-ANITA-8B-Inst-DPO-ITA",0.368186564498138,0.0997734985302239,44,1.30093812942505
"ChavyvAkvar/llama-3-lumimaid-habib",0.407317149852196,0.0997122197533399,45,1.39106965065002
"AwanLLM/Llama-3-8B-Cumulus-v0.1",0.0907758250711189,0.0995005279408058,45,2.20950675010681
"jebcarter/psyonic-cetacean-20B",-1.48524051511859,0.099841877861978,77,3.75374007225037
"nbeerbower/flammen15-gutenberg-DPO-v1-7B",1.2851644570405,0.0998599264309024,108,5.40703964233398
"argilla/DistilabelBeagle14-7B",-0.196720435013275,0.0995583144918897,52,1.38811945915222
"XuanXuanXuanXuan/Llama-2-13b-hf-gpt-4-80k",-0.941506382576825,0.0997368600057975,60,3.07006645202637
"openaccess-ai-collective/DPOpenHermes-7B-v2",0.582444582819269,0.0997185192160473,44,1.57449793815613
"MaziyarPanahi/M7Yamshadowexperiment28_Strangemerges_30Experiment26",1.48377431851917,0.0964906918870834,30,0.6007080078125
"Alsebay/Lorge-2x7B-UAMM",-0.750179963883607,0.0999109288082956,65,1.52927088737488
"aloobun/Cypher-7B",0.716392186061252,0.0991969115643974,39,0.904367685317993
"mayacinka/NeuralZephyr-Beagle-7B",0.46313409194446,0.0995372501742345,45,1.08830881118774
"NeuralNovel/Tanuki-7B-v0.1",-0.442963351336175,0.0991995197270899,57,1.96924781799316
"gagan3012/Multirial",-0.453937846475883,0.0998198384083649,58,3.50768375396729
"chatty123/mistral_rank32_sft",-0.691846329424819,0.0995591958702984,63,4.34075355529785
"allenai/digital-socrates-13b",-0.773339871142872,0.0998960441635141,60,2.30219411849976
"KnutJaegersberg/black_goo_recipe_d",-3.93758915463357,0.263726524696862,500,12.4960472583771
"Fredithefish/Guanaco-13B-Uncensored",-1.97456061234497,0.0999497242814136,135,5.75408935546875
"osanseviero/mistral-instruct-moe-experimental",-0.597419532565689,0.0992655130569588,61,2.62037897109985
"aivince/alpaca_mistral-7b-v0.2",-0.749376767457385,0.0997487518519738,61,1.46698832511902
"OpenBuddy/openbuddy-gemma-7b-v18.1-4k",-0.490142690643847,0.0997667750827641,58,1.69310021400452
"indischepartij/OpenMia-Indo-Mistral-7b-v3-refined",0.457245216687322,0.0992560294980946,47,1.92076349258423
"maldv/winter-garden-7b-delta",-0.257062596381306,0.0995555874059274,51,2.29880356788635
"decem/Dionysus-Mistral-m3-v5",0.0363720439535917,0.0998415160677528,46,1.87699127197266
"TheSkullery/Aurora_19e_Test",0.0581158054595344,0.0990484263709242,46,3.20337224006653
"Ritvik19/zephyr-danube2-sft-qlora",-0.768960328573088,0.0997404902871983,62,2.79856705665588
"FelixChao/WizardDolphin-7B",0.755555841295621,0.0997019030792081,38,0.813786029815674
"NotAiLOL/Boundary-Meta-Llama-3-2x8B-MoE",0.51710651838416,0.0999926385075455,47,2.29065871238708
"cloudyu/Yi-34Bx3-MoE-90B",0.721887912932044,0.0998541682394945,38,1.87976574897766
"jondurbin/airoboros-7b-gpt4",-3.08117427051163,0.15114869875241,500,13.859246969223
"mlabonne/Meta-Llama-3-12B-Instruct",0.14412905836995,0.0993678154953916,46,2.50717043876648
"dillfrescott/sonya-medium-x8-MoE",0.218706480945281,0.0997260853136822,43,1.58007192611694
"NeuralNovel/Pigris-7b-v0.4",0.830959294191797,0.0996588861543061,40,0.883740901947021
"l3utterfly/mistral-7b-v0.1-layla-v4",0.215187115682196,0.0993222895141345,45,0.963573694229126
"abhishekchohan/mistral-7B-forest-v0.1",-0.772859516405502,0.0996429115359792,62,2.82687258720398
"elyza/ELYZA-japanese-Llama-2-13b",-0.84724319023928,0.0992920313861079,61,1.513756275177
"Kquant03/Samlagast-7B-laser-bf16",1.10770915061624,0.0992128337545674,80,3.17309856414795
"kidyu/Moza-7B-v1.0",0.502531293215543,0.0992868288018259,48,1.78892779350281
"zhengr/MixTAO-7Bx2-MoE-Instruct-v7.0",1.25465461403629,0.0999293144724238,103,4.57679104804993
"uukuguy/neural-chat-7b-v3-1-dare-0.85",-0.681048404616758,0.0993825957696069,65,1.32653141021729
"bigscience/bloomz-7b1",-3.95938728219471,0.267083291165235,500,13.9346508979797
"automerger/YamShadow-7B",1.25622772882482,0.0997410974041226,105,3.56080889701843
"Changgil/K2S3-Mistral-7bx2-48layers_v1.2",-0.0430719379363676,0.0991951781522096,49,2.06647253036499
"VAGOsolutions/SauerkrautLM-Mixtral-8x7B-Instruct",0.247572464602338,0.0993100499852428,45,1.73074722290039
"l3utterfly/mistral-7b-v0.1-layla-v4-chatml",-0.0491537475316799,0.0998607861106872,47,1.7851665019989
"ResplendentAI/Persephone_7B",0.0867945933190869,0.0992153523320433,46,1.3756992816925
"jambroz/sixtyoneeighty-7b-chat",0.58163821196079,0.0999055276282437,44,0.977117538452148
"ChaoticNeutrals/This_is_fine_7B",0.726151875715888,0.0998098335630606,39,1.76177096366882
"openlm-research/open_llama_7b_v2",-2.72141592863701,0.117839174695665,500,13.2354171276093
"RESMPDEV/Wukong-0.1-Mistral-7B-v0.2",-0.467186969154572,0.099361334839094,57,2.31783556938171
"meta-math/MetaMath-Mistral-7B",0.67351745719102,0.0990706914791677,41,0.820382595062256
"LeroyDyer/Mixtral_AI_CyberBrain_3_0",-0.546767863403042,0.0996575153425792,59,1.50972080230713
"Test157t/Kunocchini-7b-128k-test",-0.0199673206245566,0.0996274013805985,48,2.2067334651947
"proto-llm/uniwiz-7B-v0.1",-0.755853231965358,0.0993752872559611,62,2.07858228683472
"GritLM/GritLM-7B",-0.334700731765901,0.0996006725197291,53,1.18072414398193
"TencentARC/LLaMA-Pro-8B-Instruct",-0.176435729679131,0.0991459137151982,49,0.999797344207764
"perlthoughts/Marcoroni-8x7B-v3-MoE",1.1489856768879,0.0994649664290937,86,2.29219245910645
"openaccess-ai-collective/DPOpenHermes-11B",0.0359701687289705,0.0992427792554925,46,1.76608848571777
"NLUHOPOE/experiment2-cause",-0.737130696374694,0.0999539468791912,62,3.39875841140747
"jan-hq/trinity-v1",1.25671645858176,0.0998535758371216,103,2.72974586486816
"Weyaxi/MetaMath-Chupacabra-7B-v2.01-Slerp",0.766574527257898,0.0992751678281784,39,1.68149447441101
"OpenBuddy/openbuddy-qwen1.5-14b-v21.1-32k",-0.249621986459524,0.0995808688417469,59,2.42047214508057
"kaist-ai/prometheus-13b-v1.0",-0.715019293807239,0.0995569980483261,62,1.46259427070618
"LeroyDyer/Mixtral_AI_CyberBrain_Coder",-1.0531713015509,0.0998619947485415,59,2.09216785430908
"aari1995/germeo-7b-laser",-0.346856146090333,0.0998531920035106,54,1.49331545829773
"grimjim/cuckoo-starling-32k-7B",0.408162973478522,0.0997442177414088,46,1.82392120361328
"01-ai/Yi-9B-200K",-0.293165660355919,0.099208192843648,52,1.79296183586121
"migtissera/Tess-7B-v2.0",-0.936327027818685,0.0996404584646843,61,2.09295773506165
"8xqmff94/slm",0.264721493942968,0.099636520573067,45,2.04105973243713
"rizla/rizla55b",-1.01377630899316,0.0998909376832127,61,3.38964676856995
"ehartford/dolphin-2.1-mistral-7b",-1.42263883606865,0.0996505193541961,71,4.29447650909424
"TitleOS/ExperimentOne",-0.724449699684659,0.0997348002551207,61,2.61179113388062
"julianweng/Llama-2-7b-chat-orcah",-2.61430345230671,0.109449531521266,500,12.7995064258575
"Weyaxi/Einstein-v5-v0.2-7B",0.484848637141346,0.0996957409173746,46,0.899747848510742
"gywy/llama2-13b-chinese-v2",-2.94164628101939,0.137411187394843,500,12.8059928417206
"psmathur/orca_mini_v3_70b",-0.746631103187451,0.0995471860188354,61,1.70164489746094
"pansophic/m3",-0.114664512575353,0.0995511468497596,48,1.01512932777405
"MTSAIR/MultiVerse_70B",1.0878768786687,0.0976304252667079,80,2.76291990280151
"mistralai/Mixtral-8x7B-Instruct-v0.1",0.188951443635835,0.0989984649959058,46,1.25646471977234
"abideen/Mistral-v2-orpo",-0.5383961314344,0.0991733081979539,60,1.70732378959656
"itsliupeng/Mixtral-8x7B-v0.1-top3",0.0450047124738632,0.0991605759139809,46,2.07703471183777
"nlpguy/Hermes-low-tune",0.424903865708435,0.0992918434623393,45,1.37198257446289
"jambroz/sixtyoneeighty-7b",0.56706085244471,0.0999581509123904,45,1.26735210418701
"OpenBuddy/openbuddy-gemma-7b-v19.1-4k",-0.410137839357871,0.0990018473743053,56,2.11044454574585
"Kukedlc/Neural-Krishna-Multiverse-7b",1.27277022591068,0.0997643634661579,107,2.39825320243835
"abhishek/zephyr-beta-math",0.146229474311372,0.0993837576261322,46,2.02648305892944
"mlabonne/Llama-3-8B-Instruct-abliterated-dpomix",0.507205104129003,0.0999179996804257,45,0.830449342727661
"Azazelle/xDAN-SlimOrca",0.257662062826627,0.0996244510101162,43,1.28470540046692
"janhq/supermario-v2",1.01002323014247,0.0998108385962637,60,1.56914520263672
"abacusai/Smaug-2-72B",0.251685167078951,0.0993504823027945,49,1.50480937957764
"grimjim/kuno-kunoichi-v1-DPO-v2-SLERP-7B",0.854838679789188,0.099807431595601,43,2.03501462936401
"Gille/StrangeMerges_52-7B-dare_ties",1.17664291516438,0.0999099867447536,90,2.18743491172791
"Kukedlc/Neural-Krishna-Multiverse-7b-v3",1.47852290954796,0.0981985011405477,31,1.18881034851074
"Eurdem/megatron_v3_2x7B",-0.277207647664578,0.0990817740846803,54,2.02255535125732
"ajibawa-2023/Code-Mistral-7B",0.542500959592857,0.0999957458975193,46,1.71834349632263
"Sao10K/Fimbulvetr-11B-v2",0.29663444690555,0.0991937029993618,45,0.839042901992798
"NovoCode/Novocode7b-v3",-0.506959312436026,0.099557798263848,58,1.12904262542725
"hamxea/Mistral-7B-v0.1-activity-fine-tuned-v3",-0.766454600117304,0.0999959420015302,63,1.32089900970459
"cognitivecomputations/dolphin-2.9-llama3-8b",0.274417803408371,0.0996524945366527,45,1.70359468460083
"Jingyu6/MergeTest-7B-slerp",0.970386580779697,0.0998287024400911,54,2.37199592590332
"ShenaoZhang/0.001_idpo_iter_2",-0.776812011735526,0.0993896725296897,63,3.7674503326416
"leveldevai/MBA-7B",0.927011695589816,0.0991583376420951,50,1.41202116012573
"G-reen/EXPERIMENT-SFT-m7b2-2-merged",-0.760626849486287,0.0994913032406666,61,2.22655749320984
"sethuiyer/OpenDolphinHermes_Llama2_7B",-1.02536757777737,0.0996487073601167,59,2.51068305969238
"flemmingmiguel/MBX-7B",1.27531807432346,0.0998118475115111,107,3.48617076873779
"fblgit/una-cybertron-7b-v3-OMA",0.998518749836278,0.0998367741867977,60,1.37207722663879
"Test157t/Pasta-PrimaMaid-7b",-0.168285701829756,0.0999005768097167,49,2.02088761329651
"SF-Foundation/Ein-70B-v2",1.00957544939099,0.0993037103370774,63,1.59869980812073
"raincandy-u/Qwen1.5-4B_llamafy",0.0339538764322156,0.0992291679135571,47,1.07718706130981
"nlpguy/StarFusion-alpha2",0.519874355783062,0.0994873155059466,48,1.30691719055176
"automerger/Experiment29Pastiche-7B",1.40678473540761,0.0996264636687163,84,3.89836716651917
"sophosympatheia/Aurora-Nights-70B-v1.0",0.314072547866577,0.0992515233892319,45,0.883372068405151
"eswardivi/llamathon",0.149164217172036,0.0997633813651755,45,1.21337056159973
"mistralai/Mistral-7B-v0.3",-0.790621863408438,0.0995780778432068,61,1.35242891311646
"juhwanlee/llmdo-Mistral-7B-case-7",-0.569751654937519,0.0994020644087848,61,2.97075867652893
"ibivibiv/llama-3-nectar-dpo-8B",0.494338022688766,0.0998590480824069,45,1.40542554855347
"Linly-AI/Chinese-LLaMA-2-7B-hf",-2.01569006981655,0.0998309015551177,146,4.47761750221252
"cloudyu/Mixtral_7Bx2_MoE",0.755180546433042,0.0988833588505363,40,2.48471760749817
"kyujinpy/PlatYi-34B-Llama",-0.404521594763719,0.0999316135100007,57,1.17866182327271
"TomGrc/FusionNet_7Bx2_MoE_v0.1",1.22867935638345,0.0999569191935908,98,2.37908148765564
"jarradh/llama2_70b_chat_uncensored",-1.29713830986431,0.0997184014581258,65,3.14363718032837
"abacusai/Slerp-CM-mist-dpo",1.25333440332272,0.0999829301697672,103,2.59853029251099
"TheBloke/VicUnlocked-alpaca-65B-QLoRA-fp16",-1.28732209934096,0.0995411853133125,67,2.73335385322571
"adowu/autocodit",0.28943315528284,0.0993416344134964,44,1.82044887542725
"Mihaiii/Metis-0.4",-0.993611219028974,0.0997988563594033,62,1.67375588417053
"ZhangShenao/0.0005_llama_4iters_bs128_5551lr_iter_2",0.539338752447367,0.0999369718981097,44,1.68726086616516
"xxx777xxxASD/L3_SnowStorm_4x8B",0.450357540303865,0.0992816974561876,46,1.29684352874756
"athirdpath/Iambe-20b-DARE-v2",-0.788040423597559,0.0998638913453649,60,2.51666831970215
"core-3/kuno-royale-v2-7b",1.23440027275052,0.0997969303488215,101,2.33203911781311
"BlueNipples/TimeCrystal-l2-13B",-0.897549348668041,0.0998486442280105,62,1.64330387115479
"Medilora/medilora-mistral-7b",0.0138085182222762,0.0996440940654552,46,1.00010466575623
"TheBloke/Kimiko-v2-13B-fp16",-1.86307468258994,0.0994564094911514,116,3.34203124046326
"ammarali32/multi_verse_model",1.4127374186874,0.0999638312949437,81,3.18654918670654
"ChuckMcSneed/ArcaneEntanglement-model64-70b",-0.0228089073829505,0.0998882546467679,47,2.71909475326538
"abacusai/Smaug-Mixtral-v0.1",0.280393508374815,0.0992629909844267,45,1.22325301170349
"paloalma/ECE-TW3-JRGL-V1",0.36651467531291,0.0996274760411526,44,1.62202095985413
"922CA/Llama-3-monika-ddlc-11.5b-v1",0.295365870479802,0.0994539064348874,43,1.89459633827209
"Syed-Hasan-8503/Llama-3-8B-NOLA",-0.399821915428451,0.0990751136905542,56,1.23845171928406
"Inv/Konstanta-7B",1.11103817352944,0.0988099042802258,81,2.71193289756775
"garage-bAInd/Camel-Platypus2-70B",-1.43737396995709,0.0994689898489242,73,1.68802952766418
"netcat420/MFANNv0.8",0.291631881537915,0.0994404066014073,45,1.21204042434692
"jpquiroga/Mistral_7B_dare_slerp_merge_instruct_open_orca",-0.467443820404747,0.0993833277618131,58,1.1969747543335
"qblocks/zephyr_7b_norobots",-1.08132515292577,0.0996319388723836,60,2.19295597076416
"gordicaleksa/YugoGPT",-0.851290146851376,0.0998854735232622,60,1.19463157653809
"BramVanroy/llama2-13b-ft-mc4_nl_cleaned_tiny",-1.97262654945357,0.0994932386156433,140,3.81688737869263
"nlpguy/T3QM7XP",1.49651663641576,0.0944460946050096,30,1.09303665161133
"yunconglong/Truthful_DPO_TomGrc_FusionNet_7Bx2_MoE_13B",1.00446836301772,0.0999951486826345,59,2.44071960449219
"arlineka/Brunhilde-13b-v1",-1.2134454654483,0.0997485239274946,62,2.39691019058228
"SrikanthChellappa/Collaiborator-MEDLLM-Llama-3-8B",0.315414030320576,0.099935877776022,43,1.13572597503662
"chanwit/flux-7b-v0.1",0.859300229646632,0.0983757969905144,44,1.99148344993591
"juhwanlee/gemma-7B-alpaca-case-0-2",-0.416418546729386,0.099619409642466,58,1.1765034198761
"Kukedlc/Neural-4-QA-7b",1.26421499324935,0.0999259953678473,106,2.67509984970093
"rhysjones/Phi-3-mini-mango-1-llamafied",0.765248780062441,0.0993206775657581,39,0.817967891693115
"ewqr2130/alignment-handbook-zephyr-7b_ppo_5e7step_102",-0.765529030056836,0.0994097223261805,61,1.14144134521484
"AurelPx/NeuralPipe-7B-slerp",0.889558508166366,0.099989494097568,45,1.788498878479
"Nexusflow/Starling-LM-7B-beta",0.628705903401681,0.0998376676620811,43,1.30451989173889
"diffnamehard/Psyfighter2-Noromaid-ties-Capybara-13B",-0.701932325854976,0.0996112982208937,61,2.610196352005
"ChaoticNeutrals/Bepis_9B",-0.321599925274318,0.099776443274385,55,1.49445724487305
"Brillibits/Instruct_Mixtral-8x7B-v0.1_Dolly15K",0.0623589961708725,0.0993907402101275,46,1.07620692253113
"abideen/AlphaMonarch-daser",1.13258207843909,0.0987762590315225,85,2.63989877700806
"ichigoberry/pandafish-2-7b-32k",-0.216141036352016,0.0992108451169905,50,1.09773802757263
"Yuma42/KangalKhan-RawRuby-7B",0.620201600855087,0.0990934932152397,44,2.00072574615479
"Xwin-LM/Xwin-Math-70B-V1.0",0.223647899618519,0.0997764756066386,44,0.82108211517334
"Yuma42/KangalKhan-ShatteredRuby-7B",0.530090671274813,0.0996475990424719,46,0.918797492980957
"AIGeekLabs/radiantloom-mixtral-8x7b-fusion",-0.0284487794944297,0.099814564513961,48,1.36451625823975
"chujiezheng/tulu-2-dpo-70b-ExPO",0.302765701780215,0.0999682792452772,43,2.17449188232422
"TheBloke/llama-2-70b-Guanaco-QLoRA-fp16",-1.40602745952136,0.0988617859299481,72,1.6322078704834
"NurtureAI/openchat_3.5-16k",-1.30793219454513,0.0996686651709812,65,2.02467894554138
"itsliupeng/openllama-7b-icl",-1.49470822353983,0.0998513887281743,76,2.3939733505249
"allknowingroger/StarlingMaxLimmy2-7B-slerp",0.775436719538873,0.099095730814158,38,1.6374979019165
"Undi95/MXLewd-L2-20B",-1.97224712685921,0.0994743438092244,139,2.84735512733459
"ibivibiv/multimaster-7b-v2",0.939169748872412,0.0993489642932218,52,1.80800890922546
"Orenguteng/Llama-3-8B-Lexi-Uncensored",0.454405099846555,0.0992096174439539,46,1.71084070205688
"Himitsui/Kaiju-11B",0.401749477621822,0.0997638060486261,45,1.11930680274963
"KKare/Misgit-7B-slerp",0.209515755821119,0.0996937099665812,44,1.84487891197205
"FelixChao/NinjaDolphin-7B",0.739473395464178,0.0994449736935347,38,1.45971655845642
"lodrick-the-lafted/Grafted-Wind-Elementals-2x70B",0.522627315164058,0.0997526649162587,46,1.0852370262146
"perlthoughts/Falkor-16b",-0.503827386098236,0.0998292524854326,60,2.11769676208496
"SanjiWatsuki/Silicon-Maid-7B",0.628301654770538,0.0995271953403375,43,1.90305304527283
"microsoft/Orca-2-13b",-0.353701834353171,0.0994429743260044,55,1.22945094108582
"fzzhang/Marcoroni-neural-chat-7B-v2_gsm8k_merged",0.392875873679806,0.0998579134852127,44,1.00086784362793
"HuggingFaceH4/mistral-7b-grok",-0.747877016869351,0.0999116960083613,62,1.49765467643738
"tiiuae/falcon-40b-instruct",-0.522339602393627,0.0997133896131662,59,2.05963182449341
"AA051611/A0119",0.281481589537664,0.0993867499345198,45,1.20352077484131
"netcat420/MFANNV0.8",0.306129304021669,0.0993005009056412,45,1.39651823043823
"Sao10K/Zephyrus-L1-33B",-1.76054005883807,0.0998713767042691,100,2.67870283126831
"InnerI/InnerILLM-OpenPipe-Nous-Yarn-Mistral-optimized-1228-7B-slerp",0.246206613431304,0.0994374484937813,44,1.61379218101501
"Gille/StrangeMerges_30-7B-slerp",1.53307715804969,0.0898994820730762,30,0.844194650650024
"TehVenom/Metharme-13b-Merged",-1.97761064201402,0.0999936737101858,136,2.63282656669617
"EmbeddedLLM/Medusa2-Mistral-7B-Instruct-v0.2",-0.510020407252297,0.0999349466338123,59,1.29928588867188
"jambroz/sixtyoneeighty-7b-dpo",0.548373129885687,0.09943417134943,49,1.17680859565735
"jukofyork/Eurus-70b-sft-fixed",-0.230414063201328,0.099618738450397,51,1.92428946495056
"01-ai/Yi-9B",-0.247686646810831,0.0994711437315045,51,1.68378281593323
"Ritvik19/openhermes-danube2-sft-qlora",-3.65336025840364,0.221346998800337,500,10.751181602478
"flammenai/Mahou-1.1-llama3-8B",0.64276182363952,0.0991776020866156,45,1.1632993221283
"01-ai/Yi-34B-Chat",-0.278144432041041,0.0995280761272757,52,1.47825837135315
"Gille/StrangeMerges_16-7B-slerp",0.951752274033467,0.099799162906522,52,1.38113570213318
"Abhaykoul/EMO-1B",-0.267880845433714,0.0998548154422311,50,1.40431714057922
"NousResearch/Yarn-Mistral-7b-128k",-0.827389772045992,0.0997622888900057,60,1.4488890171051
"yam-peleg/Experiment21-7B",1.05004853393,0.0993581986737736,67,1.61880946159363
"andysalerno/openchat-nectar-0.4",0.819892704947456,0.0998095488662077,39,0.817898273468018
"cloudyu/Yi-34Bx2-MoE-60B",0.729721418931855,0.0994986870714728,41,0.784953594207764
"whiterabbitneo/WhiteRabbitNeo-13B",-1.2000395540835,0.0994453366544051,62,1.81865048408508
"teknium/OpenHermes-2.5-Mistral-7B",-1.25646494833359,0.0998789949753568,94,1.91950035095215
"Steelskull/VerA-Etheria-55b",-0.736257042255701,0.0994013769095121,61,1.39943170547485
"Weyaxi/Instruct-v0.2-Seraph-7B",0.237116563445024,0.0997003732241332,44,1.46068930625916
"jeiku/Zephyr_beta_32k_7B",-0.45157428746021,0.0996972659641143,57,1.29566097259521
"aloobun/CosmicBun-8B",0.499648781094561,0.0991883935269186,46,1.21235418319702
"BarraHome/Lucie-7b",-0.491997781739171,0.0992758925181663,58,1.70140719413757
"amazingvince/Not-WizardLM-2-7B",-0.336446247277248,0.0992919148052731,54,1.20131301879883
"Gille/StrangeMerges_49-7B-dare_ties",0.998023065247629,0.0997543345544902,59,1.4002046585083
"ddyuudd/m_b_8_32",-0.807088857786721,0.0995482560264345,62,1.69209599494934
"vihangd/dopeyshearedplats-1.3b-v1",-3.90036717610672,0.257821885467836,500,11.2020189762115
"senseable/Trillama-8B",0.502039901313682,0.0994523985035905,45,1.11669278144836
"antiven0m/reverie-7b",0.560032033728636,0.0996974524137366,47,1.39250063896179
"pandego/my-first-blend",-0.976431771164575,0.0998757193442903,60,1.30408787727356
"AA051612/A0124",0.322778058253747,0.0997503544072122,44,1.07921385765076
"bardsai/jaskier-7b-dpo-v7.1",1.46694459792974,0.0996620819350014,32,1.02064442634583
"cognitivecomputations/dolphin-2.6-mistral-7b",-0.218518862370749,0.0993823192340417,53,1.42242813110352
"SanjiWatsuki/Lelantos-7B",0.809217287430861,0.0993724505334774,40,1.19077563285828
"Azure99/blossom-v3-mistral-7b",-0.137230408303327,0.0997270235580687,50,1.22473764419556
"elinas/chronos-33b",-1.84245178707871,0.0993291785903058,114,1.83197855949402
"PetroGPT/WestSeverus-7B-DPO",1.24260856623503,0.0998455945597182,101,1.767742395401
"AwanLLM/Awanllm-Llama-3-8B-Cumulus-v0.2",0.184125798777383,0.098911872964224,45,1.02493333816528
"RaduGabriel/MUZ",0.186141447387471,0.0999288005114176,44,0.86761736869812
"meta-llama/Meta-Llama-3-8B-Instruct",0.531370174515609,0.0997368966810707,45,0.90799617767334
"netcat420/MFANN3bv0.7.10",0.150255646661654,0.0997541199292042,44,0.926661491394043
"GreenNode/GreenNodeLM-7B-v4leo",0.780183112071738,0.0996075321187719,39,1.06650352478027
