"model","pirt_accuracy","theta","n_subset_items","n_all_items","avg_observed","avg_predicted","actual_accuracy","n_items","error","abs_error","squared_error"
"0-hero/Matter-0.1-Slim-7B-B",0.53761050117936,-0.32516472695205,99,864,0.527027027027027,0.538980127246133,0.537914691943128,844,-0.000304190763767975,0.000304190763767975,9.25320207617441e-08
"01-ai/Yi-34B-Chat",0.512362202392529,-0.686171065546103,99,864,0.554054054054054,0.506966786295156,0.604265402843602,844,-0.0919032004510729,0.0919032004510729,0.00844619825315009
"01-ai/Yi-9B",0.518492890936696,-0.667293092267962,99,864,0.594594594594595,0.508644435169203,0.542654028436019,844,-0.0241611374993229,0.0241611374993229,0.000583760565261188
"01-ai/Yi-9B-200K",0.471583296379088,-1.0368672934454,99,864,0.432432432432432,0.476649878772185,0.496445497630332,844,-0.024862201251244,0.024862201251244,0.000618129051057359
"922CA/Silicon-Monika-7b",0.576632612092841,0.0951094752122695,99,864,0.581081081081081,0.576056927870833,0.566350710900474,844,0.010281901192367,0.010281901192367,0.000105717492129599
"AA051610/C0322-reft",0.527241865217421,-0.537477556702014,99,864,0.581081081081081,0.520274437282124,0.588862559241706,844,-0.061620694024285,0.061620694024285,0.00379710993203456
"AA051610/FT",0.521264307653311,-0.515239550414913,99,864,0.513513513513513,0.522267351600814,0.561611374407583,844,-0.040347066754272,0.040347066754272,0.00162788579567368
"AA051611/A0118",0.486559942883759,-0.920037137965948,99,864,0.486486486486487,0.486569449005759,0.528436018957346,844,-0.0418760760735871,0.0418760760735871,0.00175360574732085
"AA051612/A0123",0.555029332256196,-0.239081542260353,99,864,0.621621621621622,0.546411506573611,0.624407582938389,844,-0.0693782506821931,0.0693782506821931,0.00481334166772122
"AA051615/A0305a",0.486091929754117,-0.90582734454146,99,864,0.472972972972973,0.487789677102265,0.537914691943128,844,-0.051822762189011,0.051822762189011,0.00268559868089879
"AA051615/A0306",0.547219906878661,-0.361345893555182,99,864,0.635135135135135,0.53584264204547,0.601895734597156,844,-0.054675827718495,0.054675827718495,0.00298944613670255
"abacusai/Llama-3-Giraffe-70B-Instruct",0.582883164637312,0.0204061068881521,99,864,0.689189189189189,0.569125914401187,0.643364928909953,844,-0.060481764272641,0.060481764272641,0.00365804380953131
"abacusai/Llama-3-Smaug-8B",0.460722962107918,-1.2955875239442,99,864,0.5,0.455640051321884,0.516587677725118,844,-0.0558647156172,0.0558647156172,0.00312086645099063
"abacusai/MetaMath-Bagel-DPO-34B",0.554126186413884,-0.271185673835438,99,864,0.635135135135135,0.543642675402898,0.633886255924171,844,-0.079760069510287,0.079760069510287,0.00636166868828582
"abacusai/Smaug-34B-v0.1",0.604827180343662,0.206097361759055,99,864,0.743243243243243,0.586914513380187,0.707345971563981,844,-0.102518791220319,0.102518791220319,0.0105101025532754
"abhishekchohan/Yi-9B-Forest-DPO-v1.0",0.50454309568236,-0.786468481377388,99,864,0.554054054054054,0.4981357951872,0.527251184834123,844,-0.022708089151763,0.022708089151763,0.000515657312924418
"abideen/AlphaMonarch-laser",0.728933590853054,2.22233948030338,99,864,0.77027027027027,0.72358413822259,0.716824644549763,844,0.012108946303291,0.012108946303291,0.000146626580575984
"abideen/Mistral-v2-orpo",0.522451748946155,-0.500239560892657,99,864,0.513513513513513,0.523608461766849,0.537914691943128,844,-0.015462942996973,0.015462942996973,0.000239102606127638
"abideen/PhigRange-2.7B-slerp",0.480564307722305,-0.999506264101466,99,864,0.486486486486487,0.479797908117529,0.550947867298578,844,-0.070383559576273,0.070383559576273,0.00495384545862677
"aboros98/lilo2",0.427267571191183,-1.6168541856818,99,864,0.391891891891892,0.431845600276973,0.41824644549763,844,0.00902112569355301,0.00902112569355301,8.13807087788823e-05
"ABX-AI/Silver-Sun-11B",0.572999841337528,-0.105597940058507,99,864,0.689189189189189,0.557963572792019,0.649289099526066,844,-0.0762892581885379,0.0762892581885379,0.0058200509149574
"adamo1139/LWM-7B-1M-1000000ctx-AEZAKMI-3_1-1702",0.422516668894132,-1.6440949518564,99,864,0.364864864864865,0.429977490592037,0.399289099526066,844,0.023227569368066,0.023227569368066,0.000539519978748317
"adamo1139/yi-34b-200k-rawrr-dpo-1",0.547092064215755,-0.383089820069554,99,864,0.648648648648649,0.533949447406793,0.591232227488152,844,-0.044140163272397,0.044140163272397,0.00194835401371387
"AGI-0/ThetaWave-7B-v0.1",0.61066578357875,0.339311646971181,99,864,0.689189189189189,0.600503931087987,0.619668246445498,844,-0.009002462866748,0.009002462866748,8.10443376671765e-05
"ajibawa-2023/Uncensored-Jordan-13B",0.462610372584057,-1.24640880908656,99,864,0.486486486486487,0.459520522549624,0.488151658767773,844,-0.025541286183716,0.025541286183716,0.000652357299918481
"AlanRobotics/nanit_v3",0.493344412139848,-0.831278162046598,99,864,0.486486486486487,0.494231908400871,0.517772511848341,844,-0.0244280997084931,0.0244280997084931,0.00059673205536808
"ALBADDAWI/DeepCode-7B-Aurora",0.436995080274976,-1.58464287816151,99,864,0.459459459459459,0.43408792532169,0.438388625592417,844,-0.00139354531744096,0.00139354531744096,1.94196855176162e-06
"ALBADDAWI/DeepCode-7B-Aurora-v2",0.45382959776438,-1.35077051740652,99,864,0.472972972972973,0.45135221979621,0.462085308056872,844,-0.008255710292492,0.008255710292492,6.81567524335584e-05
"alignment-handbook/zephyr-7b-dpo-full",0.576251899583443,0.0341734669000361,99,864,0.621621621621622,0.570380523790267,0.566350710900474,844,0.00990118868296908,0.00990118868296908,9.80335373357549e-05
"allknowingroger/JaskierMistral-7B-slerp",0.724918195413148,1.96049416024557,99,864,0.77027027027027,0.719049103372815,0.709715639810427,844,0.015202555602721,0.015202555602721,0.000231117696853823
"allknowingroger/JupiterINEX12-12B-MoE",0.679721127368609,1.06831214497803,99,864,0.72972972972973,0.673249425886581,0.706161137440758,844,-0.026440010072149,0.026440010072149,0.000699074132615342
"allknowingroger/LimyQstar-7B-slerp",0.640796702396958,0.669807947464642,99,864,0.689189189189189,0.634534145282669,0.638625592417062,844,0.002171109979896,0.002171109979896,4.71371854480402e-06
"allknowingroger/mergekit-slerp-zplzqvn",0.724752323114422,2.03973146093955,99,864,0.756756756756757,0.720610572878355,0.716824644549763,844,0.00792767856465892,0.00792767856465892,6.28480874245526e-05
"allknowingroger/NeuralCeptrix-7B-slerp",0.714925426472276,1.67384734744884,99,864,0.743243243243243,0.711260767831327,0.697867298578199,844,0.017058127894077,0.017058127894077,0.000290979727250688
"allknowingroger/ROGERphi-7B-slerp",0.613961765400825,0.425875230965355,99,864,0.648648648648649,0.609472874627577,0.632701421800948,844,-0.018739656400123,0.018739656400123,0.00035117472199467
"allknowingroger/Synthiallamaguanco-7B-slerp",0.420782559390887,-1.75290159562296,99,864,0.405405405405405,0.422772544024302,0.444312796208531,844,-0.023530236817644,0.023530236817644,0.000553672044694409
"Alsebay/Kilo-2x8B",0.473003349995899,-1.14416484797447,99,864,0.513513513513513,0.46776085824656,0.535545023696682,844,-0.062541673700783,0.062541673700783,0.00391146094929521
"Alsebay/L3-krai-test",0.48579349813934,-1.01240105859797,99,864,0.540540540540541,0.478708586769773,0.536729857819905,844,-0.050936359680565,0.050936359680565,0.00259451273750789
"alvarobartt/mistral-7b-orpo-alignment-handbook",0.568910521001063,0.000587216663989296,99,864,0.581081081081081,0.567335507343649,0.562796208530806,844,0.00611431247025696,0.00611431247025696,3.73848169839397e-05
"AmberYifan/test-spin-lora-iter2",0.499858554157037,-0.727199479540447,99,864,0.472972972972973,0.50333786466321,0.485781990521327,844,0.01407656363571,0.01407656363571,0.000198149643790194
"amu/spin-phi2-2",0.460302425825039,-1.34668134900907,99,864,0.527027027027027,0.451667477434194,0.565165876777251,844,-0.104863450952212,0.104863450952212,0.010996343345607
"andysalerno/mistral-sft-v3",0.52743071357602,-0.417016993505183,99,864,0.5,0.530980570627035,0.545023696682464,844,-0.017592983106444,0.017592983106444,0.000309513054583623
"Antonio88/TaliML-7B-V.1-ENG",0.512347119677564,-0.588487817088071,99,864,0.486486486486487,0.515693789855232,0.536729857819905,844,-0.024382738142341,0.024382738142341,0.000594517919317973
"arcee-ai/Clown-DPO-Extended",0.71883392389169,1.7568493182026,99,864,0.756756756756757,0.713926263167975,0.714454976303318,844,0.00437894758837198,0.00437894758837198,1.91751819817088e-05
"ArianAskari/NeuralHermes-2.5-Mistral-7B",0.589235069822778,0.204882309416202,99,864,0.608108108108108,0.586792676632912,0.591232227488152,844,-0.00199715766537401,0.00199715766537401,3.98863874036215e-06
"ArianAskari/SOLID-SFT-DPO-MixQV3-SOLIDChosen-SFTRejected-Zephyr-7b-beta",0.538141352618434,-0.318234604647966,99,864,0.527027027027027,0.539579677106733,0.530805687203792,844,0.00733566541464203,0.00733566541464203,5.38119870755753e-05
"Artples/L-MChat-Small",0.49187491426458,-0.870625339326276,99,864,0.5,0.490823432581172,0.54739336492891,844,-0.05551845066433,0.05551845066433,0.00308229836416764
"Artples/M-LChat-7b",0.611189320997487,0.361946962139677,99,864,0.675675675675676,0.602844028039133,0.637440758293839,844,-0.0262514372963519,0.0262514372963519,0.000689137960124297
"automerger/Experiment27Pastiche-7B",0.718804606570206,1.69998751429377,99,864,0.77027027027027,0.712144344209021,0.714454976303318,844,0.00434963026688795,0.00434963026688795,1.89192834586277e-05
"automerger/OgnoExperiment27-7B",0.717874842893802,1.72160096333009,99,864,0.756756756756757,0.712843065805655,0.719194312796208,844,-0.00131946990240606,0.00131946990240606,1.74100082335545e-06
"automerger/ShadowYam-7B",0.720846454396586,1.8385817973952,99,864,0.756756756756757,0.716199238797034,0.718009478672986,844,0.00283697572359998,0.00283697572359998,8.04843125629561e-06
"AwanLLM/Llama-3-8B-Dolfin-v0.2-Instruct",0.488972711719751,-0.970020477948657,99,864,0.540540540540541,0.482299227990001,0.546208530805687,844,-0.057235819085936,0.057235819085936,0.003275938986438
"azarafrooz/Mistral-7B-Instruct-v0.2-Selfplay-v0",0.531469412096543,-0.424812649992422,99,864,0.540540540540541,0.530295501356732,0.567535545023697,844,-0.036066132927154,0.036066132927154,0.00130076594431914
"azarafrooz/mistral-v2-7b-selfplay-v0",0.531693660202257,-0.441785655403382,99,864,0.554054054054054,0.528799962174378,0.569905213270142,844,-0.038211553067885,0.038211553067885,0.00146012278785979
"Azazelle/Mocha-Dare-7b-ex",0.548017213652822,-0.249799920780126,99,864,0.567567567567568,0.54548716785209,0.548578199052133,844,-0.000560985399311043,0.000560985399311043,3.1470461824017e-07
"Azazelle/Sina-Loki-7b-Merge",0.509957235843096,-0.618580981527742,99,864,0.486486486486487,0.512994626936305,0.522511848341232,844,-0.0125546124981359,0.0125546124981359,0.000157618294978351
"Azure99/blossom-v4-yi-34b",0.520853368777262,-0.676644564163825,99,864,0.621621621621622,0.507812771350345,0.612559241706161,844,-0.0917058729288991,0.0917058729288991,0.00840996712965139
"Ba2han/BruinsV2-OpHermesNeu-11B",0.623380528424245,0.51208435091123,99,864,0.662162162162162,0.618361728764043,0.635071090047393,844,-0.0116905616231481,0.0116905616231481,0.000136669231064623
"bababababooey/mergekit-slerp-bxtecvo",0.593390491600579,0.268527519815132,99,864,0.594594594594595,0.593234666507236,0.593601895734597,844,-0.00021140413401799,0.00021140413401799,4.46917078798961e-08
"bardsai/jaskier-7b-dpo-v3.3",0.725762408001688,1.85049755430511,99,864,0.797297297297297,0.716504951739904,0.70260663507109,844,0.023155772930598,0.023155772930598,0.000536189820013415
"BarraHome/Wistral-7B-Instruct-v0.3",0.523606326632232,-0.48561986581809,99,864,0.513513513513513,0.524912455388773,0.562796208530806,844,-0.039189881898574,0.039189881898574,0.00153584684322418
"bartowski/internlm2-chat-7b-sft-llama",0.450592390002406,-1.35282871872379,99,864,0.445945945945946,0.45119369452736,0.490521327014218,844,-0.039928937011812,0.039928937011812,0.00159432001089325
"beberik/Nyxene-11B",0.623466465490678,0.461990628879992,99,864,0.702702702702703,0.613212364204415,0.640995260663507,844,-0.017528795172829,0.017528795172829,0.000307258660210994
"BEE-spoke-data/Meta-Llama-3-8Bee",0.459411461439128,-1.26994641356542,99,864,0.472972972972973,0.457656442299454,0.507109004739337,844,-0.047697543300209,0.047697543300209,0.00227505563687531
"beowolx/CodeNinja-1.0-OpenChat-7B",0.566973533089208,-0.0238762376448931,99,864,0.581081081081081,0.565147850407907,0.572274881516588,844,-0.00530134842738006,0.00530134842738006,2.8104295148485e-05
"BFauber/lora_llama2-13b_10e5_r32_a16",0.473485438038114,-1.0739428828398,99,864,0.472972972972973,0.473551757046545,0.516587677725118,844,-0.0431022396870041,0.0431022396870041,0.00185780306603595
"BioMistral/BioMistral-7B",0.475331686512937,-0.966108063951413,99,864,0.418918918918919,0.482632162319222,0.453791469194313,844,0.021540217318624,0.021540217318624,0.000463980962133549
"BioMistral/BioMistral-7B-TIES",0.478109309336563,-0.949823149290929,99,864,0.432432432432432,0.48402043458298,0.471563981042654,844,0.00654532829390897,0.00654532829390897,4.28413224750453e-05
"budecosystem/code-millenials-34b",0.407838896161563,-1.87498418617883,99,864,0.351351351351351,0.415149049019355,0.380331753554502,844,0.027507142607061,0.027507142607061,0.000756642894405191
"CallComply/zephyr-7b-beta-128k",0.510951460737122,-0.586566262963392,99,864,0.472972972972973,0.515866323859542,0.51303317535545,844,-0.00208171461832796,0.00208171461832796,4.33353575216031e-06
"Changgil/K2S3-Llama2-13b-v1.0",0.439906893623405,-1.51404675346424,99,864,0.445945945945946,0.439125369205194,0.427725118483412,844,0.012181775139993,0.012181775139993,0.000148395645561352
"ChaoticNeutrals/Eris_Remix_DPO_7B",0.67329854064827,0.964946740615186,99,864,0.743243243243243,0.664246873253627,0.703791469194313,844,-0.030492928546043,0.030492928546043,0.000929818691314085
"ChaoticNeutrals/Prodigy_7B",0.693216688272293,1.14868426669146,99,864,0.797297297297297,0.679747432986704,0.693127962085308,844,8.87261869849665e-05,8.87261869849665e-05,7.87233625689123e-09
"chargoddard/internlm2-7b-llama",0.524754381187414,-0.490693735294123,99,864,0.527027027027027,0.524460274078758,0.539099526066351,844,-0.014345144878937,0.014345144878937,0.000205783181597693
"Charlie911/llama2-MultiLoRA-sharegpt-mmlu-drop-ffn-1.0general",0.398828233878633,-1.9880707643916,99,864,0.324324324324324,0.408469916291543,0.421800947867299,844,-0.022972713988666,0.022972713988666,0.000527745588005051
"ChavyvAkvar/llama-3-habib",0.485101249975506,-1.02167736039904,99,864,0.540540540540541,0.477926753549442,0.518957345971564,844,-0.0338560959960579,0.0338560959960579,0.00114623523609429
"ChavyvAkvar/llama-3-lumimaid-habib-v3",0.470860625745115,-1.23919373915233,99,864,0.554054054054054,0.460094417375723,0.530805687203792,844,-0.059945061458677,0.059945061458677,0.00359341039328456
"CHIH-HUNG/llama-2-13b-alpaca-test",0.470865825012938,-1.10966234760953,99,864,0.472972972972973,0.470593135276934,0.517772511848341,844,-0.0469066868354031,0.0469066868354031,0.00220023726987457
"chihoonlee10/T3Q-EN-DPO-Mistral-7B",0.726413174393779,1.95762872171078,99,864,0.783783783783784,0.718988742590366,0.714454976303318,844,0.0119581980904609,0.0119581980904609,0.000142998501570704
"chlee10/T3Q-platypus-SOLAR-10.7B-v1.0",0.548079870108946,-0.26925612865333,99,864,0.581081081081081,0.543809125159611,0.56042654028436,844,-0.012346670175414,0.012346670175414,0.000152440264420458
"cloudyu/19B_MATH_DPO",0.577172211727625,-0.0320157637541711,99,864,0.675675675675676,0.564424704628466,0.674170616113744,844,-0.096998404386119,0.096998404386119,0.00940869045345306
"cloudyu/4bit_quant_TomGrc_FusionNet_34Bx2_MoE_v0.1_DPO",0.595930042411958,0.103612402420024,99,864,0.743243243243243,0.576865981127909,0.696682464454976,844,-0.100752422043018,0.100752422043018,0.0101510505475344
"cloudyu/Mixtral-8x7B-Instruct-v0.1-DPO",0.573257678206576,-0.10225633228449,99,864,0.689189189189189,0.558254776785297,0.659952606635071,844,-0.086694928428495,0.086694928428495,0.00751601061522187
"cloudyu/Truthful_DPO_cloudyu_Mixtral_34Bx2_MoE_60B",0.599169508643027,0.19467330180593,99,864,0.702702702702703,0.585771095294128,0.669431279620853,844,-0.070261770977826,0.070261770977826,0.00493671646094048
"cloudyu/Truthful_DPO_TomGrc_FusionNet_34Bx2_MoE",0.610018543476221,0.298238033504361,99,864,0.716216216216216,0.59627531523928,0.693127962085308,844,-0.083109418609087,0.083109418609087,0.00690717546154046
"codellama/CodeLlama-34b-hf",0.447690957229523,-1.28258326785809,99,864,0.378378378378378,0.456660820374966,0.43957345971564,844,0.00811749751388302,0.00811749751388302,6.5893765887897e-05
"cognitivecomputations/dolphin-2.6-mistral-7b",0.558101512222665,-0.0980071725823138,99,864,0.554054054054054,0.558625300926839,0.569905213270142,844,-0.011803701047477,0.011803701047477,0.000139327358418209
"CohereForAI/c4ai-command-r-plus",0.565990624111133,-0.136309830682839,99,864,0.648648648648649,0.555293703288631,0.657582938388626,844,-0.091592314277493,0.091592314277493,0.00838915203470706
"Columbia-NLP/gemma-2b-zephyr-sft",0.423582835909941,-1.67806859543439,99,864,0.391891891891892,0.427684016900512,0.408767772511848,844,0.014815063398093,0.014815063398093,0.000219486103489516
"cookinai/titanbagel",0.557963648010356,-0.119878162249027,99,864,0.567567567567568,0.556720787832364,0.563981042654028,844,-0.00601739464367201,0.00601739464367201,3.62090382976926e-05
"core-3/kuno-royale-7b",0.676958382134685,1.03146664086261,99,864,0.72972972972973,0.670129148916503,0.694312796208531,844,-0.0173544140738461,0.0173544140738461,0.000301175687846507
"core-3/kuno-royale-v3-7b",0.673671770670884,1.00887808808157,99,864,0.716216216216216,0.668166018894429,0.694312796208531,844,-0.020641025537647,0.020641025537647,0.000426051935245796
"CorticalStack/mistral-7b-dolphin-sft",0.513782299987635,-0.550968884534636,99,864,0.472972972972973,0.519063507013062,0.488151658767773,844,0.025630641219862,0.025630641219862,0.00065692976934129
"cstr/llama3-8b-spaetzle-v13",0.577183271171897,-0.11158783967521,99,864,0.72972972972973,0.557441964770296,0.638625592417062,844,-0.0614423212451649,0.0614423212451649,0.00377515883999404
"cstr/phi-3-orpo-v9_16",0.494376625656668,-0.83799361923296,99,864,0.5,0.493648894859295,0.524881516587678,844,-0.03050489093101,0.03050489093101,0.000930548370712816
"CultriX/MistralTrix-v1",0.686094070194104,1.07074462835161,99,864,0.783783783783784,0.673451871964851,0.694312796208531,844,-0.00821872601442708,0.00821872601442708,6.75474573002204e-05
"Danielbrdz/Barcenas-3.8b",0.493267252593065,-0.892942580494654,99,864,0.527027027027027,0.488898340607493,0.56042654028436,844,-0.067159287691295,0.067159287691295,0.00451036992320213
"davzoku/frankencria-llama2-11b-v1.3-m.1",0.419601567661908,-1.77373251653625,99,864,0.405405405405405,0.421438718071573,0.432464454976303,844,-0.012862887314395,0.012862887314395,0.000165453870062824
"dawn17/StarlingMaid-2x7B-base",0.606294680681473,0.342310166279611,99,864,0.648648648648649,0.600813578944544,0.624407582938389,844,-0.0181129022569161,0.0181129022569161,0.000328077228168596
"Deci/DeciLM-7B",0.508530793331844,-0.636584428285508,99,864,0.486486486486487,0.51138358598242,0.514218009478673,844,-0.00568721614682899,0.00568721614682899,3.23444275007524e-05
"decruz07/kellemar-DPO-7B-v1.01",0.606207876599534,0.358278130770405,99,864,0.635135135135135,0.602464349024338,0.606635071090047,844,-0.000427194490512983,0.000427194490512983,1.82495132724647e-07
"decruz07/kellemar-DPO-Orca-Distilled-7B-SLERP",0.675341074912394,1.01043533435565,99,864,0.72972972972973,0.668302543112504,0.674170616113744,844,0.00117045879865008,0.00117045879865008,1.36997379933738e-06
"Delcos/Velara-11B-V2",0.585587316591488,0.127647401154525,99,864,0.635135135135135,0.579175245956428,0.578199052132701,844,0.00738826445878704,0.00738826445878704,5.45864517129758e-05
"dillfrescott/amadeus-v0.1",0.639492486877306,0.638855566009019,99,864,0.702702702702703,0.631312341299902,0.657582938388626,844,-0.01809045151132,0.01809045151132,0.000327264435883422
"DreadPoor/Griffon-7B-Model_Stock",0.703239458876098,1.34616312650067,99,864,0.77027027027027,0.694564883283911,0.709715639810427,844,-0.006476180934329,0.006476180934329,4.19409194941665e-05
"DreadPoor/NewtoccineLake-slerp-7B",0.651848406147462,0.771446007186035,99,864,0.702702702702703,0.645267261887372,0.649289099526066,844,0.00255930662139603,0.00255930662139603,6.55005038232156e-06
"DreadPoor/PAIN_LeDestroy-7B-task_arithmetic",0.633109625647194,0.602762942173326,99,864,0.675675675675676,0.627601077996449,0.643364928909953,844,-0.010255303262759,0.010255303262759,0.000105171245011156
"DreadPoor/WestuccineBagel-7B-slerp",0.67198054198491,0.948620890532904,99,864,0.743243243243243,0.662758310057361,0.662322274881517,844,0.00965826710339301,0.00965826710339301,9.32821234404837e-05
"dreamgen/opus-v1-34b",0.545386217094114,-0.34491388239483,99,864,0.608108108108108,0.537269266492303,0.580568720379147,844,-0.035182503285033,0.035182503285033,0.00123780853740136
"DUAL-GPO-2/phi-2-gpo-renew2-b0.001-extra-v2-i1",0.492145480309698,-0.887349841323283,99,864,0.513513513513513,0.489380205424499,0.530805687203792,844,-0.0386602068940939,0.0386602068940939,0.00149461159709415
"EleutherAI/llemma_34b",0.477607923644072,-0.997631180306157,99,864,0.459459459459459,0.479956548420904,0.456161137440758,844,0.021446786203314,0.021446786203314,0.000459964638450661
"EmbeddedLLM/Mistral-7B-Merge-14-v0.3-ft-step-9984",0.569700785350978,-0.00895768992866151,99,864,0.594594594594595,0.56647923356651,0.565165876777251,844,0.00453490857372696,0.00453490857372696,2.05653957720623e-05
"eren23/slerp-test-turdus-beagle",0.695748728643469,1.27716234896239,99,864,0.743243243243243,0.689602379695263,0.71563981042654,844,-0.019891081783071,0.019891081783071,0.000395655134500818
"Eric111/Yarn-Mistral-7b-128k-DPO",0.536531809688654,-0.319032719056556,99,864,0.513513513513513,0.539510648017202,0.537914691943128,844,-0.00138288225447403,0.00138288225447403,1.91236332973917e-06
"ericpolewski/AIRIC-The-Intern",0.414299363662641,-2.01890225744323,99,864,0.472972972972973,0.406706308340128,0.445497630331754,844,-0.031198266669113,0.031198266669113,0.000973331843157088
"Eurdem/megatron_v3_2x7B",0.579215584172981,0.0325285949657197,99,864,0.648648648648649,0.570230128770248,0.612559241706161,844,-0.03334365753318,0.03334365753318,0.00111179949768999
"ewqr2130/alignment-handbook-zephyr-7b_ppo_5e7step_102",0.520498289316502,-0.602825931239876,99,864,0.567567567567568,0.514406970954599,0.517772511848341,844,0.00272577746816094,0.00272577746816094,7.42986280593386e-06
"ewqr2130/llama_sft_longer",0.419995441417753,-1.76676057791462,99,864,0.405405405405405,0.421883563725233,0.443127962085308,844,-0.023132520667555,0.023132520667555,0.000535113512434859
"fblgit/UNA-dolphin-2.6-mistral-7b-dpo-laser",0.60860638613547,0.384429044741159,99,864,0.635135135135135,0.605173253911984,0.622037914691943,844,-0.013431528556473,0.013431528556473,0.00018040595936335
"fblgit/UNA-POLAR-10.7B-InstructMath-v2",0.615430993108518,0.323669771898884,99,864,0.743243243243243,0.598890584267554,0.671800947867299,844,-0.056369954758781,0.056369954758781,0.00317757179950702
"fblgit/UNAversal-8x7B-v1beta",0.59743118657897,0.121291152591211,99,864,0.743243243243243,0.578561391010652,0.656398104265403,844,-0.058966917686433,0.058966917686433,0.00347709738143857
"FelixChao/Capricorn-7B",0.670314264557315,0.966349997884308,99,864,0.716216216216216,0.664374011989693,0.703791469194313,844,-0.033477204636998,0.033477204636998,0.00112072323030744
"FelixChao/Gemma-10.2B",0.443406315953722,-1.46015984554809,99,864,0.445945945945946,0.443077657954728,0.498815165876777,844,-0.055408849923055,0.055408849923055,0.00307014064979563
"FelixChao/NinjaDolphin-7B",0.562646725015684,-0.0792871307130873,99,864,0.581081081081081,0.560261102466044,0.603080568720379,844,-0.0404338437046949,0.0404338437046949,0.0016348957167357
"FelixChao/Patronum-7B",0.695202652189152,1.24559418914271,99,864,0.756756756756757,0.687236826892168,0.691943127962085,844,0.00325952422706699,0.00325952422706699,1.06244981868367e-05
"FelixChao/ShadowNeural-7B-ORPO",0.62650350821583,0.546675416816391,99,864,0.662162162162162,0.621888858881599,0.62085308056872,844,0.00565042764710999,0.00565042764710999,3.19273325952249e-05
"fhai50032/BeagleLake-7B",0.657095476376408,0.81156629092165,99,864,0.716216216216216,0.649444557103021,0.670616113744076,844,-0.0135206373676681,0.0135206373676681,0.000182807634827982
"fhai50032/RP-Coder-SM3",0.585968607853174,0.150036776796237,99,864,0.621621621621622,0.581354688424316,0.601895734597156,844,-0.015927126743982,0.015927126743982,0.000253673366318867
"flammenai/flammen18X-mistral-7B",0.688989219746986,1.17701731047458,99,864,0.743243243243243,0.68196811082394,0.706161137440758,844,-0.017171917693772,0.017171917693772,0.000294874757281681
"flammenai/flammen20-mistral-7B",0.653962136476522,0.77752537117063,99,864,0.716216216216216,0.645905726157267,0.674170616113744,844,-0.0202084796372219,0.0202084796372219,0.000408382649248014
"flammenai/flammen23X-mistral-7B",0.654083445133861,0.812497772443835,99,864,0.689189189189189,0.649540348844348,0.649289099526066,844,0.00479434560779501,0.00479434560779501,2.29857498069833e-05
"flemmingmiguel/MDBX-7B",0.695819502562512,1.25482829389679,99,864,0.756756756756757,0.687933504960904,0.696682464454976,844,-0.000862961892463932,0.000862961892463932,7.4470322784493e-07
"frankenmerger/delta-4B-super",0.448851599287445,-1.4480035417479,99,864,0.486486486486487,0.44398120212051,0.51303317535545,844,-0.064181576068005,0.064181576068005,0.00411927470657311
"freeCS-dot-org/ThetaWave-7B-v0.1",0.606206452249998,0.341345347782032,99,864,0.648648648648649,0.600713932716055,0.638625592417062,844,-0.0324191401670639,0.0324191401670639,0.00105100064917174
"freecs/Zero-7B-test-1",0.5747522106915,0.0347750757626404,99,864,0.608108108108108,0.570435565143468,0.606635071090047,844,-0.031882860398547,0.031882860398547,0.00101651678719324
"FuseAI/FuseChat-7B-Slerp",0.571837814443663,0.0933290235520256,99,864,0.540540540540541,0.575888049889949,0.575829383886256,844,-0.00399156944259305,0.00399156944259305,1.59326266150426e-05
"fzzhang/mistralv1_gsm8k_merged_s",0.53169448835181,-0.401983950096065,99,864,0.527027027027027,0.532298512758546,0.556872037914692,844,-0.025177549562882,0.025177549562882,0.000633909001991379
"G-reen/EXPERIMENT-DPO-m7b2-1-merged",0.505721948140352,-0.632946367965456,99,864,0.459459459459459,0.511708858440233,0.516587677725118,844,-0.0108657295847661,0.0108657295847661,0.00011806407940926
"g-ronimo/phi-2-OpenHermes-2.5-v2",0.486103181122737,-0.905679522810162,99,864,0.472972972972973,0.487802384530354,0.503554502369668,844,-0.0174513212469311,0.0174513212469311,0.000304548613263587
"Gille/StrangeMerges_2-7B-slerp",0.628871615892878,0.572970340897546,99,864,0.662162162162162,0.624563427552147,0.623222748815166,844,0.00564886707771195,0.00564886707771195,3.19096992616579e-05
"Gille/StrangeMerges_22-7B-slerp",0.723601187257176,1.8936773963374,99,864,0.77027027027027,0.717561658867246,0.718009478672986,844,0.00559170858419,0.00559170858419,3.12672048905042e-05
"Gille/StrangeMerges_24-7B-slerp",0.73045674043033,2.10774485368158,99,864,0.797297297297297,0.721806786012252,0.721563981042654,844,0.00889275938767609,0.00889275938767609,7.90811695271011e-05
"Gille/StrangeMerges_36-7B-slerp",0.728959630765019,2.11121543814757,99,864,0.783783783783784,0.721864740374355,0.714454976303318,844,0.014504654461701,0.014504654461701,0.000210385001053343
"Gille/StrangeMerges_4-7B-slerp",0.648150522173689,0.748439634849248,99,864,0.689189189189189,0.642839635854036,0.657582938388626,844,-0.00943241621493707,0.00943241621493707,8.89704756518077e-05
"Gille/StrangeMerges_41-7B-dare_ties",0.586310893191956,0.117991965028957,99,864,0.648648648648649,0.578243654250501,0.605450236966825,844,-0.019139343774869,0.019139343774869,0.000366314480132618
"google/codegemma-7b",0.448531444484221,-1.52444369119101,99,864,0.527027027027027,0.43837319262574,0.447867298578199,844,0.000664145906021985,0.000664145906021985,4.41089784485763e-07
"GreenNode/GreenNodeLM-7B-v4leo",0.690096922303768,1.14835611021735,99,864,0.77027027027027,0.679721547861044,0.683649289099526,844,0.00644763320424191,0.00644763320424191,4.15719739364428e-05
"HanNayeoniee/LHK",0.56036024585424,-0.128980264091444,99,864,0.594594594594595,0.555929918370194,0.611374407582938,844,-0.051014161728698,0.051014161728698,0.00260244469688176
"hfl/chinese-mixtral-instruct",0.562647322221885,-0.139518502480182,99,864,0.621621621621622,0.555015354064272,0.626777251184834,844,-0.064129928962949,0.064129928962949,0.00411264778879288
"hon9kon9ize/CantoneseLLMChat-preview20240326",0.425025503271858,-1.70619284885411,99,864,0.418918918918919,0.425815767129297,0.42654028436019,844,-0.00151478108833197,0.00151478108833197,2.2945617455682e-06
"ibivibiv/multimaster-7b-v4",0.689236809155303,1.18060895179913,99,864,0.743243243243243,0.682247741214511,0.703791469194313,844,-0.01455466003901,0.01455466003901,0.000211838128851153
"ibivibiv/multimaster-7b-v5",0.699293912769645,1.30794555917752,99,864,0.756756756756757,0.691857544724255,0.699052132701422,844,0.000241780068223063,0.000241780068223063,5.8457601389949e-08
"ibivibiv/multimaster-7b-v6",0.696057562251038,1.25840511991836,99,864,0.756756756756757,0.688202372373827,0.704976303317536,844,-0.00891874106649804,0.00891874106649804,7.95439422112385e-05
"ibivibiv/orthorus-125b-moe",0.539535795004211,-0.479971799742186,99,864,0.648648648648649,0.525415308061989,0.622037914691943,844,-0.082502119687732,0.082502119687732,0.00680659975296886
"ibivibiv/orthorus-125b-v2",0.636814260033534,0.523653381587948,99,864,0.77027027027027,0.619543482238191,0.696682464454976,844,-0.0598682044214419,0.0598682044214419,0.00358420190064756
"ibivibiv/strix-rufipes-70b",0.580392370940329,-0.0304462939330727,99,864,0.702702702702703,0.564563975065198,0.669431279620853,844,-0.089038908680524,0.089038908680524,0.00792792725901869
"icefog72/IceCoffeeTest11",0.669715010266095,0.939818537398245,99,864,0.72972972972973,0.661948399511977,0.682464454976303,844,-0.012749444710208,0.012749444710208,0.000162548340418651
"icefog72/IceCoffeeTest8",0.665144200031056,0.903364123831186,99,864,0.716216216216216,0.658534880289447,0.656398104265403,844,0.00874609576565299,0.00874609576565299,7.64941911419732e-05
"icefog72/IceLatteRP-7b",0.665144200031056,0.903364123831186,99,864,0.716216216216216,0.658534880289447,0.671800947867299,844,-0.00665674783624304,0.00665674783624304,4.43122917553264e-05
"icefog72/Kunokukulemonchini-7b",0.596763483626273,0.254423436759669,99,864,0.635135135135135,0.591797740489832,0.623222748815166,844,-0.0264592651888931,0.0264592651888931,0.000700092714336169
"indischepartij/MiaLatte-Indo-Mistral-7b",0.583257531973452,0.118502339736993,99,864,0.621621621621622,0.578292767430747,0.619668246445498,844,-0.036410714472046,0.036410714472046,0.00132574012836486
"Inv/Dykh-Tau-7B",0.556092463252707,-0.164415037273353,99,864,0.581081081081081,0.552858642121977,0.577014218009479,844,-0.020921754756772,0.020921754756772,0.000437719822102514
"itsliupeng/Mixtral-8x7B-v0.1-top3",0.539690310190712,-0.418660431162989,99,864,0.608108108108108,0.530836242224931,0.619668246445498,844,-0.079977936254786,0.079977936254786,0.00639647028757461
"JaeyeonKang/CCK-v2.0-DPO",0.573161844717921,-0.0635172594211929,99,864,0.662162162162162,0.561644156578078,0.605450236966825,844,-0.032288392248904,0.032288392248904,0.00104254027401908
"jambroz/sixtyoneeighty-4x7B-v1",0.577046691900009,0.100029893995842,99,864,0.581081081081081,0.576524594476576,0.595971563981043,844,-0.018924872081034,0.018924872081034,0.0003581507832835
"jan-hq/komodo-7b-chat",0.406983584076953,-1.86210770488592,99,864,0.337837837837838,0.415931857119662,0.402843601895735,844,0.00413998218121803,0.00413998218121803,1.71394524608028e-05
"JCX-kcuf/openchat_3.5-gpt-4-80k",0.551199396507791,-0.16764976291532,99,864,0.540540540540541,0.552578777868259,0.571090047393365,844,-0.019890650885574,0.019890650885574,0.000395637992651784
"jefferylovely/AiMaven-Merkaba-7b",0.728959630765019,2.11121543814757,99,864,0.783783783783784,0.721864740374355,0.716824644549763,844,0.012134986215256,0.012134986215256,0.000147257890444453
"jeiku/Eros_Prodigadigm_7B",0.589463359119535,0.136720465992347,99,864,0.662162162162162,0.580055278725783,0.631516587677725,844,-0.04205322855819,0.04205322855819,0.00176847403216737
"jeiku/Garbage_9B",0.554673772551828,-0.182945089546179,99,864,0.581081081081081,0.551256356153925,0.578199052132701,844,-0.0235252795808729,0.0235252795808729,0.000553438779358236
"jingyeom/freeze_KoSoLAR-10.7B-v0.2_1.4_dedup",0.451250966978172,-1.32061736636565,99,864,0.432432432432432,0.453686306742915,0.51303317535545,844,-0.061782208377278,0.061782208377278,0.0038170412719734
"jingyeom/KoSoLAR-10.7B-v0.2_1.4_dedup",0.503934918958052,-0.73449152731075,99,864,0.513513513513513,0.502695336133227,0.531990521327014,844,-0.028055602368962,0.028055602368962,0.000787116824285305
"jisukim8873/mistralai-case-0-1",0.53356618618049,-0.377779511750575,99,864,0.527027027027027,0.534412430306232,0.535545023696682,844,-0.00197883751619199,0.00197883751619199,3.91579791548888e-06
"jondurbin/nontoxic-bagel-34b-v0.2",0.61756308082046,0.380792208793034,99,864,0.716216216216216,0.604796204475126,0.690758293838863,844,-0.073195213018403,0.073195213018403,0.0053575392088094
"Joseph717171/Cerebrum-1.0-10.7B",0.53455592160532,-0.405020387852415,99,864,0.554054054054054,0.532032633876661,0.537914691943128,844,-0.00335877033780807,0.00335877033780807,1.12813381821393e-05
"Joseph717171/Mistral-12.25B-v0.2",0.47389037570654,-0.98526409778183,99,864,0.418918918918919,0.48100432893788,0.503554502369668,844,-0.029664126663128,0.029664126663128,0.000879960410686102
"Josephgflowers/Cinder-Phi-2-V1-F16-gguf",0.478559613170667,-1.04718561975317,99,864,0.5,0.475784974875106,0.502369668246445,844,-0.023810055075778,0.023810055075778,0.000566918722711584
"jrruethe/balthazar-2x10.7b-v1",0.555446378418665,-0.274173606772913,99,864,0.648648648648649,0.543384908153609,0.566350710900474,844,-0.010904332481809,0.010904332481809,0.000118904466873835
"jsfs11/MixtureofMerges-MoE-4x7b-v3",0.725220694957146,1.89709372383722,99,864,0.783783783783784,0.717641942285464,0.722748815165877,844,0.00247187979126906,0.00247187979126906,6.11018970248437e-06
"jukofyork/Dark-Miqu-70B",0.570472734631064,-0.158615222591924,99,864,0.702702702702703,0.553360621115911,0.672985781990521,844,-0.102513047359457,0.102513047359457,0.0105089248789223
"Kabster/BioMistral-Zephyr-Beta-SLERP",0.502682386088874,-0.710881807537865,99,864,0.486486486486487,0.504778326037418,0.553317535545024,844,-0.0506351494561501,0.0506351494561501,0.00256391836044666
"KaeriJenti/kaori-70b-v1",0.550754322131289,-0.3757641667011,99,864,0.675675675675676,0.534588029319662,0.649289099526066,844,-0.0985347773947769,0.0985347773947769,0.00970910235623824
"kaitchup/Mayonnaise-4in1-022",0.697756051863239,1.30811061813551,99,864,0.743243243243243,0.691869474155239,0.708530805687204,844,-0.010774753823965,0.010774753823965,0.000116095319967048
"karakuri-ai/karakuri-lm-70b-chat-v0.1",0.502239701557653,-0.856595439895902,99,864,0.581081081081081,0.49203669950168,0.546208530805687,844,-0.043968829248034,0.043968829248034,0.00193325794544277
"kekmodel/StopCarbon-10.7B-v3",0.590707692699446,0.133185006065699,99,864,0.675675675675676,0.579711836078993,0.671800947867299,844,-0.081093255167853,0.081093255167853,0.00657611603371852
"Kiddyz/testlm2",0.405353627819012,-1.92180374373371,99,864,0.351351351351351,0.412342157714827,0.428909952606635,844,-0.023556324787623,0.023556324787623,0.000554900437499981
"kimwooglae/AISquare-Instruct-SOLAR-10.7b-v0.5.32",0.539687640561193,-0.358618583849449,99,864,0.567567567567568,0.536079650007427,0.546208530805687,844,-0.00652089024449398,0.00652089024449398,4.25220095807368e-05
"KingNish/KingNish-Llama3-8b",0.592234931421655,0.0403212575764116,99,864,0.756756756756757,0.570943871672406,0.649289099526066,844,-0.057054168104411,0.057054168104411,0.00325517809808639
"KnutJaegersberg/Deacon-20B",0.466331469481587,-1.25956903176241,99,864,0.527027027027027,0.458476750269824,0.53436018957346,844,-0.068028720091873,0.068028720091873,0.0046279067573384
"Korabbit/Llama-2-7b-chat-hf-afr-100step-flan",0.413920630658395,-1.90615109075706,99,864,0.418918918918919,0.413273793354092,0.427725118483412,844,-0.013804487825017,0.013804487825017,0.000190563884111042
"Kquant03/Samlagast-7B-laser-bf16",0.73045674043033,2.10774485368158,99,864,0.797297297297297,0.721806786012252,0.706161137440758,844,0.024295602989572,0.024295602989572,0.0005902763246269
"Kukedlc/Neural-4-QA-7b",0.721385538143025,1.86255866600621,99,864,0.756756756756757,0.716808086322424,0.707345971563981,844,0.0140395665790439,0.0140395665790439,0.000197109429727407
"Kukedlc/Neural-Krishna-Multiverse-7b-v3",0.728933590853054,2.22233948030338,99,864,0.77027027027027,0.72358413822259,0.71563981042654,844,0.013293780426514,0.013293780426514,0.000176724598028366
"Kukedlc/NeuralExperiment-7b-dare-ties",0.728933590853054,2.22233948030338,99,864,0.77027027027027,0.72358413822259,0.721563981042654,844,0.00736960981040002,0.00736960981040002,5.43111487575443e-05
"Kukedlc/NeuralKrishnaMath-7B-slerp",0.728933590853054,2.22233948030338,99,864,0.77027027027027,0.72358413822259,0.718009478672986,844,0.0109241121800679,0.0109241121800679,0.000119336226922709
"Kukedlc/NeuralSynthesis-7B-v0.3",0.724752323114422,2.03973146093955,99,864,0.756756756756757,0.720610572878355,0.712085308056872,844,0.01266701505755,0.01266701505755,0.000160453270468198
"Kukedlc/NeuralSynthesis-7b-v0.4-slerp",0.724752323114422,2.03973146093955,99,864,0.756756756756757,0.720610572878355,0.716824644549763,844,0.00792767856465892,0.00792767856465892,6.28480874245526e-05
"Kukedlc/NeuTrixOmniBe-7B-model-remix",0.724918195413148,1.96049416024557,99,864,0.77027027027027,0.719049103372815,0.712085308056872,844,0.012832887356276,0.012832887356276,0.000164682997898868
"kyujinpy/PlatYi-34B-200k-Q-FastChat",0.532254784922413,-0.513327402342287,99,864,0.608108108108108,0.522438472510147,0.587677725118483,844,-0.0554229401960701,0.0554229401960701,0.00307170229997716
"kyujinpy/PlatYi-34B-Llama",0.546592870373784,-0.329185774608687,99,864,0.608108108108108,0.538632074902283,0.623222748815166,844,-0.076629878441382,0.076629878441382,0.00587213826994099
"kyujinpy/Sakura-SOLAR-Instruct",0.590707692699446,0.133185006065699,99,864,0.675675675675676,0.579711836078993,0.672985781990521,844,-0.0822780892910749,0.0822780892910749,0.0067696839773901
"kyujinpy/Sakura-SOLRCA-Math-Instruct-DPO-v1",0.577172211727625,-0.0320157637541711,99,864,0.675675675675676,0.564424704628466,0.67654028436019,844,-0.099368072632565,0.099368072632565,0.00987401385871071
"Lazycuber/L2-7b-Guanaco-Random-Test",0.41254951001703,-1.76153404966546,99,864,0.337837837837838,0.422218079357866,0.395734597156398,844,0.016814912860632,0.016814912860632,0.000282741294510646
"ledjo/Gabriel-8x7B-Instruct-v0.1",0.567221104765344,-0.180854788309994,99,864,0.689189189189189,0.551436999722258,0.661137440758294,844,-0.0939163359929499,0.0939163359929499,0.00882027816634066
"leejaymin/etri-ones-solar",0.516438115080245,-0.614960711071412,99,864,0.540540540540541,0.513318977667736,0.555687203791469,844,-0.039249088711224,0.039249088711224,0.00154049096466153
"LeroyDyer/Mixtral_AI_CyberCoder",0.480209066292315,-0.963029423283842,99,864,0.459459459459459,0.482894309529509,0.4739336492891,844,0.00627541700321504,0.00627541700321504,3.93808585642405e-05
"LeroyDyer/Mixtral_AI_SwahiliTron_7b",0.477435311243503,-0.958746810205591,99,864,0.432432432432432,0.483259213207289,0.492890995260663,844,-0.01545568401716,0.01545568401716,0.000238878168438294
"LeroyDyer/Mixtral_Uncensored",0.548893620646056,-0.258600645672434,99,864,0.581081081081081,0.544728184589758,0.582938388625592,844,-0.034044767979536,0.034044767979536,0.00115904622678044
"leveldevai/BeagleMist-7B",0.661000335082959,0.855175598428114,99,864,0.716216216216216,0.653854750465713,0.681279620853081,844,-0.0202792857701221,0.0202792857701221,0.000411249431346275
"leveldevai/MarcBeagle-7B",0.695819502562512,1.25482829389679,99,864,0.756756756756757,0.687933504960904,0.709715639810427,844,-0.0138961372479149,0.0138961372479149,0.000193102630412889
"liminerity/M7-7b",0.724752323114422,2.03973146093955,99,864,0.756756756756757,0.720610572878355,0.714454976303318,844,0.0102973468111039,0.0102973468111039,0.000106035351348153
"liminerity/Multiverse-Experiment-slerp-7b",0.724752323114422,2.03973146093955,99,864,0.756756756756757,0.720610572878355,0.714454976303318,844,0.0102973468111039,0.0102973468111039,0.000106035351348153
"lodrick-the-lafted/Grafted-Hermetic-Platypus-C-2x7B",0.496875332791194,-0.765527719281522,99,864,0.472972972972973,0.499968579355905,0.518957345971564,844,-0.02208201318037,0.02208201318037,0.000487615306098032
"lodrick-the-lafted/Grafted-Hermetic-Platypus-D-2x7B",0.487923465216808,-0.841371358872031,99,864,0.445945945945946,0.493355850063625,0.511848341232227,844,-0.023924876015419,0.023924876015419,0.00057239969235317
"louisgrc/Marengoli_7B_SLERP",0.73045674043033,2.10774485368158,99,864,0.797297297297297,0.721806786012252,0.719194312796208,844,0.011262427634122,0.011262427634122,0.000126842276213835
"louisgrc/Montebello_7B_SLERP",0.73045674043033,2.10774485368158,99,864,0.797297297297297,0.721806786012252,0.710900473933649,844,0.0195562664966811,0.0195562664966811,0.000382447559289211
"LTC-AI-Labs/L2-7b-Hermes-Synthia",0.412760121630086,-1.78525215397719,99,864,0.351351351351351,0.420707138960276,0.399289099526066,844,0.01347102210402,0.01347102210402,0.000181468436526996
"macadeliccc/MBX-7B-v3-DPO",0.724828989794025,1.95571909048977,99,864,0.77027027027027,0.718948353497099,0.718009478672986,844,0.00681951112103896,0.00681951112103896,4.6505731929974e-05
"macadeliccc/Monarch-7B-SFT",0.561919674831265,-0.0886757960724041,99,864,0.581081081081081,0.559439963434231,0.575829383886256,844,-0.013909709054991,0.013909709054991,0.000193480005994499
"mahiatlinux/MasherAI-7B-v6.1",0.553330913768191,-0.180258639921708,99,864,0.567567567567568,0.551488523276508,0.584123222748815,844,-0.030792308980624,0.030792308980624,0.000948166292358218
"maldv/electric-sheep-7b-alpha",0.50415352257289,-0.711869430253527,99,864,0.5,0.504691037258793,0.462085308056872,844,0.0420682145160181,0.0420682145160181,0.00176973467256571
"maldv/SFR-Iterative-DPO-LLaMA-3-8B-R",0.491553974953214,-0.956324499933974,99,864,0.554054054054054,0.483465729422517,0.586492890995261,844,-0.094938916042047,0.094938916042047,0.00901339777923885
"maywell/PiVoT-SUS-RP",0.532393031222238,-0.432829044512066,99,864,0.554054054054054,0.529589840032239,0.612559241706161,844,-0.080166210483923,0.080166210483923,0.00642662130335265
"MaziyarPanahi/Llama-3-70B-Instruct-DPO-v0.2",0.616791058655909,0.32160475629678,99,864,0.756756756756757,0.598677850666388,0.681279620853081,844,-0.064488562197172,0.064488562197172,0.00415877465425853
"MaziyarPanahi/Llama-3-8B-Instruct-DPO-v0.1",0.48881435413065,-0.972123357260239,99,864,0.540540540540541,0.482120377065841,0.540284360189573,844,-0.051470006058923,0.051470006058923,0.00264916152370558
"MaziyarPanahi/Mistral-7B-Instruct-v0.3",0.572442194797077,-0.0134462797723893,99,864,0.621621621621622,0.566077798384489,0.578199052132701,844,-0.00575685733562392,0.00575685733562392,3.3141406382727e-05
"meraGPT/mera-mix-4x7B",0.707303968118826,1.38840753988708,99,864,0.783783783783784,0.697406580209244,0.714454976303318,844,-0.00715100818449199,0.00715100818449199,5.11369180546714e-05
"mergedlm/zephyrnotus-11b-alpha",0.554144329709607,-0.169633244598292,99,864,0.567567567567568,0.552407204810341,0.548578199052133,844,0.00556613065747402,0.00556613065747402,3.09818104960722e-05
"migtissera/Tess-72B-v1.5b",0.531909477202433,-0.576147101015452,99,864,0.648648648648649,0.516802055015275,0.669431279620853,844,-0.13752180241842,0.13752180241842,0.018912246140411
"migtissera/Tess-XS-v1.0",0.55041037674558,-0.198198396574131,99,864,0.554054054054054,0.549938842035072,0.550947867298578,844,-0.00053749055299801,0.00053749055299801,2.88896094562107e-07
"Mihaiii/Bucharest-0.3",0.514913896116333,-0.673414573094362,99,864,0.567567567567568,0.508099891575585,0.575829383886256,844,-0.0609154877699231,0.0609154877699231,0.00371069665024765
"Mihaiii/Llama-3-pruned-45B-Drobeta-Turnu-Severin",0.480053220757444,-1.0688676319091,99,864,0.527027027027027,0.473974257593145,0.438388625592417,844,0.041664595165027,0.041664595165027,0.00173593849026559
"Mihaiii/Metis-0.5",0.551682333560299,-0.222081242445155,99,864,0.581081081081081,0.547877789763492,0.567535545023697,844,-0.0158532114633979,0.0158532114633979,0.000251324313703211
"mistralai/Mixtral-8x22B-v0.1",0.547629685805665,-0.356019243131365,99,864,0.635135135135135,0.536305451186557,0.662322274881517,844,-0.114692589075852,0.114692589075852,0.0131543899889222
"mlabonne/FrankenMonarch-7B",0.681444221347946,1.0293765892386,99,864,0.77027027027027,0.669949085605057,0.687203791469194,844,-0.00575957012124795,0.00575957012124795,3.31726479815721e-05
"mlabonne/Meta-Llama-3-12B-Instruct",0.515862345221783,-0.641773679399993,99,864,0.554054054054054,0.510919888784666,0.51303317535545,844,0.00282916986633297,0.00282916986633297,8.00420213256652e-06
"MSL7/INEX8-7B",0.724752323114422,2.03973146093955,99,864,0.756756756756757,0.720610572878355,0.721563981042654,844,0.00318834207176799,0.00318834207176799,1.01655251666058e-05
"Muhammad2003/Llama3-8B-OpenHermes-DPO",0.468786207405455,-1.18123220228976,99,864,0.5,0.464746775422632,0.520142180094787,844,-0.051355972689332,0.051355972689332,0.00263743593086741
"Muhammad2003/Myriad-7B-Slerp",0.724752323114422,2.03973146093955,99,864,0.756756756756757,0.720610572878355,0.719194312796208,844,0.0055580103182139,0.0055580103182139,3.08914786973722e-05
"Muhammad2003/TriMistral-7B-SLERP",0.594983285681009,0.269018602744857,99,864,0.608108108108108,0.593284779249266,0.588862559241706,844,0.00612072643930295,0.00612072643930295,3.74632921447821e-05
"mvpmaster/Einstein-4D-MoE-2x7b-test",0.654883866789849,0.8213194709435,99,864,0.689189189189189,0.650444354479346,0.661137440758294,844,-0.00625357396844495,0.00625357396844495,3.91071873788123e-05
"nbeerbower/bophades-mistral-7B",0.664344788926265,0.893903869248468,99,864,0.716216216216216,0.657632015982859,0.669431279620853,844,-0.005086490694588,0.005086490694588,2.58723875861303e-05
"nbeerbower/Flammen-Trismegistus-7B",0.569844361333754,-0.0464902273694347,99,864,0.621621621621622,0.563143774708266,0.590047393364929,844,-0.0202030320311749,0.0202030320311749,0.000408162503252679
"nbeerbower/flammen16-mistral-7B",0.665063397786254,0.902404363832958,99,864,0.716216216216216,0.658443621283553,0.706161137440758,844,-0.041097739654504,0.041097739654504,0.00168902420470939
"nbeerbower/flammen17-mistral-7B",0.685456337369971,1.14842319077021,99,864,0.72972972972973,0.679726839535178,0.706161137440758,844,-0.020704800070787,0.020704800070787,0.000428688745971262
"nbeerbower/HeroBophades-2x7B",0.726413174393779,1.95762872171078,99,864,0.783783783783784,0.718988742590366,0.716824644549763,844,0.00958852984401593,0.00958852984401593,9.19399045695841e-05
"nbeerbower/slerp-bophades-truthy-math-mistral-7B",0.726413174393779,1.95762872171078,99,864,0.783783783783784,0.718988742590366,0.714454976303318,844,0.0119581980904609,0.0119581980904609,0.000142998501570704
"ndavidson/cisco-iNAM-phi-sft",0.468487891956734,-1.16382272446436,99,864,0.486486486486487,0.466158662076413,0.48696682464455,844,-0.018478932687816,0.018478932687816,0.000341470953280834
"NECOUDBFM/Jellyfish",0.54385664722625,-0.304253825315796,99,864,0.567567567567568,0.54078817518208,0.568720379146919,844,-0.0248637319206689,0.0248637319206689,0.000618205165022891
"Nekochu/Luminia-13B-v3",0.434805368208924,-1.54549044379117,99,864,0.418918918918919,0.436861261646454,0.427725118483412,844,0.00708024972551202,0.00708024972551202,5.01299361756131e-05
"netcat420/MFANN3bv0.4",0.461878700033775,-1.2568237703124,99,864,0.486486486486487,0.458694162963424,0.536729857819905,844,-0.07485115778613,0.07485115778613,0.00560269582192413
"netcat420/MFANN3bv0.6",0.472815136894604,-1.12541202171607,99,864,0.5,0.469297095786847,0.559241706161137,844,-0.086426569266533,0.086426569266533,0.00746955187518282
"NeuralNovel/Senzu-7B-v0.1-DPO",0.599255473181352,0.282008828749133,99,864,0.635135135135135,0.594612222810863,0.618483412322275,844,-0.019227939140923,0.019227939140923,0.00036971364360704
"NeverSleep/Noromaid-v0.4-Mixtral-Instruct-8x7b-Zloss",0.566678054936594,-0.167722558804825,99,864,0.675675675675676,0.552572480488007,0.669431279620853,844,-0.102753224684259,0.102753224684259,0.0105582251830138
"nextai-team/Moe-2x7b-QA-Code",0.578729967438485,0.101629128960706,99,864,0.594594594594595,0.576676898041812,0.600710900473934,844,-0.021980933035449,0.021980933035449,0.000483161417108894
"NExtNewChattingAI/Mutliverse_model_official",0.728933590853054,2.22233948030338,99,864,0.77027027027027,0.72358413822259,0.71563981042654,844,0.013293780426514,0.013293780426514,0.000176724598028366
"Nhoodie/Meta-Llama-3-8B-Uninstruct-function-calling-json-mode-model_stock-v0.1",0.481453066397343,-1.04993021333573,99,864,0.527027027027027,0.475555259727619,0.535545023696682,844,-0.054091957299339,0.054091957299339,0.00292593984447352
"NickyNicky/Mistral-7B-OpenOrca-oasst_top1_2023-08-25-v3",0.521463691325875,-0.532245466971451,99,864,0.527027027027027,0.520743730235138,0.530805687203792,844,-0.00934199587791695,0.00934199587791695,8.72728869830173e-05
"nisten/BigCodeLlama-92b",0.446523519178846,-1.36711922296028,99,864,0.418918918918919,0.450095879212483,0.451421800947867,844,-0.00489828176902102,0.00489828176902102,2.39931642887237e-05
"nisten/bigdoc-c34b-instruct-tf32",0.459362740566154,-1.16152557001336,99,864,0.405405405405405,0.466345454528134,0.443127962085308,844,0.016234778480846,0.016234778480846,0.00026356803232214
"nisten/shqiponja-15b-v1",0.609424793139984,0.410197256648713,99,864,0.621621621621622,0.60784638004236,0.62085308056872,844,-0.011428287428736,0.011428287428736,0.000130605753553806
"Nitral-AI/Lelanta-lake-7b",0.706770684521397,1.46501120668076,99,864,0.743243243243243,0.702050706333864,0.704976303317536,844,0.001794381203861,0.001794381203861,3.21980390476963e-06
"Nitral-AI/Nyan-Stunna-7B",0.619764457641708,0.455377707039041,99,864,0.675675675675676,0.612528888249077,0.62085308056872,844,-0.00108862292701206,0.00108862292701206,1.18509987721631e-06
"Nitral-AI/Nyanade_Stunna-Maid-7B",0.600259161816626,0.275992512975868,99,864,0.648648648648649,0.593996992932482,0.617298578199052,844,-0.017039416382426,0.017039416382426,0.000290341710653688
"nlpguy/ColorShadow-7B",0.619211398056382,0.466258387761658,99,864,0.662162162162162,0.613653063877987,0.633886255924171,844,-0.014674857867789,0.014674857867789,0.000215351453439809
"nlpguy/Hermes-low-tune",0.578508273784424,0.0805110526155542,99,864,0.608108108108108,0.574677706989595,0.577014218009479,844,0.00149405577494499,0.00149405577494499,2.23220265864648e-06
"nlpguy/Hermes-low-tune-3.1",0.588951300025652,0.184161730764618,99,864,0.621621621621622,0.584723376054409,0.599526066350711,844,-0.010574766325059,0.010574766325059,0.000111825682829603
"NLPinas/yi-bagel-2x34b",0.637335841229859,0.563795743166304,99,864,0.743243243243243,0.623630177439892,0.693127962085308,844,-0.055792120855449,0.055792120855449,0.00311276074954903
"NLUHOPOE/Mistral-7B-length-100000",0.436104207798392,-1.33825159637054,99,864,0.310810810810811,0.45231864740855,0.41824644549763,844,0.017857762300762,0.017857762300762,0.000318899674390515
"NLUHOPOE/test-case-0",0.488204060123346,-0.85789812078453,99,864,0.459459459459459,0.491923949621026,0.496445497630332,844,-0.00824143750698603,0.00824143750698603,6.79212921815561e-05
"NLUHOPOE/test-case-5",0.48377552681394,-0.855070231877013,99,864,0.418918918918919,0.492168734894472,0.479857819905213,844,0.003917706908727,0.003917706908727,1.53484274226873e-05
"Noodlz/WizardLaker-7B",0.579045677748432,0.0869515672541593,99,864,0.608108108108108,0.575284657348945,0.631516587677725,844,-0.052470909929293,0.052470909929293,0.00275319638880798
"NotAiLOL/Apollo-7b-orpo-Experimental",0.57215347782348,-0.0170985117796892,99,864,0.621621621621622,0.565751718037839,0.590047393364929,844,-0.0178939155414489,0.0178939155414489,0.000320192213404507
"NovoCode/Mistral-NeuralDPO-v0.2",0.583311499162453,0.155102376555726,99,864,0.594594594594595,0.581851333871234,0.618483412322275,844,-0.035171913159822,0.035171913159822,0.00123706347532206
"NovoCode/Novocode7b-v3",0.505030774304632,-0.68094610682925,99,864,0.486486486486487,0.507430623316392,0.495260663507109,844,0.00977011079752294,0.00977011079752294,9.54550649958742e-05
"OmnicromsBrain/NeuralStar_AlphaWriter_4x7b",0.688285129970878,1.21194291426265,99,864,0.716216216216216,0.684670518809716,0.674170616113744,844,0.014114513857134,0.014114513857134,0.000199219501423228
"Open-Orca/Mixtral-SlimOrca-8x7B",0.53089780086663,-0.491330529504582,99,864,0.581081081081081,0.524403494015349,0.626777251184834,844,-0.095879450318204,0.095879450318204,0.00919286899332095
"openaccess-ai-collective/grendel",0.510909183281753,-0.684956907978587,99,864,0.540540540540541,0.507074537048263,0.531990521327014,844,-0.0210813380452609,0.0210813380452609,0.000444422813778565
"openagi-project/OpenAGI-7B-v0.2",0.588798907373331,0.146959937168199,99,864,0.648648648648649,0.581053646737702,0.648104265402844,844,-0.0593053580295131,0.0593053580295131,0.00351712549100873
"OpenBuddy/openbuddy-qwen1.5-32b-v21.1-32k",0.524182494928912,-0.614932192234704,99,864,0.608108108108108,0.513321533223369,0.592417061611374,844,-0.068234566682462,0.068234566682462,0.00465595609034335
"openlynn/Llama-3-Soliloquy-Max-70B-v1",0.512129595634198,-0.788479894064468,99,864,0.621621621621622,0.497960039329944,0.580568720379147,844,-0.068439124744949,0.068439124744949,0.00468391379585468
"P0x0/IceMerge-7b-32k",0.573703251828073,0.0598676333527634,99,864,0.581081081081081,0.572748473924742,0.605450236966825,844,-0.031746985138752,0.031746985138752,0.00100787106540014
"pacozaa/mistral-sharegpt90k-merged_16bit",0.528909148085312,-0.377932021027757,99,864,0.486486486486487,0.534399139586336,0.515402843601896,844,0.0135063044834159,0.0135063044834159,0.000182420260798742
"pansophic/m17",0.484134502044016,-0.952052802966657,99,864,0.486486486486487,0.483830127586755,0.518957345971564,844,-0.034822843927548,0.034822843927548,0.00121263045920236
"pansophic/new_model_test3",0.430737515709484,-1.63617168240044,99,864,0.432432432432432,0.430518173545338,0.425355450236967,844,0.00538206547251696,0.00538206547251696,2.89666287504592e-05
"paulml/DPOB-NMTOB-7B",0.724918195413148,1.96049416024557,99,864,0.77027027027027,0.719049103372815,0.71563981042654,844,0.00927838498660793,0.00927838498660793,8.60884279597115e-05
"perlthoughts/Mistral-7B-Instruct-v0.2-2x7B-MoE",0.531693660202257,-0.441785655403382,99,864,0.554054054054054,0.528799962174378,0.569905213270142,844,-0.038211553067885,0.038211553067885,0.00146012278785979
"perlthoughts/Starling-LM-alpha-8x7B-MoE",0.581120819124512,0.111584828991765,99,864,0.608108108108108,0.577628346432517,0.58175355450237,844,-0.000632735377858018,0.000632735377858018,4.00354058393129e-07
"pinkyponky/Mistral-7b-instruct-v0.2-summ-sft-e2",0.522513711811284,-0.519011872858681,99,864,0.527027027027027,0.521929635724541,0.517772511848341,844,0.00474119996294298,0.00474119996294298,2.24789770886105e-05
"PracticeLLM/SOLAR-tail-10.7B-Merge-v1.0",0.525515199032456,-0.578669320219613,99,864,0.594594594594595,0.516575512547944,0.604265402843602,844,-0.0787502038111459,0.0787502038111459,0.00620159460029703
"PulsarAI/Draco-8x7B",0.576149591540688,0.0893510158848216,99,864,0.581081081081081,0.575511398776638,0.597156398104265,844,-0.021006806563577,0.021006806563577,0.000441285921999542
"Q-bert/MetaMath-Cybertron",0.630697789631784,0.558860926701776,99,864,0.689189189189189,0.623128314394944,0.614928909952607,844,0.0157688796791771,0.0157688796791771,0.000248657566336363
"Radu1999/MisterUkrainianDPO",0.629556890696869,0.563386701215352,99,864,0.675675675675676,0.62358857734667,0.643364928909953,844,-0.013808038213084,0.013808038213084,0.000190661919293987
"raidhon/coven_7b_128k_orpo_alpha",0.593800944784367,0.221385956940867,99,864,0.635135135135135,0.588451814268385,0.626777251184834,844,-0.032976306400467,0.032976306400467,0.00108743678381748
"RatanRohith/NeuralPizza-WestSeverus-7B-Merge-slerp",0.685890313168842,1.13253084588068,99,864,0.743243243243243,0.67846816927686,0.691943127962085,844,-0.00605281479324304,0.00605281479324304,3.66365669213018e-05
"Replete-AI/Mistral-Evolved-11b-v0.1",0.560808536687901,-0.143300243029825,99,864,0.608108108108108,0.554687415680581,0.558056872037915,844,0.002751664649986,0.002751664649986,7.57165834598256e-06
"Replete-AI/Phi-Elothir",0.489451131594478,-0.861831833674081,99,864,0.472972972972973,0.49158359918079,0.524881516587678,844,-0.0354303849932,0.0354303849932,0.00125531218076637
"ResplendentAI/Aura_7B",0.65344965889242,0.755423673157767,99,864,0.72972972972973,0.643578120313474,0.664691943127962,844,-0.011242284235542,0.011242284235542,0.000126388954832715
"ResplendentAI/Aura_L3_8B",0.48881435413065,-0.972123357260239,99,864,0.540540540540541,0.482120377065841,0.53436018957346,844,-0.04554583544281,0.04554583544281,0.00207442312618353
"ResplendentAI/Paradigm_Shift_7B",0.530131103987801,-0.501033239009482,99,864,0.581081081081081,0.523537577540436,0.633886255924171,844,-0.10375515193637,0.10375515193637,0.0107651315533392
"ResplendentAI/SOVL_Llama3_8B",0.498537193494966,-0.824162141895817,99,864,0.527027027027027,0.494850273861405,0.565165876777251,844,-0.0666286832822851,0.0666286832822851,0.00443938143593105
"rhysjones/Phi-3-mini-mango-1-llamafied",0.525885140573509,-0.535064040639541,99,864,0.567567567567568,0.520490944138984,0.565165876777251,844,-0.0392807362037421,0.0392807362037421,0.00154297623670797
"rombodawg/Everyone-Coder-4x7b-Base",0.585743898577199,0.165247641047931,99,864,0.608108108108108,0.582849706755552,0.593601895734597,844,-0.00785799715739799,0.00785799715739799,6.17481193256749e-05
"rombodawg/Everyone-LLM-7b-Base",0.595187383324281,0.236884341669738,99,864,0.635135135135135,0.590017674266406,0.616113744075829,844,-0.020926360751548,0.020926360751548,0.000437912574303927
"rwitz/dec10",0.638398632608359,0.677336127904802,99,864,0.662162162162162,0.635323352313161,0.65521327014218,844,-0.016814637533821,0.016814637533821,0.00028273203539378
"rwitz2/pee",0.647470322147572,0.724679383323199,99,864,0.702702702702703,0.640322602311026,0.664691943127962,844,-0.0172216209803899,0.0172216209803899,0.000296584229192207
"s3nh/poorx32124",0.435335365670343,-1.58643495258434,99,864,0.445945945945946,0.433962231752324,0.443127962085308,844,-0.00779259641496505,0.00779259641496505,6.07245588865261e-05
"saishf/Merge-Mayhem-L3-V2.1",0.50257950759148,-0.852163063306494,99,864,0.581081081081081,0.492420480434002,0.554502369668246,844,-0.051922862076766,0.051922862076766,0.00269598360624286
"saishf/Ortho-SOVL-8B-L3",0.465200322951918,-1.29800891376174,99,864,0.540540540540541,0.455450412440449,0.523696682464455,844,-0.058496359512537,0.058496359512537,0.00342182407621998
"saishf/Top-Western-Maid-7B",0.634575931285008,0.618921163142001,99,864,0.675675675675676,0.629257140834451,0.659952606635071,844,-0.025376675350063,0.025376675350063,0.000643975651822498
"Samee-ur/NeuralPipe-7B-slerp-DPO",0.638228758154949,0.675507801098965,99,864,0.662162162162162,0.635131494106957,0.656398104265403,844,-0.0181693461104541,0.0181693461104541,0.000330125138081472
"Sao10K/14B-Glacier-Stack",0.582062383113743,-0.00928308114770152,99,864,0.702702702702703,0.566450106461054,0.677725118483412,844,-0.095662735369669,0.095662735369669,0.00915135893840731
"Sao10K/Frostwind-v2.1-m7",0.560618722353265,-0.165968500251939,99,864,0.621621621621622,0.552724229506771,0.555687203791469,844,0.00493151856179608,0.00493151856179608,2.43198753253393e-05
"Sao10K/Skadi-Mixtral-v1",0.582896031147944,-0.0183193054179493,99,864,0.716216216216216,0.565642830727344,0.664691943127962,844,-0.081795911980018,0.081795911980018,0.00669057121664285
"Sao10K/Venomia-1.1-m7",0.519490259942645,-0.498527501253132,99,864,0.486486486486487,0.52376133650756,0.51303317535545,844,0.00645708458719496,0.00645708458719496,4.16939413661907e-05
"Sao10K/Winterreise-m7",0.56101326501215,-0.120491735351287,99,864,0.594594594594595,0.556667445889716,0.548578199052133,844,0.012435065960017,0.012435065960017,0.000154630865429973
"sarahlintang/mistral-indo-7b",0.516752676809192,-0.533073456775778,99,864,0.486486486486487,0.520669477909777,0.539099526066351,844,-0.022346849257159,0.022346849257159,0.000499381671722189
"saucam/Athena-8B",0.456406104013802,-1.31322062034654,99,864,0.472972972972973,0.454262156266145,0.556872037914692,844,-0.10046593390089,0.10046593390089,0.010093403874578
"saucam/mistral-orpo-beta-NeuralBeagle14-7B-dare-ties",0.606690666543615,0.346639085035375,99,864,0.648648648648649,0.601260810035904,0.623222748815166,844,-0.016532082271551,0.016532082271551,0.000273309744233331
"SC56/Mistral-7B-orca-dpo-8h",0.691257421879089,1.187472932863,99,864,0.756756756756757,0.682781037365509,0.709715639810427,844,-0.018458217931338,0.018458217931338,0.000340705809200766
"SC99/Mistral-7B-privatemix-ia3",0.692348663544973,1.24922404858674,99,864,0.72972972972973,0.687511113803416,0.716824644549763,844,-0.02447598100479,0.02447598100479,0.00059907364614684
"SC99/Mistral-7B-summ-lora-tuned-8h",0.534503692153202,-0.425616021446612,99,864,0.567567567567568,0.530224837687813,0.569905213270142,844,-0.0354015211169399,0.0354015211169399,0.00125326769739315
"SCE/Mistral-7B-math-ia3-tuned",0.493015363935546,-0.775367414478222,99,864,0.445945945945946,0.499106700381259,0.489336492890995,844,0.003678871044551,0.003678871044551,1.35340921624358e-05
"senseable/garten2-7b",0.635793792561433,0.598202538614197,99,864,0.702702702702703,0.627134992425504,0.658767772511848,844,-0.0229739799504151,0.0229739799504151,0.000527803754762073
"senseable/Wilbur-30B",0.604827180343662,0.206097361759055,99,864,0.743243243243243,0.586914513380187,0.706161137440758,844,-0.101333957097096,0.101333957097096,0.0102685708609561
"sethuiyer/Eida_10.7B",0.676892094333098,1.01046879880812,99,864,0.743243243243243,0.668305475062374,0.675355450236967,844,0.00153664409613108,0.00153664409613108,2.3612750781745e-06
"Seungyoun/llama-2-7b-alpaca-gpt4",0.415177914124599,-1.85374895330168,99,864,0.405405405405405,0.416442591723554,0.428909952606635,844,-0.013732038482036,0.013732038482036,0.000188568880872118
"Severian/ANIMA-Nectar-v3",0.407903356888628,-1.9028179944283,99,864,0.364864864864865,0.413473044091704,0.381516587677725,844,0.026386769210903,0.026386769210903,0.000696261589389458
"Severian/ANIMA-Phi-Neptune-Mistral-7B-v3",0.44722263341244,-1.33417353257203,99,864,0.405405405405405,0.452634274683939,0.48696682464455,844,-0.03974419123211,0.03974419123211,0.00157960073669453
"shanchen/llama3-slerp-med",0.450188920889438,-1.38159228796152,99,864,0.459459459459459,0.448989204133318,0.507109004739337,844,-0.0569200838498989,0.0569200838498989,0.00323989594547953
"ShenaoZ/0.0001_withdpo_4iters_bs256_5102lr_iter_4",0.550105112052749,-0.202191914629114,99,864,0.554054054054054,0.549594072499639,0.559241706161137,844,-0.00913659410838796,0.00913659410838796,8.34773519014296e-05
"ShenaoZhang/0.001_3iters_bs256_nodpo_only4w_iter_3",0.565413898037607,-0.0635921895676976,99,864,0.594594594594595,0.56163757260082,0.578199052132701,844,-0.012785154095094,0.012785154095094,0.000163460165235298
"ShenaoZhang/0.001_4iters_bs256_nodpo_only4w_userresponse_iter_4",0.544478717795601,-0.29611977862562,99,864,0.567567567567568,0.541490749001582,0.553317535545024,844,-0.00883881774942308,0.00883881774942308,7.81246992075164e-05
"ShenaoZhang/0.001_idpo_noreplacerej_iter_3",0.587154826150843,0.163672832621168,99,864,0.621621621621622,0.582694417325213,0.595971563981043,844,-0.00881673783019998,0.00881673783019998,7.77348659664795e-05
"silvercoder45/Mistral-7b-instruct-v0.2-summ-dpo-e1",0.534076836334157,-0.41119403902349,99,864,0.554054054054054,0.531491549335112,0.561611374407583,844,-0.027534538073426,0.027534538073426,0.000758150786916945
"simonveitner/MathHermes-2.5-Mistral-7B",0.59886671735444,0.294793851776144,99,864,0.621621621621622,0.595921965037511,0.592417061611374,844,0.006449655743066,0.006449655743066,4.15980592040642e-05
"snorkelai/Snorkel-Mistral-PairRM-DPO",0.579048778998199,0.0683620243620421,99,864,0.621621621621622,0.573539352305756,0.60781990521327,844,-0.0287711262150711,0.0287711262150711,0.000827777703683549
"souvik0306/mistral_7b_2epoch_norobots",0.529856130457428,-0.385721242364604,99,864,0.5,0.533719864987213,0.540284360189573,844,-0.0104282297321451,0.0104282297321451,0.000108747975346395
"sr5434/CodegebraGPT-10b",0.497946193512032,-0.771683772056157,99,864,0.486486486486487,0.49942921442122,0.523696682464455,844,-0.025750488952423,0.025750488952423,0.000663087681288858
"StarFox7/gemma-2b-dpo-v1",0.443822028023005,-1.43041427667737,99,864,0.432432432432432,0.445295975687667,0.427725118483412,844,0.016096909539593,0.016096909539593,0.000259110496725841
"Steelskull/Lumosia-MoE-4x10.7",0.589755639902116,0.122070913201656,99,864,0.675675675675676,0.578636576449067,0.639810426540284,844,-0.050054786638168,0.050054786638168,0.00250548166539252
"Stopwolf/Bumbar-7B-slerp",0.598112287384016,0.303530674360367,99,864,0.608108108108108,0.596818710584427,0.613744075829384,844,-0.0156317884453679,0.0156317884453679,0.000244352810000739
"Stopwolf/Cerberus-7B-slerp",0.659582585537968,0.839158613877866,99,864,0.716216216216216,0.652253527450195,0.662322274881517,844,-0.00273968934354896,0.00273968934354896,7.50589769915571e-06
"SUSTech/SUS-Chat-72B",0.560058867422684,-0.21377614832141,99,864,0.648648648648649,0.548594307499324,0.601895734597156,844,-0.041836867174472,0.041836867174472,0.00175032345497441
"Technoculture/MedMerge-6-7b-alpha-dpo",0.440930046261205,-1.45072513969235,99,864,0.418918918918919,0.443778545093736,0.450236966824645,844,-0.00930692056343996,0.00930692056343996,8.66187703741815e-05
"TeeZee/2xbagel-dpo-34b-v0.2",0.475512189559778,-1.2391044682495,99,864,0.594594594594595,0.460101525378802,0.59478672985782,844,-0.119274540298042,0.119274540298042,0.0142264159633092
"TeeZee/DarkForest-20B-v2.0",0.509903129746566,-0.757281169068851,99,864,0.581081081081081,0.500691865456217,0.578199052132701,844,-0.0682959223861349,0.0682959223861349,0.00466433301457296
"TeeZee/DarkSapling-7B-v1.0",0.535487846240274,-0.35282549877158,99,864,0.527027027027027,0.536582775785517,0.548578199052133,844,-0.013090352811859,0.013090352811859,0.000171357336738945
"TeeZee/DarkSapling-7B-v1.1",0.574758902071598,0.053863697553713,99,864,0.594594594594595,0.572191930098034,0.579383886255924,844,-0.004624984184326,0.004624984184326,2.13904787052656e-05
"TeeZee/GALAXY_v03_slimorca_1_epoch_50k_DPO_1_epoch_30k",0.513695727633082,-0.669220946516694,99,864,0.554054054054054,0.508472885390368,0.592417061611374,844,-0.078721333978292,0.078721333978292,0.00619704842332178
"TeeZee/NEBULA-23B-v1.0",0.540122696032133,-0.393124213895532,99,864,0.594594594594595,0.533073391512285,0.614928909952607,844,-0.0748062139204739,0.0748062139204739,0.00559596964111571
"teknium/OpenHermes-2.5-Mistral-7B",0.591088619599807,0.190839656171098,99,864,0.635135135135135,0.585388482295235,0.59478672985782,844,-0.00369811025801303,0.00369811025801303,1.36760194804212e-05
"tenyx/Llama3-TenyxChat-70B",0.593863195444758,0.0602377885990346,99,864,0.756756756756757,0.572782852216147,0.675355450236967,844,-0.081492254792209,0.081492254792209,0.00664098759111831
"Test157t/Eris-Floramix-7b",0.718212441987241,1.63144451057089,99,864,0.783783783783784,0.709726738931218,0.71563981042654,844,0.00257263156070098,0.00257263156070098,6.61843314711475e-06
"Test157t/Pasta-Lake-7b",0.66020996382894,0.828869973309531,99,864,0.72972972972973,0.651213288241779,0.678909952606635,844,-0.018699988777695,0.018699988777695,0.000349689580285918
"TheBloke/orca_mini_v3_7B-GPTQ",0.42076826204901,-1.7261698706238,99,864,0.391891891891892,0.424505204069343,0.458530805687204,844,-0.037762543638194,0.037762543638194,0.0014260097020265
"theNovaAI/Supernova-experimental",0.498360536320628,-0.887069930923379,99,864,0.567567567567568,0.489404332276906,0.558056872037915,844,-0.059696335717287,0.059696335717287,0.00356365249807104
"timdettmers/guanaco-33b-merged",0.509709916557877,-0.779731403176989,99,864,0.594594594594595,0.498724840576655,0.556872037914692,844,-0.047162121356815,0.047162121356815,0.00222426569087494
"TomGrc/FusionNet_34Bx2_MoE",0.596611751927014,0.147776838897281,99,864,0.716216216216216,0.581133527136646,0.693127962085308,844,-0.096516210158294,0.096516210158294,0.00931537882331998
"TomGrc/FusionNet_passthrough",0.566112724687095,-0.175105409099148,99,864,0.675675675675676,0.551933989853279,0.657582938388626,844,-0.0914702137015311,0.0914702137015311,0.00836679999460376
"tuantran1632001/Psyfighter2-Orca2-ties",0.505000890171169,-0.780554620900179,99,864,0.554054054054054,0.498652833668678,0.558056872037915,844,-0.053055981866746,0.053055981866746,0.00281493721184448
"tyson0420/stack_llama_fil_ai",0.40257111182866,-1.97543467240119,99,864,0.351351351351351,0.409199551419841,0.424170616113744,844,-0.021599504285084,0.021599504285084,0.000466538585361362
"Undi95/Clover3-17B",0.492790851116178,-0.798281092292792,99,864,0.459459459459459,0.497104325330577,0.520142180094787,844,-0.027351328978609,0.027351328978609,0.000748095196896095
"Undi95/Llama-3-8B-Instruct-OAS",0.48732835718123,-0.971294280485742,99,864,0.527027027027027,0.48219088226001,0.539099526066351,844,-0.051771168885121,0.051771168885121,0.00268025392773172
"Undi95/X-MythoChronos-13B",0.485730990237093,-0.971944281506681,99,864,0.513513513513513,0.482135604871909,0.52132701421801,844,-0.035596023980917,0.035596023980917,0.00126707692325002
"upaya07/Birbal-7B-V1",0.581294574036403,0.0767775687275255,99,864,0.635135135135135,0.574326972011861,0.565165876777251,844,0.0161286972591519,0.0161286972591519,0.000260134875277374
"uproai/Rose-2x7B",0.608262171378643,0.329951276456981,99,864,0.675675675675676,0.599538070822556,0.601895734597156,844,0.00636643678148707,0.00636643678148707,4.05315172926715e-05
"uukuguy/speechless-llama2-13b",0.49044195322722,-0.909707486977146,99,864,0.513513513513513,0.487456221896053,0.555687203791469,844,-0.065245250564249,0.065245250564249,0.00425694272119163
"uukuguy/speechless-mistral-7B-v0.2-mixed-1",0.532430263021766,-0.392482040130317,99,864,0.527027027027027,0.533129505326968,0.502369668246445,844,0.030060594775321,0.030060594775321,0.000903639358246054
"uukuguy/speechless-mistral-hermes-code-7b",0.490248572995408,-0.871644011928158,99,864,0.486486486486487,0.490735431249504,0.516587677725118,844,-0.02633910472971,0.02633910472971,0.000693748437962633
"uukuguy/speechless-thoughts-mistral-7b",0.508768103590001,-0.594554008462893,99,864,0.459459459459459,0.515149222242189,0.510663507109005,844,-0.00189540351900397,0.00189540351900397,3.59255449985263e-06
"uukuguy/speechless-thoughts-mistral-7b-v1.0",0.50989448476996,-0.58038555290188,99,864,0.459459459459459,0.516421370398377,0.504739336492891,844,0.00515514827706898,0.00515514827706898,2.65755537585672e-05
"uukuguy/zephyr-7b-alpha-dare-0.85",0.55674509807437,-0.115594136534228,99,864,0.554054054054054,0.55709335082994,0.545023696682464,844,0.011721401391906,0.011721401391906,0.000137391250590177
"VAGOsolutions/SauerkrautLM-14b-MoE-LaserChat",0.579837335461889,0.114703656684943,99,864,0.594594594594595,0.577927572515304,0.614928909952607,844,-0.035091574490718,0.035091574490718,0.00123141860023761
"VAGOsolutions/SauerkrautLM-Qwen-32b",0.492482758747279,-0.862683459370693,99,864,0.5,0.491509939291044,0.52132701421801,844,-0.028844255470731,0.028844255470731,0.000831991073660795
"Vasanth/Valor_Macaroni_moe",0.652234888679113,0.758991643370737,99,864,0.716216216216216,0.643954952174311,0.66824644549763,844,-0.0160115568185171,0.0160115568185171,0.0002563699517526
"venkycs/ZySec-7B-Adapter",0.572105313941474,-0.0177083088845899,99,864,0.621621621621622,0.565697321182867,0.586492890995261,844,-0.014387577053787,0.014387577053787,0.000207002373478659
"vicgalle/Configurable-Llama-3-8B-v0.2",0.481698730095287,-1.10974533677754,99,864,0.567567567567568,0.470586292304757,0.550947867298578,844,-0.069249137203291,0.069249137203291,0.00479544300340022
"vicgalle/Configurable-Yi-1.5-9B-Chat",0.535814444980632,-0.448491135662694,99,864,0.594594594594595,0.528207602089414,0.575829383886256,844,-0.040014938905624,0.040014938905624,0.00160119533562082
"vicgalle/franken-SOLAR-18B-v1.0",0.520524252231592,-0.485432564582953,99,864,0.486486486486487,0.524929139563311,0.603080568720379,844,-0.0825563164887869,0.0825563164887869,0.00681554539219675
"vicgalleorg/OpenHermes-Yi-9B",0.50539371825586,-0.775483970608469,99,864,0.554054054054054,0.499096498329035,0.535545023696682,844,-0.030151305440822,0.030151305440822,0.000909101219785743
"vince62s/phi-2-psy",0.468279268107709,-1.18831554727428,99,864,0.5,0.464174232215766,0.530805687203792,844,-0.062526419096083,0.062526419096083,0.00390955308497901
"vistagi/Mixtral-8x7b-v0.1-sft",0.546116149939015,-0.335402849759737,99,864,0.608108108108108,0.538093661234779,0.610189573459716,844,-0.064073423520701,0.064073423520701,0.00410540360166312
"vonjack/phi-3-mini-4k-instruct-llamafied",0.521389291556949,-0.572138891032268,99,864,0.554054054054054,0.517162086998501,0.562796208530806,844,-0.041406916973857,0.041406916973857,0.00171453277327989
"walebadr/Mistral-7B-v0.1-DPO",0.361349346518475,-2.49656522473252,99,864,0.202702702702703,0.381880088659339,0.239336492890995,844,0.12201285362748,0.12201285362748,0.0148871364503209
"wang7776/vicuna-7b-v1.3-sparsity-10",0.423852191132557,-1.69977909092109,99,864,0.405405405405405,0.426239422226659,0.415876777251185,844,0.00797541388137202,0.00797541388137202,6.36072265791815e-05
"wannaphong/han-llm-7b-v2",0.509671855719048,-0.641733166913876,99,864,0.5,0.51092350763563,0.510663507109005,844,-0.000991651389956938,0.000991651389956938,9.83372479203527e-07
"WebraftAI/synapsellm-7b-mistral-v0.4-preview3",0.445119319988692,-1.31971636197893,99,864,0.378378378378378,0.453756383020615,0.411137440758294,844,0.033981879230398,0.033981879230398,0.00115476811602935
"weezywitasneezy/OxytocinErosEngineeringF1-7B-slerp",0.630962052268709,0.578985020886131,99,864,0.675675675675676,0.625175583357219,0.627962085308057,844,0.00299996696065208,0.00299996696065208,8.99980176500407e-06
"Weyaxi/Einstein-bagel-7B",0.622054094915801,0.480438279996985,99,864,0.675675675675676,0.615114831523347,0.623222748815166,844,-0.00116865389936505,0.00116865389936505,1.36575193650113e-06
"Weyaxi/Einstein-v4-Qwen-1.5-32B",0.474623323090035,-1.10062386413435,99,864,0.5,0.471339282548746,0.553317535545024,844,-0.078694212454989,0.078694212454989,0.00619277907391095
"Weyaxi/Instruct-v0.2-Seraph-7B",0.582345807985039,0.0893811446621758,99,864,0.635135135135135,0.575514248000908,0.593601895734597,844,-0.011256087749558,0.011256087749558,0.00012669951142575
"Weyaxi/OpenHermes-2.5-neural-chat-v3-2-Slerp",0.612536518188721,0.410359202745796,99,864,0.648648648648649,0.607863183658613,0.630331753554502,844,-0.017795235365781,0.017795235365781,0.000316670401723542
"Weyaxi/Platypus-Nebula-v2-7B",0.513385800944435,-0.61439944790695,99,864,0.513513513513513,0.513369273435496,0.476303317535545,844,0.03708248340889,0.03708248340889,0.0013751105757706
"Weyaxi/Stellaris-internlm2-20b-r128",0.520893861782285,-0.63689170427323,99,864,0.594594594594595,0.511356119888927,0.543838862559242,844,-0.0229450007769569,0.0229450007769569,0.000526473060654554
"Weyaxi/Stellaris-internlm2-20b-r512",0.5393692346862,-0.422787063403285,99,864,0.608108108108108,0.530473615772777,0.582938388625592,844,-0.043569153939392,0.043569153939392,0.00189827117499444
"xDAN2099/xDAN-L2-moe-2x-v1",0.534568827887161,-0.424779661227275,99,864,0.567567567567568,0.530298402752049,0.631516587677725,844,-0.096947759790564,0.096947759790564,0.0093988681284089
"Xenon1/MetaModel_moex8",0.589389039268192,0.0994954095414772,99,864,0.689189189189189,0.576473725749004,0.675355450236967,844,-0.085966410968775,0.085966410968775,0.00739022381485232
"Xenon1/Xenon-3",0.48169224003645,-0.943395840341388,99,864,0.459459459459459,0.484569423405237,0.514218009478673,844,-0.032525769442223,0.032525769442223,0.00105792567780865
"xriminact/TarsChattyBasev0.0",0.594549513709397,0.281338900278772,99,864,0.594594594594595,0.594543679712489,0.601895734597156,844,-0.00734622088775894,0.00734622088775894,5.39669613317457e-05
"xriminact/TarsChattyBasev0.1",0.509242719654173,-0.627594292938152,99,864,0.486486486486487,0.512187643946462,0.536729857819905,844,-0.027487138165732,0.027487138165732,0.000755542764542041
"xriminact/TarsMeta",0.478897727877662,-0.939401639776514,99,864,0.432432432432432,0.48491088375881,0.438388625592417,844,0.040509102285245,0.040509102285245,0.00164098736795644
"yeontaek/llama-2-13B-ensemble-v3",0.500164695268452,-0.823134923011889,99,864,0.540540540540541,0.494939585880299,0.552132701421801,844,-0.0519680061533491,0.0519680061533491,0.00270067366355453
"YeungNLP/firefly-qwen1.5-en-7b",0.452675848478327,-1.39063620586821,99,864,0.486486486486487,0.44830035414786,0.437203791469194,844,0.015472057009133,0.015472057009133,0.00023938454809386
"YeungNLP/firefly-qwen1.5-en-7b-unsloth",0.450931359700057,-1.37061987350339,99,864,0.459459459459459,0.449827723260605,0.449052132701422,844,0.00187922699863496,0.00187922699863496,3.53149411239858e-06
"YeungNLP/firefly-zephyr-6x7b",0.525814921219997,-0.457539969943506,99,864,0.513513513513513,0.527406868099659,0.540284360189573,844,-0.0144694389695761,0.0144694389695761,0.000209364664094287
"YeungNLP/firefly-zephyr-6x7b-lora",0.525814921219997,-0.457539969943506,99,864,0.513513513513513,0.527406868099659,0.543838862559242,844,-0.018023941339245,0.018023941339245,0.000324862461400545
"yleo/EmertonMonarch-7B",0.715632215603088,1.69740621073549,99,864,0.743243243243243,0.712059023790832,0.708530805687204,844,0.00710140991588404,0.00710140991588404,5.04300227934161e-05
"YouKnwMe/Mistral-7b-instruct-v0.2-private-eds2",0.701366573044223,1.31616995051774,99,864,0.77027027027027,0.692449623991441,0.714454976303318,844,-0.013088403259095,0.013088403259095,0.000171306299872688
"Yuma42/KangalKhan-RawEmerald-7B",0.611214519880849,0.379104839529624,99,864,0.662162162162162,0.60462129558562,0.62085308056872,844,-0.00963856068787106,0.00963856068787106,9.29018521337734e-05
"Yuma42/KangalKhan-ShatteredRuby-7B",0.609466420186343,0.376928965134925,99,864,0.648648648648649,0.604395778855926,0.612559241706161,844,-0.00309282151981805,0.00309282151981805,9.5655449534496e-06
"yunconglong/10.7Bx2_DPO_200",0.524940449722893,-0.644460128682558,99,864,0.635135135135135,0.510679961022485,0.659952606635071,844,-0.135012156912178,0.135012156912178,0.0182282825140786
"ZhangShenao/0.0_ablation_sample1_4iters_bs256_iter_1",0.553082015239649,-0.20376123368671,99,864,0.581081081081081,0.549458606718993,0.552132701421801,844,0.000949313817847908,0.000949313817847908,9.0119672475697e-07
"ZhangShenao/0.0005_llama_4iters_bs128_5551lr_iter_1",0.49414828817422,-0.983554677650822,99,864,0.594594594594595,0.481149354402171,0.571090047393365,844,-0.076941759219145,0.076941759219145,0.00592003431173688
"ZhangShenao/0.0005_llama_4iters_bs128_5551lr_iter_2",0.527433246453016,-0.632524938061564,99,864,0.648648648648649,0.511746547345346,0.586492890995261,844,-0.059059644542245,0.059059644542245,0.00348804161345633
"zhengr/MixTAO-7Bx2-MoE-DPO",0.65924284929408,0.818157589995198,99,864,0.72972972972973,0.65012101770829,0.677725118483412,844,-0.018482269189332,0.018482269189332,0.000341594274386933
"ZoidBB/MultiKory-0.1-4x11b-pre1",0.693744376644628,1.17861073942839,99,864,0.783783783783784,0.682092218073679,0.699052132701422,844,-0.00530775605679401,0.00530775605679401,2.81722743584335e-05
