"model","theta_atlas","se","num_items","time_sec"
"01-ai/Yi-1.5-9B-Chat",-0.850537686520572,0.144516041919455,30,2.14592480659485
"jeiku/Garbage_9B",0.302195458415846,0.106071829250033,30,2.18382573127747
"danyoung/billie",0.874022481459564,0.0858870534506683,30,2.11037826538086
"Locutusque/Hercules-4.0-Mistral-v0.2-7B",0.0291370403520656,0.0845753081645075,30,2.05321741104126
"jondurbin/bagel-7b-v0.1",0.258944925656253,0.109845117500798,30,2.1203887462616
"jjaaaww/posi_13b",-0.895552941130009,0.142058535985579,30,2.07401561737061
"zorobin/mistral-class-shishya-all-hal-7b-ep3",-0.550981379368802,0.112386520657186,30,2.10501265525818
"tricktreat/Llama-2-7b-chat-hf-guanaco-freeze-embed-tokens-q-v-proj-lora",-1.41985617942167,0.19055265137854,39,2.78860354423523
"saishf/West-Maid-7B",0.773373035395674,0.0817666999486306,30,2.05767345428467
"shadowml/Marcoro14-7B-ties",1.01533878295519,0.0805637620939568,30,2.07280325889587
"beberik/Nyxene-v3-11B",0.524420002704723,0.0954146855226431,30,2.06317043304443
"01-ai/Yi-34B-200K",-0.26440732352586,0.0785866604932821,30,2.06270670890808
"eren23/dpo-binarized-NeutrixOmnibe-7B",3.2882842641238,0.358073752384009,500,36.6002390384674
"OpenBuddy/openbuddy-mistral-7b-v13.1",-0.708745185759716,0.147905575262988,30,2.09960699081421
"lemon-mint/gemma-ko-7b-instruct-v0.71",-1.20742793016,0.16370732429499,30,2.07115197181702
"icefog72/IceCoffeeTest2",0.982419371424045,0.0834871000316801,30,2.03988933563232
"shahzebnaveed/NeuralHermes-2.5-Mistral-7B",0.598420346718346,0.0952844273791366,30,2.0615930557251
"ChaoticNeutrals/Eris_Remix_DPO_7B",1.51292041190994,0.0740293493857386,30,2.05896759033203
"Ritvik19/zephyr-phi-1_5-sft-qlora",-1.93278961648017,0.088378248919603,30,2.10336089134216
"h2oai/h2o-danube2-1.8b-sft",-1.39833477305101,0.165292742565401,30,2.10116839408875
"v1olet/v1olet_merged_dpo_7B",0.531439178272651,0.0962564065990114,30,1.98757839202881
"ChavyvAkvar/llama-3-lumimaid-habib-v5",-0.722671475658666,0.128397037257425,30,1.94893765449524
"jondurbin/airoboros-l2-7b-2.2.1",-1.40433964188554,0.14578779818563,30,2.08941006660461
"Locutusque/Hyperion-2.1-Mistral-7B",0.0289101693766649,0.0837175470694466,30,2.0952844619751
"FredrikBL/test-dare",0.518722329529305,0.101962708031764,30,2.08146476745605
"dddsaty/Merge_Sakura_Solar",0.912760467056569,0.0898315603921678,30,2.09627819061279
"ericpolewski/ASTS-PFAF",-0.769770066031649,0.134552918957762,30,2.05047845840454
"chujiezheng/zephyr_0.1",-0.217198575033268,0.0772387051655147,30,2.11782240867615
"prince-canuma/Llama-3-6B-v0.1",-1.19157353126861,0.16274979632959,30,2.01192665100098
"Ppoyaa/Lumina-2",0.755144927707467,0.082765792155436,30,2.09420442581177
"jerryjalapeno/nart-100k-7b",-1.30780719227935,0.157723039014712,30,2.06371259689331
"vicgalle/zephyr-7b-truthy",0.102962346082193,0.0924696491536224,30,2.05985951423645
"MaziyarPanahi/YamshadowInex12_Multi_verse_modelExperiment28",2.96912773827118,0.288145994013268,500,36.1889631748199
"NeuralNovel/Neural-Llama-3",-0.648390011679427,0.126986533758356,30,2.12240886688232
"Gille/StrangeMerges_46-7B-dare_ties",0.549771791583316,0.09497611982869,30,2.04574942588806
"uukuguy/speechless-code-mistral-7b-v1.0",0.20689089904562,0.110340921101651,30,2.04012060165405
"xxx777xxxASD/L3-ChaoticSoliloquy-v1.5-4x8B",-0.647860625619739,0.123524427789734,30,2.023118019104
"LLMNewbie/vic_critT_20pr",-0.671921774194075,0.133872122760861,30,2.06693696975708
"paulml/DPOB-NMTOB-7B",2.26326149018402,0.133227892453917,30,2.04601645469666
"grimjim/llama-3-merge-virt-req-8B",-0.690371246905588,0.125247269703594,30,2.05737805366516
"mistral-community/Mixtral-8x22B-v0.1",-0.205582196867726,0.0782925693265433,30,2.11195826530457
"lmsys/vicuna-13b-v1.1",-0.78804473163353,0.146388156390752,30,2.09583854675293
"cloudyu/Mixtral_7Bx4_MOE_24B",0.676839716238531,0.0899618494418037,30,2.03882503509521
"totally-not-an-llm/PuddleJumper-13b-V2",-1.07589973918508,0.152651733655567,30,1.97909140586853
"jisukim8873/falcon-7B-case-c",-1.49404500643523,0.145460646897853,30,1.99297952651978
"Yuma42/KangalKhan-ShatteredRuby-7B",0.668646292781944,0.0897651146621231,30,2.08341455459595
"lodrick-the-lafted/Grafted-Wind-Elementals-2x70B",-0.39563732304545,0.0865532290791021,30,2.05710244178772
"inswave/AISquare-Instruct-llama2-koen-13b-v0.9.24",-0.829894778425363,0.143076187486738,30,2.06732368469238
"mychen76/openmixtral-4x7b-merged",1.0020844957864,0.0811931546692945,30,2.09492135047913
"CultriX/MonaTrix-v4",1.99944060640263,0.103804821732747,30,2.09273481369019
"jordiclive/gpt4all-alpaca-oa-codealpaca-lora-13b",-0.764647586933322,0.134114034814421,30,2.10340762138367
"liminerity/Blur-7b-v1.21",1.49501265104109,0.0704425501478729,30,2.04713034629822
"DeepMount00/Mistral-RAG",0.281088333198778,0.118482045149565,30,2.0262188911438
"Lazycuber/L2-7b-Orca-WVG-Test",-1.34538574613378,0.154474222621318,30,2.10471320152283
"tuantran1632001/Psyfighter2-Orca2-ties",-0.530183306433676,0.105800743893531,30,2.03314542770386
"flammenai/flammen24-mistral-7B",0.979638523047495,0.0881452241836474,30,2.07012557983398
"Locutusque/Mistral-7B-SFT",-1.19464369571196,0.156591071037919,30,2.09496521949768
"macadeliccc/Laser-WestLake-2x7b",1.71366724877622,0.0769796988838438,30,2.06785774230957
"refine-ai/Power-Llama-3-13b-Instruct",-0.72962564060048,0.125152844076652,30,2.02391862869263
"ajibawa-2023/Code-Mistral-7B",0.826495222133961,0.0814401228210891,30,2.09061670303345
"bigcode/starcoderplus",-1.49209550248825,0.138339974300258,30,2.05579090118408
"BAAI/Aquila2-34B",-0.531506798107603,0.19216996997717,30,2.07758116722107
"elinas/Llama-3-15B-Instruct-ft-v2",-0.690396884698554,0.127266002646922,30,2.05760407447815
"voidful/phi-1_5_chat",-0.782086796738978,0.146538293635309,30,2.10300779342651
"grimjim/kukulemon-7B",0.644640460388576,0.0997482166285561,30,2.0732798576355
"BFauber/lora_llama2-13b_10e5_r128_a4",-0.876335035371882,0.144932367431765,30,2.06345796585083
"ruslanmv/Medical-Mixtral-7B-v2k",-0.0851134050977044,0.0782363343833902,30,2.04622602462769
"mahiatlinux/MasherAI-v6.1-7B-checkpoint3",0.787684278738842,0.0815607376118244,30,2.05676412582397
"G-reen/EXPERIMENT-DPO-m7b2-2-merged",-0.002096394608321,0.0805917595207731,30,2.09458661079407
"ChaoticNeutrals/Prodigy_7B",1.24083050981446,0.0606020709497732,30,2.06843423843384
"augtoma/qCammel-70x",-0.273532603649438,0.0772390028999045,30,2.09560346603394
"osanseviero/mistral-instruct-moe-experimental",-0.177296526618252,0.0794615436909396,30,2.06955814361572
"lyogavin/Anima-7B-100K",-1.65688993479315,0.110596658294733,30,2.1060311794281
"G-reen/EXPERIMENT-SFT-m7b2-2-merged",0.00251372627501575,0.0840290200571933,30,2.06728100776672
"ewqr2130/llama_ppo_1e6_new_tokenizerstep_8000",-1.34857780969596,0.152861484785553,30,2.09805917739868
"ibivibiv/orthorus-125b-moe",-0.271032367221112,0.0794992520260369,30,2.04892587661743
"Locutusque/Hercules-2.0-Mistral-7B",0.338965936568582,0.103001719131445,30,2.14193773269653
"kaitchup/Mayonnaise-4in1-03",1.50030253165449,0.0690300773050163,30,2.07803702354431
"rombodawg/Open_Gpt4_8x7B",-0.271087639011865,0.0794985795328951,30,2.09955191612244
"Undi95/MLewd-v2.4-13B",-0.752968495622509,0.133562334113888,30,2.0882248878479
"uukuguy/SynthIA-7B-v1.3-dare-0.85",0.268978838275739,0.106893272134648,30,2.07310652732849
"seyf1elislam/KuTrix-7b",1.05379941871065,0.081358363441562,30,2.11516070365906
"louisbrulenaudet/Pearl-34B-dare",-0.0331819233700953,0.0803372075441062,30,2.08317112922668
"mychen76/openmixtral-6x7b-v2",0.993074351492041,0.0796745904802102,30,2.06560087203979
"allknowingroger/CeptrixBeagle-12B-MoE",2.25148526443385,0.131072527971382,30,2.10313582420349
"mlabonne/ChimeraLlama-3-8B",-0.570078442896414,0.114726366360749,30,2.14377212524414
"eren23/ogno-monarch-jaskier-merge-7b-v2",2.01451917018844,0.104092538698691,30,2.08006477355957
"speechlessai/speechless-codellama-34b-v1.0",-0.548847742117638,0.114617527229412,30,2.07981777191162
"abacusai/MetaMath-bagel-34b-v0.2-c1500",-0.042752443847149,0.0855199879941819,30,2.08288764953613
"MisterRid/wendigo-14b-alpha4",-0.00989344127863442,0.080595690317296,30,2.09803009033203
"Weyaxi/SauerkrautLM-UNA-SOLAR-Instruct-test",1.25088357871384,0.060882021105202,30,2.0766806602478
"Kukedlc/NeuralSynthesis-7b-v0.4-slerp",2.85164992640166,0.262471150711262,500,36.715176820755
"ZhangShenao/0.001_idpo_declr_iter_3",0.00244342013542921,0.0798416440798568,30,2.05129551887512
"openaccess-ai-collective/wizard-mega-13b",-0.813078845164828,0.132629814055664,30,2.12482714653015
"paulml/NeuralOmniWestBeaglake-7B",2.11704277980373,0.116450084834833,30,2.07636117935181
"bn22/Nous-Hermes-2-SOLAR-10.7B-MISALIGNED",0.642616794793426,0.0931154180835,30,2.11082601547241
"saishf/SOVLish-Maid-L3-8B",-0.61853209583645,0.120539525460097,30,2.06469941139221
"mayacinka/yam-jom-7B",2.16192003584416,0.116822709474498,30,2.059246301651
"Locutusque/ChatHercules-2.5-Mistral-7B-DPO",0.444064958286906,0.104720414781074,30,2.05659770965576
"OpenBuddy/openbuddy-qwen1.5-14b-v20.1-32k",-1.31910755228024,0.194302648183959,30,2.11781072616577
"pansophic/m17",-2.16314420441821,0.094001765605376,30,2.05965638160706
"birgermoell/llama-3-open-hermes-disco",-0.830738496072017,0.156859274440659,30,2.08886528015137
"Vasanth/Beast-Soul",1.49451263438151,0.0687349126277002,30,2.04261374473572
"Rebecca19990101/BreezePetro-7B-Instruct-v1",-0.43049148503802,0.095770906191924,30,2.06777381896973
"IDEA-CCNL/Ziya2-13B-Base",-0.998213383870278,0.144289434814505,30,2.07083797454834
"yunconglong/Truthful_DPO_MOE_19B",1.02067671079789,0.08383847782133,30,2.08527874946594
"dominguesm/canarim-7b",-1.43919672555482,0.146328516997648,30,2.08886623382568
"WizardLM/WizardLM-70B-V1.0",-0.25568560345716,0.0894468005824908,30,2.0637264251709
"TheBloke/gpt4-alpaca-lora-13B-HF",-0.771742797218966,0.150869012989375,30,2.10079479217529
"NousResearch/Nous-Puffin-70B",-0.332286342132953,0.0782651123473977,30,2.03900504112244
"meta-llama/Meta-Llama-3-70B-Instruct",-0.259615799040496,0.0780887823734682,30,2.06383371353149
"liminerity/Blur-7b-v1.22",0.188014200912566,0.1039017098461,30,2.0883731842041
"itsliupeng/fly_6b",-1.02594126422471,0.151838212960578,30,2.02676486968994
"weezywitasneezy/BenchmarkEngineering-F2-7B-slerp",2.18079450508314,0.119123843906228,30,2.1068103313446
"saucam/Athena-8B",-0.506877501855202,0.0974636326350205,30,2.07058501243591
"harborwater/wizard-orca-3b",-1.55282829534543,0.129160443968819,30,2.13925457000732
"TFLai/EnsembleV5-Nova-13B",-0.660338189907092,0.130220712135363,30,2.05973482131958
"Charlie911/vicuna-7b-v1.5-lora-mmlu-merged",-1.49201024285676,0.136039626829738,30,2.07225322723389
"NeuralNovel/Confinus-2x7B",1.75433426972698,0.0816366708795748,30,2.08028268814087
"TheBloke/WizardLM-70B-V1.0-GPTQ",-0.81372676766275,0.135274019868571,30,2.03917503356934
"luffycodes/nash-vicuna-13b-v1dot5-ep2-w-rag-w-simple",-1.16837759953541,0.158554229134269,30,2.02562165260315
"GOAT-AI/GOAT-70B-Storytelling",-0.431080443054441,0.0800596518712035,30,2.06178331375122
"Nitral-AI/Mika-Lelantacles-7b-Longtext",0.71355591635086,0.0936008485360198,30,2.06452989578247
"abacusai/Smaug-2-72B",-0.168395581090314,0.0939185192616182,30,2.07187032699585
"Radiantloom/radintloom-mistral-7b-fusion-dpo",0.536689459209009,0.0960176372089065,30,2.05331063270569
"alvarobartt/mistral-7b-orpo-airoboros-pref-10k",0.103347703127361,0.0924307100011404,30,2.06626796722412
"Inv/Konstanta-V3-BetaFlavour-7B",0.722380262752505,0.0873001591408901,30,2.11243391036987
"abhishek/autotrain-llama3-orpo-v2",-0.5915738412691,0.119171076524632,30,2.09668874740601
"NeverSleep/Llama-3-Lumimaid-70B-v0.1",-0.258205145488529,0.0887064954591175,30,2.05712938308716
"jondurbin/airoboros-34b-3.2",-0.364687041739662,0.0798487473906579,30,2.02237176895142
"Locutusque/OpenCerebrum-1.5-Mistral-7b-v0.2-alpha",0.0201149299818615,0.082604194677761,30,2.07711386680603
"damerajee/Gaja-v1.00",-1.33618379119035,0.152515538312982,30,2.08078002929688
"allknowingroger/Neuraljack-12B-MoE",1.76081289859299,0.0839115530675891,30,2.07748174667358
"ConvexAI/Luminex-72B-v0.1",-0.543010311899888,0.106175328347516,30,2.09735512733459
"0-hero/Matter-0.1-7B",0.229980085864297,0.106742109403113,30,2.10708570480347
"gmonsoon/OpenMia-Indo-Mistral-7b-v3",1.21943231924563,0.0645190622329121,30,2.09419631958008
"CHIH-HUNG/llama-2-13b-FINETUNE4_3.8w-r16-q_k_v_o_gate_up_down",-0.858472776028462,0.137497184066464,30,2.06306266784668
"jingyeom/SOLAR_KO_1.3_deup",-0.731561007464882,0.132850759515692,30,2.09349465370178
"jondurbin/airoboros-7b-gpt4-1.4.1-qlora",-1.23624753590356,0.161488275053085,30,2.08509016036987
"failspy/llama-3-70B-Instruct-abliterated",-0.259589573192541,0.0767983384414193,30,2.08940243721008
"ShenaoZhang/0.001_zephyr_5551_4iters_bs256_iter_3",0.00287322572828792,0.0808801536755364,30,2.06275391578674
"allknowingroger/Meme-7B-slerp",0.515924570491578,0.101891153335366,30,2.10114812850952
"Novocoders/jaskier-7b-NeuralDPO",1.98196982402432,0.107929440431611,30,2.04621267318726
"huggyllama/llama-30b",-0.568564866059181,0.120603458469072,30,2.15015196800232
"TheBloke/CodeLlama-34B-Python-fp16",-1.31860116224693,0.17078415027041,30,2.09259223937988
"aboros98/merlin1",-2.26343869012874,0.0987850300604268,30,2.09406852722168
"bunnycore/Chimera-Apex-7B",0.75059555179792,0.0812584211813952,30,2.10008144378662
"wahaha1987/llama_13b_sharegpt94k_fastchat",-0.964352795749078,0.144267830984348,30,2.06182789802551
"Menouar/saqr-7b-beta",-1.3170711575045,0.196791488823953,30,2.10007095336914
"MediaTek-Research/Breeze-7B-Instruct-v1_0",0.0889936822917212,0.0883138032489998,30,2.09412050247192
"TheSkullery/Aurora-V2-DLEC",-1.02793476505282,0.156220612686737,30,2.08772134780884
"SC44/Mistral-7B-private-spef",1.10777020964588,0.0925159946780165,30,2.10013341903687
"timpal0l/Mistral-7B-v0.1-flashback-v2",-0.0376434514126675,0.0786381414105807,30,2.0742518901825
"abhishekchohan/Yi-9B-Forest-DPO-v1.0",-0.499226694587894,0.0952848835691517,30,2.05454325675964
"jeonsworld/CarbonVillain-en-10.7B-v1",1.00965613296821,0.137047873551799,30,2.1033833026886
"cypienai/cymist-2-v02-SFT",0.252388647976167,0.121446685298955,30,2.12004446983337
"gqd/mistral-merge-7b",0.155985501697821,0.0997396545646809,30,2.09043192863464
"Weyaxi/MetaMath-una-cybertron-v2-bf16-Ties",0.482041563570605,0.111874045741171,30,2.10383319854736
"YouKnowMee/Mistral-7b-instruct-v0.2-summ-dpo-ed2",1.75740622581735,0.0840645850714793,30,2.0414297580719
"keyfan/vicuna-chinese-replication-v1.1",-1.58065476824688,0.121838649343446,30,2.08759880065918
"LeroyDyer/Mixtral_AI_MasterTron",-0.964638093931157,0.146728960891195,30,2.06608271598816
"CHIH-HUNG/llama-2-13b-huangyt_FINETUNE2_3w-gate_up_down_proj",-0.811890448152151,0.134071184001651,30,2.08696675300598
"allknowingroger/MistralMerge-7B-stock",-0.174042838662306,0.077630545306068,30,2.10549283027649
"jeonsworld/CarbonVillain-en-10.7B-v3",1.24152393660083,0.0604965515450731,30,2.04839706420898
"indischepartij/OpenMia-Indo-Mistral-7b-v2",-0.122449825319044,0.078682260384112,30,2.07905578613281
"R136a1/InfinityKuno-2x7B",1.03016321776876,0.0824729749276307,30,2.05633330345154
"TeeZee/NEBULA-XB-v1.0_SFT_2_epoch",-0.0127800836607274,0.0812016651895189,30,2.00634622573853
"gagan3012/MetaModel_moe_multilingualv1",0.0116957409697236,0.0856076292784733,30,2.03259563446045
"Mihaiii/Metis-0.1",-0.0409708733796477,0.0814511241778581,30,2.05738067626953
"Xenon1/Xenon-3",0.00407335437963056,0.0827088598899824,30,2.02861952781677
"KingNish/Llama3-12b",-0.737804142174735,0.142154791331697,30,2.03043341636658
"eldogbbhed/NeuralMonarchCoderPearlBeagle-T3Q-Mistral-Orca-Math-DPO-7b",1.462997521244,0.0754453323708761,30,2.01873922348022
"SJ-Donald/SJ-SOLAR-10.7b-DPO",0.9508267835892,0.0834743831228041,30,2.05465269088745
"jan-hq/stealth-v2",2.26299928394083,0.132974611495262,30,2.0521502494812
"openaccess-ai-collective/grendel",-0.258141909120118,0.0796860954347657,30,2.04131007194519
"chansung/llamaduo_synth_ds_v0.1",-1.17637359359262,0.168389875516503,30,2.02912282943726
"mncai/mistral-7b-dpo-v5",1.24895255761137,0.059378313496587,30,2.02430963516235
"allknowingroger/CalmExperiment-7B-slerp",3.01490158650787,0.298039995566381,500,36.2622640132904
"nvidia/OpenMath-Mistral-7B-v0.1-hf",-0.0183115372694855,0.0853965906785669,30,2.07369303703308
"kunkun666/kunkun_dat",-1.35408818566074,0.149568325289849,30,2.03182101249695
"YouKnwMe/Direct-sm-private-e1",1.7745578151744,0.0858451207618629,30,2.05879688262939
"Eric111/CatunaLaserPi",1.25459478502249,0.0595388744343477,30,2.08133482933044
"allknowingroger/ROGERphi-7B-slerp",0.744930309111004,0.0827220846396355,30,2.03688025474548
"NovoCode/Tiger-7B-v0.1-LaserRMT-Math-5-10-15-Neural-DPO",0.0352875234885475,0.0853398337865095,30,2.00497722625732
"Evaloric/Evaloric-1.1B-test",-1.60671425852595,0.125793757662805,30,1.99658966064453
"ResplendentAI/Obscura_32k_7B",-1.01368004747894,0.149703537306403,30,2.05186629295349
"TFLai/OpenOrca-Platypus2-13B-QLoRA-0.80-epoch",-0.617748665160733,0.124698798192109,30,2.01689100265503
"grimjim/fireblossom-32K-7B",0.710320655300833,0.0909833617137013,30,2.07895565032959
"Edgerunners/meta-llama-3-8b-instruct-hf-ortho-baukit-5fail-500total",-0.640505506235694,0.125883302628962,30,2.03172969818115
"BarraHome/Mistroll-7B-v2.3-NoTsOsm4rt-16bit",0.983340041850926,0.0897707232430064,30,2.01928997039795
"Artples/L-MChat-7b",0.844545289396507,0.0824128281578312,30,2.086998462677
"bunnycore/Blackbird-Llama-3-8B",-0.684409951100804,0.129057669725407,30,2.01856422424316
"Doctor-Shotgun/CalliopeDS-v2-L2-13B",-0.792493027384402,0.135103387511535,30,2.08794569969177
"yanolja/EEVE-Korean-2.8B-v1.0",-1.05457581478687,0.175132857371715,30,1.99031448364258
"huggyllama/llama-65b",-0.485987868765624,0.0921970975410928,30,2.01917219161987
"64bits/LexPodLM-13B",-0.818299483637684,0.142036990364967,30,2.00443530082703
"maywell/PiVoT-SOLAR-10.7B-RP",-0.0505604544490085,0.080160412851969,30,2.02519106864929
"AA051610/A11P",-0.47560900831762,0.0928715583752153,30,2.05764722824097
"LeroyDyer/Mixtral_AI_Cyber_2.0",-0.0115737474378369,0.0798076581454671,30,2.00220966339111
"HenryJJ/dolphin-2.6-mistral-7b-dpo-orca-v1",0.250462272771968,0.108630123578518,30,2.00407862663269
"Sao10K/Medusa-13b",-1.04401641312176,0.162306803961476,30,2.01539778709412
"FelixChao/vicuna-33b-coder",-0.535400124402831,0.107334496487787,30,1.99570512771606
"WDong/Qwen1.5-7B-sft-0506_7_7",-1.26185843335661,0.158297875190692,30,2.00884127616882
"jondurbin/airoboros-l2-13b-3.0",-0.738255702906946,0.129720658560673,30,2.03732490539551
"sonthenguyen/OpenHermes-2.5-Mistral-7B-mt-bench-DPO-recovered",0.546110434656504,0.0965277273240574,30,2.03525590896606
"DreadPoor/WhyAreWeStillHere-7B-slerp",1.41730052754297,0.0691403248226578,30,2.04409575462341
"222gate/Blurred-Beagle-7b-slerp",1.49264689075213,0.0691742078075391,30,2.07681274414062
"TheBloke/gpt4-alpaca-lora_mlp-65B-HF",-0.508911472090454,0.0973828197207314,30,2.00464582443237
"Gille/StrangeMerges_29-7B-dare_ties",2.02422668972249,0.105631413885845,30,2.03384184837341
"dhmeltzer/llama-7b-SFT_eli5_wiki65k_1024_r_64_alpha_16_merged",-1.33304573988516,0.155990554873664,30,2.05440807342529
"RatanRohith/NeuralPizza-WestSeverus-7B-Merge-slerp",1.47213027281757,0.0692829934746865,30,2.04055237770081
"ResplendentAI/Aura_7B",1.016728563909,0.0823891668546297,30,1.97543287277222
"Sao10K/Zephyrus-L1-33B",-0.280025504550984,0.0852168398284583,30,2.01503014564514
"CallComply/openchat-3.5-0106-11b",-0.296572101376676,0.0920501965659562,30,2.02303767204285
"rwitz/go-bruins-v2",1.04299655803765,0.0811978132298918,30,2.03646922111511
"Mr-Bhaskar/fbt-gemma-7b",-1.09045855764086,0.197978572214636,39,2.64221429824829
"vicgalle/CarbonBeagle-11B-truthy",0.706188943659991,0.107635168788696,30,2.01524710655212
"liminerity/e.star.7b",1.24182186137459,0.0611835286191031,30,1.98370933532715
"OpenAssistant/llama2-70b-oasst-sft-v10",-0.240631716841844,0.0787814120179624,30,2.01429653167725
"Suduk/Llama-3-8B-Viper-16bit",-0.601056209949454,0.123895388977961,30,2.02376461029053
"8xqmff94/slm",-0.80044767203958,0.134224036462929,30,1.96313166618347
"ChavyvAkvar/llama-3-habib",-0.851609695817076,0.136704491808408,30,2.05155968666077
"allenai/OLMo-7B-hf",-1.47680612034522,0.143518883240059,30,2.00940942764282
"ibivibiv/llama-3-nectar-dpo-8B",-0.696192031724485,0.125043170485039,30,2.02309942245483
"pansophic/new_model_test3",-1.27228926993868,0.176948265623985,30,2.01859068870544
"TheBloke/VicUnlocked-alpaca-65B-QLoRA-fp16",-0.542857528478075,0.111297706138533,30,2.01846027374268
"TW3Partners/testmerge-7b",2.03270208166048,0.105035052996496,30,1.99048233032227
"luffycodes/vicuna-class-shishya-ac-hal-7b-ep3",-1.67863604734584,0.115537707958657,30,1.96702265739441
"giraffe176/Open_Maid_Samantha_Hermes_Orca",0.544808703841871,0.0953372156054655,30,1.86213231086731
"01-ai/Yi-34B-Chat",-0.248732377067111,0.079041264541911,30,1.85710167884827
"Aratako/Mixtral-8x7B-Instruct-v0.1-upscaled",-0.45163872288015,0.0912411740592612,30,1.86823916435242
"CorticalStack/mistral-7b-distilabel-truthy-dpo",0.25995620764621,0.107633687999894,30,1.86793351173401
"TFLai/MythoMix-Platypus2-13B-QLoRA-0.80-epoch",-0.809394551379676,0.132394173385179,30,1.84125256538391
"field2437/phi-2-platypus-Commercial-lora",-0.534843672415024,0.124779219931693,30,1.85582613945007
"dawn17/StarlingMaid-2x7B-base",0.608030044559562,0.0953470459844738,30,1.88464903831482
"Mikael110/llama-2-7b-guanaco-fp16",-1.38130430563581,0.160281763430362,30,1.88123106956482
"TeeZee/Xwin-LM-70B-V0.1_Jannie",-0.254672601976513,0.0794451195830033,30,1.89294958114624
"golaxy/gogpt-7b",-1.28529191876975,0.161624280430827,30,1.87145304679871
"ibivibiv/dolphin-ultrafeedback-dpo",0.286909273168716,0.108290225389964,30,1.8948974609375
"Walmart-the-bag/Yi-6B-Infinity-Chat",-0.944044206294707,0.152059867938578,30,1.87495994567871
"flammenai/flammen27-mistral-7B",1.0159716990108,0.0851219372301171,30,1.89081001281738
"beberik/Nyxene-v2-11B",0.451809709733495,0.0970628419864509,30,1.88129901885986
"ajibawa-2023/Code-290k-13B",-1.02222147087458,0.149123040083377,30,1.89390707015991
"frankenmerger/delta-4b-orange",-1.83667676290805,0.0996144214386067,30,1.87509894371033
"abacusai/Smaug-70B-v0.1",-0.261414711993062,0.0782126756900144,30,1.88071799278259
"Fredithefish/Guanaco-7B-Uncensored",-1.35481006876013,0.152395581797437,30,1.88972353935242
"G-reen/EXPERIMENT-SFT-m7b2-3-merged",-0.0103605309080053,0.0793987876076285,30,1.88113594055176
"ResplendentAI/Datura_7B",1.99085379026684,0.103967250582897,30,1.90026831626892
"quantumaikr/QuantumLM-7B",-1.40908874419424,0.145316258599481,30,1.88892388343811
"ehartford/WizardLM-7B-Uncensored",-1.28347540802085,0.175031968645207,30,1.90220427513123
"222gate/Blurdus-7b-v0.1",1.39619179982516,0.065195934663974,30,1.8775315284729
"aihub-app/ZySec-8B-v2",-1.27825530499547,0.1781683613405,30,1.9025776386261
"rwitz2/go-bruins-v2.1.1",1.24939882608193,0.0593657891026635,30,1.87812185287476
"Medilora/medilora-mistral-7b",-0.000814767715011095,0.0856179077603792,30,1.90040612220764
"Aeala/VicUnlocked-alpaca-30b",-0.576291516910725,0.1185377809853,30,1.87987232208252
"TFLai/Nova-13B",-0.584503625888741,0.118897439767949,30,1.89205098152161
"CausalLM/72B-preview-llamafied-qwen-llamafy",-0.308404201839064,0.0777046719324168,30,1.85695099830627
"maldv/badger-l3-instruct-32k",-0.628184203976458,0.122427947867019,30,1.87387013435364
"Noodlz/Dolph-Lund-Wizard-7B",0.707764221336184,0.0864696510226308,30,1.8502209186554
"DreadPoor/Chimera-7B-TIES",-0.0878599327976947,0.0785182356387166,30,1.87658357620239
"minlik/chinese-alpaca-33b-merged",-1.01099364230964,0.157160117657752,30,1.85483121871948
"DreadPoor/Westuccine-7B-slerp",0.538639294245205,0.100977345580877,30,1.84931111335754
"vmajor/Orca2-13B-selfmerge-26B",-0.502536786805279,0.0952872826460278,30,1.87095308303833
"lodrick-the-lafted/Kudzu-8B",-0.498051463452998,0.0930727734809812,30,1.87935543060303
"rizla/raccoon-small",2.1724696977608,0.120435545430411,30,1.84821963310242
"elinas/chronos-mistral-7b",-0.30461147884203,0.0771359438424629,30,1.85031151771545
"CausalLM/72B-preview",-0.316078839112486,0.0778758317854511,30,1.86325597763062
"mayacinka/yam-jom-7B-slerp",1.99593189574107,0.103031544289828,30,1.85184359550476
"ryan0712/llama-3-8b-DUS-initialized",-0.987603859520862,0.149682728252589,30,1.86944818496704
"PeanutJar/LLaMa-2-PeanutButter_v10-7B",-1.57874927028451,0.122032643671779,30,1.850905418396
"Charlie911/vicuna-7b-v1.5-lora-mctaco",-1.52859962894863,0.135261269087204,30,1.87415719032288
"CultriX/Wernicke-7B-v8",1.7846198074553,0.0922718909300346,30,1.88270974159241
"TheBloke/airoboros-13B-HF",-0.540406437765209,0.10685627457148,30,1.85461688041687
"Kukedlc/Neural-Krishna-Multiverse-7b",2.76950227709847,0.24384282479057,500,33.1295745372772
"CorticalStack/mistral-7b-alpaca-sft",-0.0581828731825135,0.0813453833600481,30,1.87525463104248
"CHIH-HUNG/llama-2-13b-FINETUNE5_4w-r4-q_k_v_o_gate_up_down",-0.892380166963858,0.14277665928933,30,1.85606575012207
"louisbrulenaudet/Pearl-7B-0210-dare",1.2594019172348,0.100877483260331,30,1.86951375007629
"BarraHome/Lucie-7b-3e-5",0.0577366282389875,0.0854653949572342,30,1.85427737236023
"The-Face-Of-Goonery/Huginn-13b-v1.2",-0.671813469679286,0.128477646229108,30,1.87049150466919
"hamxea/Mistral-7B-v0.1-activity-fine-tuned-v3",0.0705237756995911,0.0867390117494963,30,1.85090446472168
"PotatoOff/HamSter-0.2",-0.254227480118275,0.088344072590716,30,1.84997415542603
"LTC-AI-Labs/L2-7b-Hermes-Synthia",-1.44989644610393,0.157646829746714,30,1.86711359024048
"gradientputri/MegaMix-T1-13B",-0.749408617708402,0.132565724998353,30,1.8549816608429
"monster119120/OpenHermes-2.5-Mistral-7B-new",0.709412993173928,0.0889610978524791,30,1.87043809890747
"openchat/openchat_3.5",0.745757713838596,0.0826452936974768,30,1.85318517684937
"MSL7/INEX4-7b",1.79814816058874,0.0883273836898519,30,1.87004256248474
"SCE/Mistral-7B-math-ia3-pruned20",0.00594563404861399,0.0817131381376105,30,1.85471653938293
"Gille/StrangeMerges_53-7B-model_stock",1.74415837870633,0.0803884802590463,30,1.87578868865967
"digitous/13B-Chimera",-0.536294353381216,0.120787087495587,30,1.85870718955994
"Kukedlc/FrankeMerge-12.5B",0.753098482800283,0.0828456781713242,30,1.86439204216003
"chinoll/Yi-6b-200k-dpo",-0.783076213190578,0.13439860435976,30,1.85352659225464
"Rijgersberg/GEITje-7B-chat-v2",-1.25757956426188,0.197990530752296,31,1.91807460784912
"Locutusque/Hyperion-3.0-Yi-34B",-0.264491258558922,0.0787434107362262,30,1.865473985672
"uukuguy/speechless-mistral-moloras-7b",0.0923425275112356,0.0908905406467278,30,1.85492444038391
"BFauber/lora_llama2-7b_10e4",-1.43317883795898,0.145870488652553,30,1.86788058280945
"PygmalionAI/mythalion-13b",-0.63133891211887,0.12982710833012,30,1.84844827651978
"ChaoticNeutrals/Lunar_10.7B",0.00354563166763126,0.0824799499984896,30,1.85483336448669
"BFauber/lora_llama2-13b_10e5_r2_a16",-0.850446201697182,0.138427767189301,30,1.86403036117554
"LeroyDyer/Mixtral_AI_Cyber_3.0",0.213557366122523,0.110037632399429,30,1.84831261634827
"nlpguy/ColorShadow-7B-v2",0.0577678941058143,0.106252454648612,30,1.86415672302246
"CHIH-HUNG/llama-2-13b-FINETUNE1_17w-q_k_v_o_proj",-0.8398744363276,0.139337816695658,30,1.84963798522949
"openchat/openchat_v2",-0.942070784451579,0.196143496555253,33,2.03618168830872
"UCLA-AGI/zephyr-7b-sft-full-SPIN-iter3",0.0802921742285724,0.0891392150656252,30,1.87023973464966
"dvruette/llama-13b-pretrained-sft-do2",-0.853028408707759,0.152021306125154,30,1.85451316833496
"OpenPipe/mistral-ft-optimized-1227",0.708764383236745,0.0866666103441152,30,1.8606014251709
"Neko-Institute-of-Science/metharme-7b",-1.2121025729631,0.155855575240426,30,1.86004567146301
"jondurbin/airoboros-l2-7b-2.1",-1.43001372116649,0.141215620964487,30,1.87270927429199
"pankajmathur/Lima_Unchained_70b",-0.277820102657574,0.0784660598741484,30,1.85075163841248
"yam-peleg/gemma-7b-it-experiment",-1.69000580139153,0.111572256072653,30,1.86394596099854
"chargoddard/average-dolphin-8x7B",-0.245973188349807,0.0767399861635841,30,1.87179183959961
"Steelskull/Umbra-v2.1-MoE-4x10.7",0.663826209713973,0.0914652500917873,30,1.85345649719238
"ConvexAI/Luminex-32B-v0.2",0.163962616270431,0.122280496768717,30,1.85136103630066
"ShenaoZhang/0.001_4iters_bs256_nodpo_only4w_iter_4",0.0012448250645012,0.0813824282706315,30,1.86369705200195
"kyujinpy/Sakura-SOLRCA-Math-Instruct-DPO-v2",0.754412570141478,0.0865733958531052,30,1.84863042831421
"Doctor-Shotgun/CalliopeDS-L2-13B",-0.770735294418015,0.130283304484966,30,1.86641836166382
"freecs/ThetaWave-7B-v0",0.2458569900582,0.114764089271389,30,1.8518922328949
"OpenBuddy/openbuddy-mistral-22b-v21.1-32k",-0.863511553212022,0.139318253648082,30,1.86902666091919
"EmbeddedLLM/Mistral-7B-Merge-02-v0",0.732828011701565,0.083539008517914,30,1.84864640235901
"KoboldAI/LLaMA2-13B-Tiefighter",-0.761460515853972,0.130969756673204,30,1.84062814712524
"fblgit/una-cybertron-7b-v3-OMA",1.24933509694478,0.0603301841248603,30,1.86490559577942
"NeverSleep/MiquMaid-v2-70B",-0.257190908146934,0.0795614572445718,30,1.84995150566101
"aiplanet/effi-7b",-1.29356036753832,0.15763324087864,30,1.86168336868286
"nbeerbower/flammen11X-mistral-7B",1.27393003833637,0.0592455660657439,30,1.85034871101379
"CHIH-HUNG/llama-2-13b-dolphin_5w",-0.819655912432828,0.135307330383546,30,1.84793829917908
"Novocoders/Mistral-NeuralDPO-v0.4-Laser",0.281131816419689,0.107458901210386,30,1.8634238243103
"abacusai/Fewshot-Metamath-Mistral",-0.0306337162320571,0.0781841716072166,30,1.85182023048401
"bhavinjawade/SuperAligned-Jawade",0.171505412882611,0.110023491500663,30,1.87418031692505
"Envoid/Yousei-22B",-0.800454892132572,0.137841050988814,30,1.85108113288879
"NotAiLOL/Boundary-Coder-Yi-2x6B-MoE",-0.905048663423132,0.148454643392587,30,1.85227823257446
"NousResearch/Nous-Hermes-2-Mixtral-8x7B-DPO",-0.26716649387006,0.0800304122006706,30,1.86485171318054
"antiven0m/finch",1.25382352379774,0.0608234054537774,30,1.85526704788208
"alvarobartt/mistral-7b-orpo-alignment-handbook",-0.00299198369579151,0.0809991676707802,30,1.86813902854919
"FelixChao/WestSeverus-7B-DPO-v2",1.50078971190059,0.0729744537831631,30,1.85218739509583
"Rebecca19990101/Breeze-Petro-7B-Instruct-v1",-0.892894045943336,0.142290275368554,30,1.85175442695618
"migtissera/Synthia-70B-v1.2b",-0.344079894208495,0.0795720914899553,30,1.8625226020813
"robinsmits/Mistral-Instruct-7B-v0.2-ChatAlpaca-DPO2",-0.0457273422226171,0.0770379179149723,30,1.85239434242249
"DevaMalla/llama7b_alpaca_1gpu_bf16",-1.23490163093874,0.156802902819367,30,1.87113761901855
"AA051615/L0225",-0.617010928479407,0.122392869095045,30,1.84848856925964
"AmberYifan/test-spin-lora-iter0",-0.24008495623767,0.0779010751815436,30,1.84655022621155
"jondurbin/airoboros-65b-gpt4-1.2",-0.509542248622562,0.0979738464574451,30,1.86962676048279
"KnutJaegersberg/Qwen-14B-Llamafied",-0.701195987579966,0.130737462703127,30,1.85482597351074
"paulml/OmniBeagleMBX-v3-7B",2.00248290554417,0.103815184842078,30,1.86878395080566
"teknium/OpenHermes-2.5-Mistral-7B",0.545515594774306,0.0942842907503925,30,1.85352206230164
"eldogbbhed/NeuralKrishnaMathWizard-7B",0.136628885124391,0.101964279311343,30,1.85204863548279
"mayacinka/Open-StaMis-v02-stock",-0.255149128599196,0.0765872388502947,30,1.86301302909851
"vanillaOVO/merge_7B_state_1",1.50320232466448,0.069639186988547,30,1.84906196594238
"indischepartij/OpenMia-Indo-Engineering-7b",0.744778755082593,0.0839501768973869,30,1.85027861595154
"macadeliccc/Monarch-7B-SFT",0.243599650839737,0.112721429869472,30,1.86789727210999
"NickyNicky/Mistral-7B-OpenOrca-oasst_top1_2023-08-25-v2",-0.0129537125982387,0.0855312394361556,30,1.85224533081055
"jisukim8873/mistralai-case-1-0",0.150114481436898,0.100013835696384,30,1.86548781394958
"Undi95/Mistral-11B-TestBench9",0.328916641525454,0.105221412100376,30,1.85044002532959
"cloudyu/mistral_18B_instruct_v0.1",-0.25308005847743,0.0829157658490778,30,1.95751571655273
"invalid-coder/dolphin-2.1-mistral-7b-snr-math-laser",0.230361315678366,0.107523367640123,30,1.8707263469696
"Monero/WizardLM-30B-Uncensored-Guanaco-SuperCOT-30b",-0.737558748736916,0.128276807729373,30,1.84807252883911
"unsloth/mistral-7b-v0.2",0.214125361953691,0.109614571637,30,1.87767577171326
"nnethercott/orca-open_hermes-llava-v1.5-7b-dpo",-1.40562108356259,0.152778988136003,30,1.84721684455872
"perlthoughts/Chupacabra-7B-v2.01",0.822351761029166,0.0851479736430776,30,1.85678434371948
"wenbopan/Faro-Yi-34B-200K",-0.243480525026135,0.0773378204785551,30,1.85949802398682
"tyson0420/stack_llama_fil_ai",-1.40110399165885,0.146808452782106,30,1.85725545883179
"Gille/StrangeMerges_52-7B-dare_ties",0.98736937446711,0.0844397469690001,30,1.86864352226257
"mahiatlinux/MasherAI-v6.1-7B-checkpoint3-code4",0.458006768160244,0.0958934519696718,30,1.85245800018311
"vonjack/Phi-3-mini-4k-instruct-LLaMAfied",-1.86863248061996,0.131953075839278,30,1.87451028823853
"TheTravellingEngineer/llama2-7b-chat-hf-v3",-1.3366757319679,0.151888887182641,30,1.85672950744629
"icefog72/IceTeaRP-7b",0.534559509622334,0.0939921653868789,30,1.8606641292572
"ajibawa-2023/SlimOrca-Llama-3-8B",-1.23876913549863,0.176971223095624,30,1.85758662223816
"CHIH-HUNG/llama-2-13b-FINETUNE4_3.8w-r8-gate_up_down",-0.829422164601396,0.136443596133391,30,1.87438535690308
"runkai/PascalHermes-2.5-Mistral-7B",0.601081204202339,0.0984444817934161,30,1.85620975494385
"FelixChao/Gemma-10.2B-Coder",-0.516703064809573,0.102011926471416,30,1.85637187957764
"bartowski/internlm2-chat-20b-llama",-0.398126291966264,0.0749481166358319,30,1.86991763114929
"NousResearch/Hermes-2-Theta-Llama-3-8B",-0.541019322661927,0.112134527342792,30,1.85340023040771
"Yuma42/KangalKhan-PressurizedRuby-7B",0.71486357541243,0.0858757317495048,30,1.87271666526794
"dhmeltzer/Llama-2-13b-hf-ds_wiki_1024_full_r_64_alpha_16_merged",-0.877209682832074,0.142575275475151,30,1.87537717819214
"Kukedlc/Neural-4-ARC-7b",1.96902206245469,0.101680904055901,30,1.85568690299988
"Qwen/Qwen-7B",-1.35658116336838,0.167347064022862,30,1.87901377677917
"NeuralNovel/Valor-7B-v0.1",1.27605634381031,0.0607026283718145,30,1.85455060005188
"eldogbbhed/NeuralPearlBeagle",0.71676051532988,0.0932278839255943,30,1.88120985031128
"jondurbin/cinematika-7b-v0.1",-0.00485601971181141,0.0802617226384351,30,1.85400176048279
"chlee10/T3Q-platypus-SOLAR-10.7B-v1.0",0.217373287851575,0.11735118409436,30,1.87430310249329
"Azure99/blossom-v5-32b",-0.410510994101134,0.0805446287429428,30,1.85090065002441
"YeungNLP/firefly-llama2-13b",-0.812957336464784,0.134703490661734,30,1.88061356544495
"ajibawa-2023/Uncensored-Frank-Llama-3-8B",-0.810029718837739,0.1338469878533,30,1.85391306877136
"mlabonne/NeuralHermes-2.5-Mistral-7B-laser",0.608999080626578,0.0962949444333869,30,1.86167931556702
"maldv/SHRDFU-7b-beta",0.0299066422613148,0.100545919718327,30,1.86833596229553
"PeanutJar/Mistral-v0.1-PeanutButter-v0.0.0-7B",0.290742920840679,0.108444994474526,30,1.86129879951477
"jefferylovely/AthenaImaniMaven",-0.0758180560232529,0.081913863103049,30,1.87570285797119
"migtissera/Synthia-7B-v1.2",-1.46511325148797,0.13766818434601,30,1.85893750190735
"Undi95/Llama-3-LewdPlay-8B-evo",-0.64443871457699,0.125678852209968,30,1.86655569076538
"sarvamai/OpenHathi-7B-Hi-v0.1-Base",-1.43644601984311,0.142919978937149,30,1.86300134658813
"sauce1337/AppleSauce-L2-13b",-0.785369757014575,0.135956932521187,30,1.869957447052
"leonarad/hope_for_7b_1.0v",-1.20184003021906,0.159886933136813,30,1.85613322257996
"decruz07/kellemar-DPO-7B-c",0.544043351725093,0.0944435905976205,30,1.86130475997925
"CHIH-HUNG/llama-2-13b-FINETUNE3_3.3w-r8-gate_up_down",-0.80503437560388,0.134203175689379,30,1.85816979408264
"CausalLM/7B",-1.25542490247784,0.166042018979386,30,1.86945915222168
"Test157t/Copium-Cola-9B",1.46955695588059,0.0708844057918459,30,1.85775923728943
"Kquant03/Cognito-2x7B-bf16",1.96757350219704,0.106436195707892,30,1.86625790596008
"openlynn/Llama-3-Soliloquy-Max-70B-v1",-0.988692866377424,0.154730496358962,30,1.85134935379028
"IkariDev/Athena-v1",-0.90030600764972,0.143702110927381,30,1.87333464622498
"Xwin-LM/XwinCoder-34B",-1.43745985383099,0.161594496955548,30,1.84795141220093
"Nitral-AI/KukulStanta-7B",0.91134290938565,0.0885215015894783,30,1.87796401977539
"Weyaxi/MetaMath-OpenHermes-2.5-neural-chat-v3-3-Slerp",0.498245562183955,0.0960401771987344,30,1.85518622398376
"amu/spin-phi2-1.5",-2.5580644687198,0.131417700735263,30,1.87845921516418
"AIDC-ai-business/Marcoroni-7B-v2",0.693771797995845,0.0990320305524794,30,1.85946679115295
"vistagi/Mixtral-8x7b-v0.1-sft",-0.277782556184744,0.0769481999308657,30,1.8781406879425
"elyza/ELYZA-japanese-Llama-2-7b-fast",-1.45563571581152,0.15136512868913,30,1.85096001625061
"Changgil/K2S3-Mistral-7b-v1.0",-0.249571937414589,0.076715093973817,30,1.85301971435547
"rhysjones/Phi-3-mini-mango-1",-1.89831117775993,0.0916469775956009,30,1.86558079719543
"liminerity/phigment6-slerp",-0.480542593658053,0.0954595954622777,30,1.85523557662964
"jondurbin/airoboros-33b-2.1",-0.283534963668979,0.0778032540357003,30,1.86879014968872
"dball/zephyr-7b-sft-qlora",-0.0111038405310737,0.0815354433493136,30,1.8602180480957
"invalid-coder/dolphin-2.1-mistral-7b-snr-laser",0.387937235813719,0.103696270032775,30,1.88297820091248
"CHIH-HUNG/llama-2-13b-OpenOrca_5w",-0.786998787604335,0.131705062799813,30,1.84773659706116
"SkunkworksAI/Mistralic-7B-1",0.203799584556704,0.107443428830105,30,1.85225510597229
"automerger/YamshadowExperiment28-7B",2.78182280951523,0.246691950267708,500,33.1752643585205
"l3utterfly/mistral-7b-v0.1-layla-v4",0.182148823360386,0.109038365369013,30,1.8803915977478
"avinash31d/phi-2-slerp",-2.3042989818254,0.16209293311452,30,1.8702929019928
"PotatoB/MergeM-7B",0.754098466934163,0.0816314573598696,30,1.85290598869324
"JunchengXie/Mistral-7B-Instruct-v0.2-gpt-4-80k-base_lora",-0.53820893293615,0.106222165783365,30,1.87427544593811
"Undi95/MLewd-L2-13B",-0.783957929229527,0.135515432500024,30,1.85543775558472
"aaditya/Llama3-OpenBioLLM-8B",-1.07632651664136,0.162994842019427,30,1.85419845581055
"saishf/Merge-Mayhem-L3-V2",-0.674152185838576,0.128039435449147,30,1.87310457229614
"WhiteRabbitNeo/WhiteRabbitNeo-13B-v1",-1.40395847238908,0.147026285067279,30,1.85291314125061
"BFauber/lora_llama2-7b_10e5",-1.31282235054381,0.160008605884498,30,1.87036299705505
"Faradaylab/ARIA-70B-V2",-0.456924736905228,0.0821789319787117,30,1.85526084899902
"SeaLLMs/SeaLLM-7B-v2",0.0105941190757375,0.0828117624592779,30,1.86818337440491
"Weyaxi/Mistral-7B-v0.2-hf-duplicate",0.127603587544923,0.0954635524347567,30,1.85362672805786
"YeungNLP/firefly-qwen1.5-en-7b-dpo-v0.1-unsloth",-1.35161363183277,0.179716706030776,30,1.85060238838196
"ShenaoZ/0.0_withdpo_4iters_bs256_5551lr_iter_4",0.00125512494435145,0.0828844868080383,30,1.86969137191772
"CHIH-HUNG/llama-2-13b-Open_Platypus_and_ccp_2.6w",-0.867935165364094,0.141899531855358,30,1.88055419921875
"PracticeLLM/SOLAR-tail-10.7B-Merge-v1.0",0.75015213011622,0.0867551566063029,30,1.85704112052917
"zarakiquemparte/zarafusionex-1.1-l2-7b",-1.40849689865297,0.168161554532242,30,1.85129237174988
"ShenaoZhang/0.001_zephyr_5551_4iters_bs256_iter_1",-0.0183492474919519,0.0793675807889627,30,1.86679625511169
"CorticalStack/pastiche-crown-clown-7b-dare",2.01610389792427,0.105734418027522,30,1.85483765602112
"core-3/kuno-dogwalker-7b",1.24763930093177,0.0595639310593723,30,1.87537741661072
"ChuckMcSneed/WinterGoddess-1.4x-70b-32k",-0.282542306609347,0.0841873132870502,30,1.86401748657227
"CHIH-HUNG/llama-2-13b-FINETUNE4_3.8w-r4-q_k_v_o_gate_up_down",-0.887513162192503,0.139511278827023,30,1.88014912605286
"nlpguy/Hermes-low-tune-2",0.586290283470662,0.100050024727135,30,1.84897875785828
"OpenBuddy/openbuddy-deepseek-67b-v15.1",-0.197145986084601,0.0851180400778796,30,1.85605549812317
"Gille/StrangeMerges_12-7B-slerp",0.607577908113551,0.0942034429298545,30,1.87736701965332
"chatty123/mistral_rank16_sft",-0.110185962204172,0.0787919268179294,30,1.85441279411316
"chargoddard/llama2-22b-blocktriangular",-0.86936436269848,0.14607241569836,30,1.86012244224548
"Sao10K/Solstice-11B-v1",0.165246124947117,0.10103419008943,30,1.87177729606628
"BFauber/base_7b",-1.36870676266945,0.152784779367051,30,1.88574504852295
"EmbeddedLLM/Mistral-7B-Merge-14-v0.4",0.70374143600741,0.0861038612186895,30,1.8516743183136
"ibivibiv/aegolius-acadicus-30b",1.52554297170589,0.0696748657912685,30,1.85440754890442
"fblgit/una-cybertron-7b-v2-bf16",0.768488998343979,0.0807142618140289,30,1.8673083782196
"ShenaoZhang/0.001_zephyr_5551_4iters_bs256_iter_4",-0.0198930637282932,0.0840296665313816,30,1.86943197250366
"cognitivecomputations/dolphin-2.6-mistral-7b",0.19382706281664,0.104797519024493,30,1.84506392478943
"psyche/kollama2-7b",-1.3434105461175,0.15173569449213,30,1.84825396537781
"databricks/dbrx-instruct",-0.494339670529389,0.091136994643106,30,1.87245440483093
"kimou605/shadow-clown-BioMistral-7B-SLERP",0.529171116832364,0.099126998393825,30,1.84549140930176
"freecs/Zero-7B-test-2",0.245123248496331,0.106278201203321,30,1.86849522590637
"allenai/OLMo-1.7-7B-hf",-1.07250744623496,0.158988578324179,30,1.84503412246704
"grimjim/cuckoo-starling-7B",0.44011279561407,0.101918706690664,30,1.87944746017456
"Sao10K/Sensualize-Mixtral-bf16",-0.268323119507124,0.0775162753888816,30,1.85030961036682
"NeverSleep/Llama-3-Lumimaid-70B-v0.1-alt",-0.256267343476969,0.0773799373620521,30,1.84840154647827
"allknowingroger/Calmesmol-7B-slerp",1.20498302816704,0.0676605043139226,30,1.87832975387573
"Qwen/Qwen1.5-14B-Chat",-0.941762118994733,0.15884835440714,30,1.85399341583252
"shareAI/CodeLLaMA-chat-13b-Chinese",-1.39578825817121,0.148424010616,30,1.85184550285339
"nbeerbower/Suppe-v1-7B",2.3698190115917,0.161458901936389,30,1.86954283714294
"mlabonne/Daredevil-8B-abliterated",-0.57244131731296,0.11767694088299,30,1.86919617652893
"alnrg2arg/blockchainlabs_joe_bez_seminar",1.85834135709753,0.0934145577277236,30,1.84742546081543
"mncai/Llama2-7B-guanaco-dolphin-500",-1.41250503615552,0.162769684614645,30,1.85657739639282
"TeeZee/DarkSapling-7B-v2.0",0.320111445813493,0.108676753922752,30,1.87574172019958
"AurelPx/Meliodas-7b-dare",2.80450721068404,0.251884664018786,500,33.1262128353119
"damerajee/Oot-v2_lll",0.908853276740047,0.0880768086193796,30,1.87252879142761
"prithivida/Asimov-7B-v1",-0.119875512139709,0.0778086195829251,30,1.87838196754456
"LeroyDyer/Mixtral_AI_Cyber_3.m2",0.642227934866208,0.0958433681067275,30,1.85649919509888
"Weyaxi/Nous-Hermes-2-SUS-Chat-34B-Linear",-0.227269129592835,0.0767787238006479,30,1.85746216773987
"PotatoB/Mistral-offspring-1-3",0.0623391637130972,0.0852890386126227,30,1.87805128097534
"Radu1999/Mister",-0.0314375625467912,0.0948054853078616,30,1.85716128349304
"Danielbrdz/Barcenas-3.8b",-0.521476378111265,0.106809055103999,30,1.8725905418396
"uukuguy/speechless-orca-platypus-coig-lite-2k-0.6e-13b",-0.888650289318588,0.144650544445624,30,1.85226249694824
"AA051615/L0223",-0.193214042424446,0.0891055334985239,30,1.85215926170349
"InferenceIllusionist/Excalibur-7b-DPO",1.1996327256751,0.0631043500592585,30,1.87334394454956
"Aspik101/StableBeluga-13B-instruct-PL-lora_unload",-0.783660259496513,0.131753917241925,30,1.84879446029663
"psmathur/model_420_preview",-0.275609717884031,0.0829125750683808,30,1.86576008796692
"paloalma/ECE-TW3-JRGL-V1",-0.261561386480308,0.0818718105342335,30,1.85626816749573
"Gryphe/Pantheon-RP-1.0-8b-Llama-3",-0.507415814010253,0.101672262312198,30,1.87232327461243
"mychen76/mistral-7b-merged-dare",1.07365813620927,0.0789690895852474,30,1.85216760635376
"Toten5/Marcoroni-neural-chat-7B-v2",0.792502919458072,0.0826603661273198,30,1.8544762134552
"LeroyDyer/Mixtral_AI_CyberTron",-0.0102821343632783,0.0801694685096597,30,1.87538909912109
"Yuma42/KangalKhan-Beta-Sapphire-7B",0.502669994840946,0.0937911767799418,30,1.85688877105713
"nlpguy/T3QM7",3.31752922672904,0.364621358888568,500,33.1441967487335
"SF-Foundation/Ein-70B-v2",-0.202017117670181,0.0802478837218791,30,1.87598848342896
"adamo1139/Yi-34B-200K-HESOYAM-0905",-0.35981393023355,0.0784641788217045,30,1.85229730606079
"mlabonne/NeuralHermes-2.5-Mistral-7B",0.556954953181605,0.0974518762275183,30,1.8699643611908
"ajibawa-2023/Python-Code-33B",-0.67036724060271,0.132562975502755,30,1.85654067993164
"nbeerbower/bruphin-kappa",1.24585460887442,0.0597161651542675,30,1.85664892196655
"WebraftAI/synapsellm-7b-mistral-v0.5-preview",-0.871905538598348,0.145834671464941,30,1.87214136123657
"Austism/chronos-hermes-13b-v2",-0.750652951821929,0.129174694685383,30,1.8674111366272
"Telugu-LLM-Labs/Indic-gemma-7b-finetuned-sft-Navarasa-2.0",-1.401305265503,0.151093938145645,30,1.87362289428711
"jisukim8873/mistralai-case-0-0",0.0948529919848135,0.0899600648465241,30,1.86053586006165
"The-Face-Of-Goonery/huginnv1.2",-0.737412978803064,0.130480147109716,30,1.8759982585907
"YouKnowMee/Mistral-7b-instruct-v0.2-summ-sft-dpo-ed3",1.9061309490714,0.0983258106895685,30,1.85780596733093
"OpenBuddy/openbuddy-llama2-13b-v11.1-bf16",-1.43451225211333,0.149701785239691,30,1.86981177330017
"logicker/SkkuDS-DPO-72B-v3",-0.276805906561976,0.0782779255675588,30,1.85484147071838
"juhwanlee/llmdo-Mistral-7B-case-7",0.26552024525372,0.107628227550597,30,1.87774038314819
"Radu1999/MisterUkrainian",0.272132158334575,0.104978489283734,30,1.87527060508728
"DreadPoor/EveryNight-7B-slerp",1.23988365695451,0.063357566573363,30,1.85099577903748
"uukuguy/CollectiveCognition-v1.1-Mistral-7B-dare-0.85",0.241816147408706,0.108343381864397,30,1.85334968566895
"zhengchenphd/ICE-GRT",-0.479334865077556,0.092966838124914,30,1.87157273292542
"nbeerbower/llama-3-slerp-kraut-dragon-8B",-0.542669901204861,0.112567525119365,30,1.86107897758484
"kalisai/Nusantara-4b-Indo-Chat",-1.6393659330219,0.117516903311201,30,1.87740230560303
"TheBloke/Llama-2-13B-fp16",-0.890486439179014,0.142113030004415,30,1.85677242279053
"luqmanxyz/Maya_Hermes-2.5-Mistral-7B",0.69295438032776,0.0877708669680523,30,1.85586452484131
"elyza/ELYZA-japanese-Llama-2-13b-instruct",-0.729298349185832,0.127250361842859,30,1.8703784942627
"FelixChao/NinjaDolphin-7B",0.51240551932841,0.0961239833854675,30,1.8563494682312
"FlagAlpha/Llama3-Chinese-8B-Instruct",-0.793522376229893,0.131581753172929,30,1.8790225982666
"vicgalleorg/OpenHermes-Yi-9B",-0.563117971580636,0.120143464880121,30,1.85486578941345
"Xenon1/Xenon-2",-0.226181828783689,0.0776331896374513,30,1.87115812301636
"gagan3012/Multilingual-mistral",-0.199402098220611,0.0774284222518951,30,1.85483145713806
"aari1995/germeo-7b-laser",0.000631211516847527,0.0808204930309084,30,1.85831999778748
"mahiatlinux/MasherAI-7B-v3",0.0179869602050598,0.0867015341139647,30,1.87231969833374
"Langboat/Mengzi3-13B-Base",-1.320011024635,0.164967347636999,30,1.851895570755
"ichigoberry/MonarchPipe-7B-slerp",1.01945817858345,0.0808068651949245,30,1.87422490119934
"nlpguy/Hermes-low-tune-3.1",0.555972911107643,0.0959726192925635,30,1.85035109519958
"ddyuudd/mistral_kmmbr_32_sig",-0.0220505795778977,0.0799994497906055,30,1.87090587615967
"saltlux/luxia-21.4b-alignment-v1.2",1.6842838893609,0.0744512409722228,30,1.85046863555908
"AGI-0/ThetaWave-7B-v0.1",0.513987102551025,0.094018306522984,30,1.86207032203674
"Mihaiii/Pallas-0.3",-0.253556600029221,0.0800522511301981,30,1.86863446235657
"mncai/agiin-13.6B-v0.1",0.974054328692423,0.0827674332196057,30,1.85072827339172
